<?xml version="1.0" encoding="utf-8" ?>
<elements>
	<info>
		<name>Goat</name>
		<description>Goat Background</description>
		<author url="https://www.reddit.com/r/UnearthedArcana/comments/7jnwr5/was_a_goat_for_10_years/">u/_Metabot</author>
		<update version="0.0.1">
			<file name="background-goat.xml" url="https://raw.githubusercontent.com/community-elements/elements-reddit/master/reddit/reddit-unearthed-arcana/backgrounds/background-goat.xml" />
		</update>
	</info>
	
	<element name="Was a Goat for 10 Years" type="Background" source="Reddit: Unearthed Arcana" id="ID_RDDT_BACKGROUND_GOAT">
		<description>
			<p>You have spent the last decade or so living as a goat on an otherwise abandoned island. A number of years ago, you might have had a dispute of some nature with a powerful wizard, who transformed you into a goat. Perhaps there was a mishap involving Magic Jar or he cast True Polymorph on you, as well as Nystal's Magic Aura. Due to the magic imparted on you to turn you into a goat, coupled with the extended amount of time you have been unable to speak with any human company, you have lost much of your previous identity.</p>
			<p class="indent">After a while, you start not to mind the changes to your mind and fully embrace your goat-ness. You've done pretty well as a goat, learning how to bound across your island, never short on food and with few natural predators. As your humanity diminishes you also forget your past experiences and lose interest in your prior life.</p>
			<p class="indent">That is, until recently. A strange turn of events cause you to rematerialize in human form. You are suddenly thrust into a strange world once again as a human, barely remembering how to talk, less alone what to do. The latent magic of your prior transformation has resulted in some changes to physique as well.</p>
			<ul class="unstyled">
				<li><strong>Skill Proficiencies:</strong> Athletics, Animal Handling</li>
				<li><strong>Languages:</strong> One language that you knew 10 years ago</li>
				<li><strong>Tool Proficiencies:</strong> One tool proficiency that you had 10 years ago</li>
				<li><strong>Equipment:</strong> None</li>
			</ul>
			<h5>AMNESIA</h5>
			<p>Over the next couple of hours you recover your basic motor capabilities, and the ability to talk fluently in common. However, past that, your past is murky for you. Work out with your DM some possibilities of your past, your previous background and in particular the details of your fight with the wizard. These details return to you over the course of 1d4 weeks.</p>
			<div element="ID_RDDT_BACKGROUND_FEATURE_GOAT_CHARACTERISTICS" />
			<h5>SUGGESTED CHARACTERISTICS</h5>
			<p>Freshly transformed goats tend to act sort of goat-y. They might bleat as they laugh, and have an unkempt beard. For a while they will be unaccustomed to interacting with the rest of civilized society.</p>
		</description>			
		<rules>
			<grant type="Proficiency" id="ID_PROFICIENCY_SKILL_ATHLETICS" />
			<grant type="Proficiency" id="ID_PROFICIENCY_SKILL_ANIMALHANDLING" />
			<select type="Language" name="Language (Goat)" />
			<select type="Proficiency" name="Tool Proficiency (Goat)" supports="Tool" />
			<grant type="Background Feature" id="ID_RDDT_BACKGROUND_FEATURE_GOAT_CHARACTERISTICS" requirements="!ID_INTERNAL_GRANT_OPTIONAL_BACKGROUND_FEATURE"/>
			<select type="Background Feature" name="Variant Feature" supports="Optional Background Feature" optional="true" />
			<select type="List" name="Personality Trait" number="2">
				<item id="1">I eat like a goat and have bad manners.</item>
				<item id="2">I am fiercely protective of other goats.</item>
				<item id="3">I don't like to bathe.</item>
				<item id="4">I occasionally have the impulse to chew on grass.</item>
			</select>
			<select type="List" name="Ideal">
				<item id="1">Carefree. Having no memory of my past allows me freedom to enjoy the remainder of my life. (Chaotic)</item>
				<item id="2">Revenge. I strive to find out who did this to me and make them pay. (Lawful)</item>
				<item id="3">Curiosity. I want to investigate my past, for no other reason but to understand myself. (Neutral)</item>
				<item id="4">Friendship. I don't know what happened, but I owe my current existence to them. (Good)</item>
				</select>
			<select type="List" name="Bond">
				<item id="1">I remember in particular one face, place, or name that I am sure has to do with my past.</item>
				<item id="2">The one who decided to take me on the adventures: I am fiercely loyal too.</item>
				<item id="3">I have the vague feeling of a something I was tasked with years ago.</item>
				<item id="4">I need to make sure my fate never happens to anyone else.</item>
				</select>
			<select type="List" name="Flaw">
				<item id="1">I am chronically unsure of what to do because of my amnesia.</item>
				<item id="2">I have a massive distrust of arcane spellcasters and become enraged when people mess with my mind.</item>
				<item id="3">When presented with a problem I can become very stubborn.</item>
				<item id="4">Was a goat for 10 years.</item>
				</select>
		</rules>			
	</element>
	
	<element name="Feature: Goat Characteristics" type="Background Feature" source="Reddit: Unearthed Arcana" id="ID_RDDT_BACKGROUND_FEATURE_GOAT_CHARACTERISTICS">
		<supports>Background Feature</supports>
		<description>
			<p>After spending over 10 years as a goat, you have a unique experience known to few in the world. The traits that have served you well as a goat have been honed and then magically amplified when you transformed back into a humanoid. You are more steadfast, and have no difficulty staying surefooted when you climb rocky terrain. Your eyes look extremely distinctive, with rectangular irises that are able see well in dim light. You have two goat-like horns which can cause others to mistake you as a tiefling. Those who are ill disposed towards goats have similar feelings towards you, whereas nonmagical goats trust you unconditionally.</p>
		</description>
		<sheet alt="Goat Characteristics" />
	</element>

</elements>