<?xml version="1.0" encoding="utf-8" ?>
<elements>
	<info>
		<update version="0.0.1">
			<file name="elf-pallid.xml" url="https://raw.githubusercontent.com/aurorabuilder/elements/master/supplements/explorers-guide-to-wildemount/races/elf-pallid.xml" />
		</update>
	</info>
	<element name="Pallid Elf" type="Sub Race" source="Explorer’s Guide to Wildemount" id="ID_WOTC_EGTW_SUB_RACE_PALLID_ELF">
		<supports>Elf</supports>
		<description>
			<p>The pallid elves are a mystical and insightful people with skin as pale as the surface of Exandria’s largest moon. They emerged from the Pallid Grove this century and wander the world with childlike curiosity.</p>
			<p class="indent"><strong><em>Ability Score Increase.</em></strong> Your Wisdom score increases by 1.</p>
			<p class="indent"><strong><em>Incisive Sense.</em></strong> You have advantage on Intelligence (Investigation) and Wisdom (Insight) checks.</p>
			<p class="indent"><strong><em>Blessing of the Moon Weaver.</em></strong> You know the <em>light</em> cantrip. When you reach 3rd level, you can cast the <em>sleep</em> spell once with this trait and regain the ability to do so when you finish a long rest. When you reach 5th level, you can cast the <em>invisibility</em> spell (targeting yourself only) once with this trait and regain the ability to do so when you finish a long rest. Casting these spells with this trait doesn’t require material components. Wisdom is your spellcasting ability for these spells.</p>
		</description>
		<sheet display="false" />
		<rules>
			<stat name="wisdom" value="1" />
			<grant type="Racial Trait" id="ID_WOTC_EGTW_RACIAL_TRAIT_PALLID_INCISIVE_SENSE" />
			<grant type="Racial Trait" id="ID_WOTC_EGTW_RACIAL_TRAIT_PALLID_BLESSING_OF_THE_MOON_WEAVER" />
		</rules>
	</element>
	<element name="Incisive Sense" type="Racial Trait" source="Explorer’s Guide to Wildemount" id="ID_WOTC_EGTW_RACIAL_TRAIT_PALLID_INCISIVE_SENSE">
		<description>
			<p>You have advantage on Intelligence (Investigation) and Wisdom (Insight) checks.</p>
		</description>
		<sheet>
			<description>You have advantage on Investigation and Insight checks.</description>
		</sheet>
	</element>
	<element name="Blessing of the Moon Weaver" type="Racial Trait" source="Explorer’s Guide to Wildemount" id="ID_WOTC_EGTW_RACIAL_TRAIT_PALLID_BLESSING_OF_THE_MOON_WEAVER">
		<description>
			<p>You know the <em>light</em> cantrip. When you reach 3rd level, you can cast the <em>sleep</em> spell once with this trait and regain the ability to do so when you finish a long rest. When you reach 5th level, you can cast the <em>invisibility</em> spell (targeting yourself only) once with this trait and regain the ability to do so when you finish a long rest. Casting these spells with this trait doesn’t require material components. Wisdom is your spellcasting ability for these spells.</p>
		</description>
		<sheet>
			<description>You know the light cantrip.</description>
			<description level="3">You know the light cantrip. You can cast the sleep spell without material components (1/long rest). (Wisdom)</description>
			<description level="5">You know the light cantrip. You can cast the sleep spell and the invisibility spell (targeting yourself only) without material components (1/long rest). (Wisdom)</description>
		</sheet>
		<rules>
			<grant type="Spell" id="ID_PHB_SPELL_LIGHT" />
		</rules>
	</element>
</elements>