<?xml version="1.0" encoding="utf-8" ?>
<elements>
	<info>
		<update version="0.0.1">
			<file name="deities.xml" url="https://raw.githubusercontent.com/aurorabuilder/elements/master/supplements/mythic-odysseys-of-theros/deities.xml" />
		</update>
	</info>
	<element name="Athreos" type="Deity" source="Mythic Odysseys of Theros" id="ID_WOTC_MOOT_DEITY_ATHREOS">
		<description>
			<p>God of Passage</p>
		</description>
		<setters>
			<set name="setting">Theros</set>
			<set name="alignment">LE</set>
			<set name="domains">Death, Grave*</set>
			<set name="symbol">Crescent moon</set>
		</setters>
	</element>
	<element name="Ephara" type="Deity" source="Mythic Odysseys of Theros" id="ID_WOTC_MOOT_DEITY_EPHARA">
		<description>
			<p>God of The polis</p>
		</description>
		<setters>
			<set name="setting">Theros</set>
			<set name="alignment">LN</set>
			<set name="domains">Knowledge, Light</set>
			<set name="symbol">Urn pouring water</set>
		</setters>
	</element>
	<element name="Erebos" type="Deity" source="Mythic Odysseys of Theros" id="ID_WOTC_MOOT_DEITY_EREBOS">
		<description>
			<p>God of The dead</p>
		</description>
		<setters>
			<set name="setting">Theros</set>
			<set name="alignment">NE</set>
			<set name="domains">Death, Trickery</set>
			<set name="symbol">Serene face</set>
		</setters>
	</element>
	<element name="Heliod" type="Deity" source="Mythic Odysseys of Theros" id="ID_WOTC_MOOT_DEITY_HELIOD">
		<description>
			<p>God of The sun</p>
		</description>
		<setters>
			<set name="setting">Theros</set>
			<set name="alignment">LG</set>
			<set name="domains">Light</set>
			<set name="symbol">Laurel crown</set>
		</setters>
	</element>
	<element name="Iroas" type="Deity" source="Mythic Odysseys of Theros" id="ID_WOTC_MOOT_DEITY_IROAS">
		<description>
			<p>God of Victory</p>
		</description>
		<setters>
			<set name="setting">Theros</set>
			<set name="alignment">CG</set>
			<set name="domains">War</set>
			<set name="symbol">Four-winged helmet</set>
		</setters>
	</element>
	<element name="Karametra" type="Deity" source="Mythic Odysseys of Theros" id="ID_WOTC_MOOT_DEITY_KARAMETRA">
		<description>
			<p>God of Harvests</p>
		</description>
		<setters>
			<set name="setting">Theros</set>
			<set name="alignment">NG</set>
			<set name="domains">Life, Nature</set>
			<set name="symbol">Cornucopia</set>
		</setters>
	</element>
	<element name="Keranos" type="Deity" source="Mythic Odysseys of Theros" id="ID_WOTC_MOOT_DEITY_KERANOS">
		<description>
			<p>God of Storms</p>
		</description>
		<setters>
			<set name="setting">Theros</set>
			<set name="alignment">CN</set>
			<set name="domains">Knowledge, Tempest</set>
			<set name="symbol">Blue eye</set>
		</setters>
	</element>
	<element name="Klothys" type="Deity" source="Mythic Odysseys of Theros" id="ID_WOTC_MOOT_DEITY_KLOTHYS">
		<description>
			<p>God of Destiny</p>
		</description>
		<setters>
			<set name="setting">Theros</set>
			<set name="alignment">N</set>
			<set name="domains">Knowledge, War</set>
			<set name="symbol">Drop spindle</set>
		</setters>
	</element>
	<element name="Kruphix" type="Deity" source="Mythic Odysseys of Theros" id="ID_WOTC_MOOT_DEITY_KRUPHIX">
		<description>
			<p>God of Horizons</p>
		</description>
		<setters>
			<set name="setting">Theros</set>
			<set name="alignment">N</set>
			<set name="domains">Knowledge, Trickery</set>
			<set name="symbol">Eight-pointed star</set>
		</setters>
	</element>
	<element name="Mogis" type="Deity" source="Mythic Odysseys of Theros" id="ID_WOTC_MOOT_DEITY_MOGIS">
		<description>
			<p>God of Slaughter</p>
		</description>
		<setters>
			<set name="setting">Theros</set>
			<set name="alignment">CE</set>
			<set name="domains">War</set>
			<set name="symbol">Four-horned bull's head</set>
		</setters>
	</element>
	<element name="Nylea" type="Deity" source="Mythic Odysseys of Theros" id="ID_WOTC_MOOT_DEITY_NYLEA">
		<description>
			<p>God of The hunt</p>
		</description>
		<setters>
			<set name="setting">Theros</set>
			<set name="alignment">NG</set>
			<set name="domains">Nature</set>
			<set name="symbol">Four arrows</set>
		</setters>
	</element>
	<element name="Pharika" type="Deity" source="Mythic Odysseys of Theros" id="ID_WOTC_MOOT_DEITY_PHARIKA">
		<description>
			<p>God of Affliction</p>
		</description>
		<setters>
			<set name="setting">Theros</set>
			<set name="alignment">NE</set>
			<set name="domains">Death, Knowledge, Life</set>
			<set name="symbol">Snakes</set>
		</setters>
	</element>
	<element name="Phenax" type="Deity" source="Mythic Odysseys of Theros" id="ID_WOTC_MOOT_DEITY_PHENAX">
		<description>
			<p>God of Deception</p>
		</description>
		<setters>
			<set name="setting">Theros</set>
			<set name="alignment">CN</set>
			<set name="domains">Trickery</set>
			<set name="symbol">Winged golden mask</set>
		</setters>
	</element>
	<element name="Purphoros" type="Deity" source="Mythic Odysseys of Theros" id="ID_WOTC_MOOT_DEITY_PURPHOROS">
		<description>
			<p>God of The forge</p>
		</description>
		<setters>
			<set name="setting">Theros</set>
			<set name="alignment">CN</set>
			<set name="domains">Forge,* Knowledge</set>
			<set name="symbol">Double crest</set>
		</setters>
	</element>
	<element name="Thassa" type="Deity" source="Mythic Odysseys of Theros" id="ID_WOTC_MOOT_DEITY_THASSA">
		<description>
			<p>God of The sea</p>
		</description>
		<setters>
			<set name="setting">Theros</set>
			<set name="alignment">N</set>
			<set name="domains">Knowledge, Tempest</set>
			<set name="symbol">Waves</set>
		</setters>
	</element>
</elements>