<?xml version="1.0" encoding="utf-8" ?>
<elements>
	<info>
		<name>Tiefling Subraces</name>
		<description>The Tiefling Subraces from Mordenkainen’s Tome of Foes</description>
		<author url="http://dnd.wizards.com/products/tabletop-games/rpg-products/mordenkainens-tome-foes">Wizards of the Coast</author>
		<update version="0.0.2">
			<file name="subrace-tiefling.xml" url="https://raw.githubusercontent.com/aurorabuilder/elements/master/supplements/mordenkainens-tome-of-foes/races/subrace-tiefling.xml" />
		</update>
	</info>

	<!-- Asmodeus -->
	<element name="Tiefling (Asmodeus)" type="Sub Race" source="Mordenkainen’s Tome of Foes" id="ID_WOTC_MTOF_SUBRACE_TIEFLING_ASMODEUS">
		<supports>Tiefling</supports>
		<description>
			<p>The tieflings connected to Nessus command the power of fire and darkness, guided by a keener than normal intellect, as befits those linked to Asmodeus himself. Such tieflings use the Ability Score Increase and Infernal Legacy traits in the Player’s Handbook.</p>
		</description>
		<sheet alt="Tiefling (Asmodeus)" display="false">
			<description>Descended of Asmodeus</description>
		</sheet>
		<rules>
			<!-- default subrace, no changes -->
		</rules>
	</element>
	
	<!-- Baalzebub -->
	<element name="Tiefling (Baalzebub)" type="Sub Race" source="Mordenkainen’s Tome of Foes" id="ID_WOTC_MTOF_SUBRACE_TIEFLING_BAALZEBUB">
		<supports>Tiefling</supports>
		<description>
			<p>The crumbling realm of Maladomini is ruled by Baalzebub, who excels at corrupting those whose minor sins can be transformed into acts of damntaion. Tielflings linked this this archdevil can corrupt others both physically and psychically.</p>
			<p class="indent"><b><i>Ability Score Increase. </i></b>Your Charisma score increases by 2, and your Intelligence score increases by 1.</p>
			<p class="indent"><b><i>Legacy of Maladomini. </i></b>You know the thaumaturgy cantrip. When you reach 3rd level, you can cast the ray of sickness spell as a 2nd-level spell once with this trait and regain the ability to do so when you finish a long rest. When you reach 5th level, you can cast the crown of madness spell once with this trait and regain the ability to do so when you finish a long rest. Charisma is your spellcasting ability for these spells.</p>
		</description>
		<sheet alt="Tiefling (Baalzebub)" display="false">
			<description>Descended of Baalzebub</description>
		</sheet>
		<rules>
			<grant type="Grants" id="ID_INTERNAL_GRANTS_TIEFLING_SUBRACE" />
			<stat name="charisma" value="2"/>
			<stat name="intelligence" value="1"/>
			<grant type="Racial Trait" id="ID_WOTC_MTOF_RACIAL_TRAIT_BAALZEBUB_LEGACY_OF_MALADOMINI" />
		</rules>
	</element>
   <element name="Legacy of Maladomini" type="Racial Trait" source="Mordenkainen’s Tome of Foes" id="ID_WOTC_MTOF_RACIAL_TRAIT_BAALZEBUB_LEGACY_OF_MALADOMINI">
		<description>
			<p>You know the thaumaturgy cantrip. When you reach 3rd level, you can cast the ray of sickness spell as a 2nd-level spell once with this trait and regain the ability to do so when you finish a long rest. When you reach 5th level, you can cast the crown of madness spell once with this trait and regain the ability to do so when you finish a long rest. Charisma is your spellcasting ability for these spells.</p>
		</description>
		<sheet>
			<description>You know the thaumaturgy cantrip. When you reach 3rd level, you can cast the ray of sickness spell as a 2nd-level spell once with this trait and regain the ability to do so when you finish a long rest. When you reach 5th level, you can cast the crown of madness spell once with this trait and regain the ability to do so when you finish a long rest. Charisma is your spellcasting ability for these spells.</description>
		</sheet>
		<rules>
			<grant type="Spell" id="ID_PHB_SPELL_THAUMATURGY" />
			<grant type="Spell" id="ID_PHB_SPELL_RAY_OF_SICKNESS" level="3"/>
			<grant type="Spell" id="ID_PHB_SPELL_CROWN_OF_MADNESS" level="5"/>
		</rules>
	</element>

	<!-- Dispater -->
	<element name="Tiefling (Dispater)" type="Sub Race" source="Mordenkainen’s Tome of Foes" id="ID_WOTC_MTOF_SUBRACE_TIEFLING_DISPATER">
		<supports>Tiefling</supports>
		<description>
			<p>The great city of Dis occupies most of Hell’s second layer. It is a place where secrets are uncovered and shared with the highest bidder, making tieflings tied to Dispayer excellent spies and infiltrators.</p>
			<p class="indent"><b><i>Ability Score Increase. </i></b>Your Charisma score increases by 2, and your Dexterity score increases by 1.</p>
			<p class="indent"><b><i>Legacy of Dis. </i></b>You know the thaumaturgy cantrip. When you reach 3rd level, you can cast the disguise self spell once with this trait and regain the ability to do so when you finish a long rest. When you reach 5th level, you can cast the detect thoughts spell once with this trait and regain the ability to do so when you finish a long rest. Charisma is your spellcasting ability for these spells.</p>
		</description>
		<sheet alt="Tiefling (Dispater)" display="false">
			<description>Descended of Dispater</description>
		</sheet>
		<rules>
			<grant type="Grants" id="ID_INTERNAL_GRANTS_TIEFLING_SUBRACE" />
			<stat name="charisma" value="2"/>
			<stat name="dexterity" value="1"/>
			<grant type="Racial Trait" id="ID_WOTC_MTOF_RACIAL_TRAIT_DISPATER_LEGACY_OF_DIS" />
		</rules>
	</element>
   <element name="Legacy of Dis" type="Racial Trait" source="Mordenkainen’s Tome of Foes" id="ID_WOTC_MTOF_RACIAL_TRAIT_DISPATER_LEGACY_OF_DIS">
		<description>
			<p>You know the thaumaturgy cantrip. When you reach 3rd level, you can cast the disguise self spell once with this trait and regain the ability to do so when you finish a long rest. When you reach 5th level, you can cast the detect thoughts spell once with this trait and regain the ability to do so when you finish a long rest. Charisma is your spellcasting ability for these spells.</p>
		</description>
		<sheet>
			<description>You know the thaumaturgy cantrip. When you reach 3rd level, you can cast the disguise self spell once with this trait and regain the ability to do so when you finish a long rest. When you reach 5th level, you can cast the detect thoughts spell once with this trait and regain the ability to do so when you finish a long rest. Charisma is your spellcasting ability for these spells.</description>
		</sheet>
		<rules>
			<grant type="Spell" id="ID_PHB_SPELL_THAUMATURGY" />
			<grant type="Spell" id="ID_PHB_SPELL_DISGUISE_SELF" level="3"/>
			<grant type="Spell" id="ID_PHB_SPELL_DETECT_THOUGHTS" level="5"/>
		</rules>
	</element>

	<!-- Fierna -->
	<element name="Tiefling (Fierna)" type="Sub Race" source="Mordenkainen’s Tome of Foes" id="ID_WOTC_MTOF_SUBRACE_TIEFLING_FIERNA">
		<supports>Tiefling</supports>
		<description>
			<p>A master manipulator, Fierna grants tieflings tied to her forceful personalities.</p>
			<p class="indent"><b><i>Ability Score Increase. </i></b>Your Charisma score increases by 2, and your Wisdom score increases by 1.</p>
			<p class="indent"><b><i>Legacy of Phlegethos. </i></b>You know the friends cantrip. When you reach 3rd level, you can cast the charm person spell as a 2nd-level spell once with this trait and regain the ability to do so when you finish a long rest. When you reach 5th level, you can cast the suggestion spell once with this trait and regain the ability to do so when you finish a long rest. Charisma is your spellcasting ability for these spells.</p>
		</description>
		<sheet alt="Tiefling (Fierna)" display="false">
			<description>Descended of Fierna</description>
		</sheet>
		<rules>
			<grant type="Grants" id="ID_INTERNAL_GRANTS_TIEFLING_SUBRACE" />
			<stat name="charisma" value="2"/>
			<stat name="wisdom" value="1"/>
			<grant type="Racial Trait" id="ID_WOTC_MTOF_RACIAL_TRAIT_FIERNA_LEGACY_OF_PHLEGETHOS" />
		</rules>
	</element>
   <element name="Legacy of Phlegethos" type="Racial Trait" source="Mordenkainen’s Tome of Foes" id="ID_WOTC_MTOF_RACIAL_TRAIT_FIERNA_LEGACY_OF_PHLEGETHOS">
		<description>
			<p>You know the friends cantrip. When you reach 3rd level, you can cast the charm person spell as a 2nd-level spell once with this trait and regain the ability to do so when you finish a long rest. When you reach 5th level, you can cast the suggestion spell once with this trait and regain the ability to do so when you finish a long rest. Charisma is your spellcasting ability for these spells.</p>
		</description>
		<sheet>
			<description>You know the friends cantrip. When you reach 3rd level, you can cast the charm person spell as a 2nd-level spell once with this trait and regain the ability to do so when you finish a long rest. When you reach 5th level, you can cast the suggestion spell once with this trait and regain the ability to do so when you finish a long rest. Charisma is your spellcasting ability for these spells.</description>
		</sheet>
		<rules>
			<grant type="Spell" id="ID_PHB_SPELL_FRIENDS" />
			<grant type="Spell" id="ID_PHB_SPELL_CHARM_PERSON" level="3"/>
			<grant type="Spell" id="ID_PHB_SPELL_SUGGESTION" level="5"/>
		</rules>
	</element>

	<!-- Glasya -->
	<element name="Tiefling (Glasya)" type="Sub Race" source="Mordenkainen’s Tome of Foes" id="ID_WOTC_MTOF_SUBRACE_TIEFLING_GLASYA">
		<supports>Tiefling</supports>
		<description>
			<p>Glasya, Hell's criminal mastermind, grants her tieflings magic that is useful for committing heists.</p>
			<p class="indent"><b><i>Ability Score Increase. </i></b>Your Charisma score increases by 2, and your Dexterity score increases by 1.</p>
			<p class="indent"><b><i>Legacy of Malbolge. </i></b>You know the minor illusion cantrip. When you reach 3rd level, you can cast the disguise self spell once with this trait and regain the ability to do so when you finish a long rest. When you reach 5th level, you can cast the invisibility spell once with this trait and regain the ability to do so when you finish a long rest. Charisma is your spellcasting ability for these spells.</p>
		</description>
		<sheet alt="Tiefling (Glasya)" display="false">
			<description>Descended of Glasya</description>
		</sheet>
		<rules>
			<grant type="Grants" id="ID_INTERNAL_GRANTS_TIEFLING_SUBRACE" />
			<stat name="charisma" value="2"/>
			<stat name="dexterity" value="1"/>
			<grant type="Racial Trait" id="ID_WOTC_MTOF_RACIAL_TRAIT_GLASYA_LEGACY_OF_MALBOLGE" />
		</rules>
	</element>
   <element name="Legacy of Malbolge" type="Racial Trait" source="Mordenkainen’s Tome of Foes" id="ID_WOTC_MTOF_RACIAL_TRAIT_GLASYA_LEGACY_OF_MALBOLGE">
		<description>
			<p>You know the minor illusion cantrip. When you reach 3rd level, you can cast the disguise self spell once with this trait and regain the ability to do so when you finish a long rest. When you reach 5th level, you can cast the invisibility spell once with this trait and regain the ability to do so when you finish a long rest. Charisma is your spellcasting ability for these spells.</p>
		</description>
		<sheet>
			<description>You know the minor illusion cantrip. When you reach 3rd level, you can cast the disguise self spell once with this trait and regain the ability to do so when you finish a long rest. When you reach 5th level, you can cast the invisibility spell once with this trait and regain the ability to do so when you finish a long rest. Charisma is your spellcasting ability for these spells.</description>
		</sheet>
		<rules>
			<grant type="Spell" id="ID_PHB_SPELL_MINOR_ILLUSION" />
			<grant type="Spell" id="ID_PHB_SPELL_DISGUISE_SELF" level="3"/>
			<grant type="Spell" id="ID_PHB_SPELL_INVISIBILITY" level="5"/>
		</rules>
	</element>

	<!-- Levistus -->
	<element name="Tiefling (Levistus)" type="Sub Race" source="Mordenkainen’s Tome of Foes" id="ID_WOTC_MTOF_SUBRACE_TIEFLING_LEVISTUS">
		<supports>Tiefling</supports>
		<description>
			<p>Frozen Stygia is ruled by Levistus, an archdevil known for offering bargains to those who face an inescapable doom.</p>
			<p class="indent"><b><i>Ability Score Increase. </i></b>Your Charisma score increases by 2, and your Constitution score increases by 1.</p>
			<p class="indent"><b><i>Legacy of Stygia. </i></b>You know the ray of frost cantrip. When you reach 3rd level, you can cast the armor of Agathys spell as a 2nd-level spell once with this trait and regain the ability to do so when you finish a long rest. When you reach 5th level, you can cast the darkness spell once with this trait and regain the ability to do so when you finish a long rest. Charisma is your spellcasting ability for these spells.</p>
		</description>
		<sheet alt="Tiefling (Levistus)" display="false">
			<description>Descended of Levistus</description>
		</sheet>
		<rules>
			<grant type="Grants" id="ID_INTERNAL_GRANTS_TIEFLING_SUBRACE" />
			<stat name="charisma" value="2"/>
			<stat name="constitution" value="1"/>
			<grant type="Racial Trait" id="ID_WOTC_MTOF_RACIAL_TRAIT_LEVISTUS_LEGACY_OF_STYGIA" />
		</rules>
	</element>
   <element name="Legacy of Stygia" type="Racial Trait" source="Mordenkainen’s Tome of Foes" id="ID_WOTC_MTOF_RACIAL_TRAIT_LEVISTUS_LEGACY_OF_STYGIA">
		<description>
			<p>You know the ray of frost cantrip. When you reach 3rd level, you can cast the armor of Agathys spell as a 2nd-level spell once with this trait and regain the ability to do so when you finish a long rest. When you reach 5th level, you can cast the darkness spell once with this trait and regain the ability to do so when you finish a long rest. Charisma is your spellcasting ability for these spells.</p>
		</description>
		<sheet>
			<description>You know the ray of frost cantrip. When you reach 3rd level, you can cast the armor of Agathys spell as a 2nd-level spell once with this trait and regain the ability to do so when you finish a long rest. When you reach 5th level, you can cast the darkness spell once with this trait and regain the ability to do so when you finish a long rest. Charisma is your spellcasting ability for these spells.</description>
		</sheet>
		<rules>
			<grant type="Spell" id="ID_PHB_SPELL_RAY_OF_FROST" />
			<grant type="Spell" id="ID_PHB_SPELL_ARMOR_OF_AGATHYS" level="3"/>
			<grant type="Spell" id="ID_PHB_SPELL_DARKNESS" level="5"/>
		</rules>
	</element>

	<!-- Mammon -->
	<element name="Tiefling (Mammon)" type="Sub Race" source="Mordenkainen’s Tome of Foes" id="ID_WOTC_MTOF_SUBRACE_TIEFLING_MAMMON">
		<supports>Tiefling</supports>
		<description>
			<p>The great miser Mammon loves coins above all else. Tieflings tied to him excel at gathering and safeguarding wealth.</p>
			<p class="indent"><b><i>Ability Score Increase. </i></b>Your Charisma score increases by 2, and your Intelligence score increases by 1.</p>
			<p class="indent"><b><i>Legacy of Minauros. </i></b>You know the mage hand cantrip. When you reach 3rd level, you can cast the Tenser's floating disk spell once with this trait and regain the ability to do so when you finish a short or long rest. When you reach 5th level, you can cast the arcane lock spell once with this trait, requiring no material component, and regain the ability to do so when you finish a long rest. Charisma is your spellcasting ability for these spells.</p>
		</description>
		<sheet alt="Tiefling (Mammon)" display="false">
			<description>Descended of Mammon</description>
		</sheet>
		<rules>
			<grant type="Grants" id="ID_INTERNAL_GRANTS_TIEFLING_SUBRACE" />
			<stat name="charisma" value="2"/>
			<stat name="intelligence" value="1"/>
			<grant type="Racial Trait" id="ID_WOTC_MTOF_RACIAL_TRAIT_MAMMON_LEGACY_OF_MINAUROS" />
		</rules>
	</element>
   <element name="Legacy of Minauros" type="Racial Trait" source="Mordenkainen’s Tome of Foes" id="ID_WOTC_MTOF_RACIAL_TRAIT_MAMMON_LEGACY_OF_MINAUROS">
		<description>
			<p>You know the mage hand cantrip. When you reach 3rd level, you can cast the Tenser's floating disk spell once with this trait and regain the ability to do so when you finish a short or long rest. When you reach 5th level, you can cast the arcane lock spell once with this trait, requiring no material component, and regain the ability to do so when you finish a long rest. Charisma is your spellcasting ability for these spells.</p>
		</description>
		<sheet>
			<description>You know the mage hand cantrip. When you reach 3rd level, you can cast the Tenser's floating disk spell once with this trait and regain the ability to do so when you finish a short or long rest. When you reach 5th level, you can cast the arcane lock spell once with this trait, requiring no material component, and regain the ability to do so when you finish a long rest. Charisma is your spellcasting ability for these spells.</description>
		</sheet>
		<rules>
			<grant type="Spell" id="ID_PHB_SPELL_MAGE_HAND" />
			<grant type="Spell" id="ID_PHB_SPELL_TENSERS_FLOATING_DISK" level="3"/>
			<grant type="Spell" id="ID_PHB_SPELL_ARCANE_LOCK" level="5"/>
		</rules>
	</element>

	<!-- Mephistopheles -->
	<element name="Tiefling (Mephistopheles)" type="Sub Race" source="Mordenkainen’s Tome of Foes" id="ID_WOTC_MTOF_SUBRACE_TIEFLING_MEPHISTOPHELES">
		<supports>Tiefling</supports>
		<description>
			<p>In the frozen realm of Cania, Mephistopheles offers arcane power to those who entreat with him. Tieflings linked to him master some arcane magic.</p>
			<p class="indent"><b><i>Ability Score Increase. </i></b>Your Charisma score increases by 2, and your Intelligence score increases by 1.</p>
			<p class="indent"><b><i>Legacy of Cania. </i></b>You know the mage hand cantrip. When you reach 3rd level, you can cast the burning hands spell as a 2nd-level spell once with this trait and regain the ability to do so when you finish a long rest. When you reach 5th level, you can cast the flame blade spell once with this trait and regain the ability to do so when you finish a long rest. Charisma is your spellcasting ability for these spells.</p>
		</description>
		<sheet alt="Tiefling (Mephistopheles)" display="false">
			<description>Descended of Mephistopheles</description>
		</sheet>
		<rules>
			<grant type="Grants" id="ID_INTERNAL_GRANTS_TIEFLING_SUBRACE" />
			<stat name="charisma" value="2"/>
			<stat name="intelligence" value="1"/>
			<grant type="Racial Trait" id="ID_WOTC_MTOF_RACIAL_TRAIT_MEPHISTOPHELES_LEGACY_OF_CANIA" />
		</rules>
	</element>
   <element name="Legacy of Cania" type="Racial Trait" source="Mordenkainen’s Tome of Foes" id="ID_WOTC_MTOF_RACIAL_TRAIT_MEPHISTOPHELES_LEGACY_OF_CANIA">
		<description>
			<p>You know the mage hand cantrip. When you reach 3rd level, you can cast the burning hands spell as a 2nd-level spell once with this trait and regain the ability to do so when you finish a long rest. When you reach 5th level, you can cast the flame blade spell once with this trait and regain the ability to do so when you finish a long rest. Charisma is your spellcasting ability for these spells.</p>
		</description>
		<sheet>
			<description>You know the mage hand cantrip. When you reach 3rd level, you can cast the burning hands spell as a 2nd-level spell once with this trait and regain the ability to do so when you finish a long rest. When you reach 5th level, you can cast the flame blade spell once with this trait and regain the ability to do so when you finish a long rest. Charisma is your spellcasting ability for these spells.</description>
		</sheet>
		<rules>
			<grant type="Spell" id="ID_PHB_SPELL_MAGE_HAND" />
			<grant type="Spell" id="ID_PHB_SPELL_BURNING_HANDS" level="3"/>
			<grant type="Spell" id="ID_PHB_SPELL_FLAME_BLADE" level="5"/>
		</rules>
	</element>

	<!-- Zariel -->
	<element name="Tiefling (Zariel)" type="Sub Race" source="Mordenkainen’s Tome of Foes" id="ID_WOTC_MTOF_SUBRACE_TIEFLING_ZARIEL">
		<supports>Tiefling</supports>
		<description>
			<p>Tieflings with a blood tie to Zariel are stronger than the typical tiefling and receive magical abilities that aid them in battle.</p>
			<p class="indent"><b><i>Ability Score Increase. </i></b>Your Charisma score increases by 2, and your Strength score increases by 1.</p>
			<p class="indent"><b><i>Legacy of Avernus. </i></b>You know the thaumaturgy cantrip. When you reach 3rd level, you can cast the searing smite spell as a 2nd-level spell once with this trait and regain the ability to do so when you finish a long rest. When you reach 5th level, you can cast the branding smite spell once with this trait and regain the ability to do so when you finish a long rest. Charisma is your spellcasting ability for these spells.</p>
		</description>
		<sheet alt="Tiefling (Zariel)" display="false">
			<description>Descended of Zariel</description>
		</sheet>
		<rules>
			<grant type="Grants" id="ID_INTERNAL_GRANTS_TIEFLING_SUBRACE" />
			<stat name="charisma" value="2"/>
			<stat name="strength" value="1"/>
			<grant type="Racial Trait" id="ID_WOTC_MTOF_RACIAL_TRAIT_ZARIEL_LEGACY_OF_AVERNUS" />
		</rules>
	</element>
   <element name="Legacy of Avernus" type="Racial Trait" source="Mordenkainen’s Tome of Foes" id="ID_WOTC_MTOF_RACIAL_TRAIT_ZARIEL_LEGACY_OF_AVERNUS">
		<description>
			<p>You know the thaumaturgy cantrip. When you reach 3rd level, you can cast the searing smite spell as a 2nd-level spell once with this trait and regain the ability to do so when you finish a long rest. When you reach 5th level, you can cast the branding smite spell once with this trait and regain the ability to do so when you finish a long rest. Charisma is your spellcasting ability for these spells.</p>
			<p class="indent"></p>
		</description>
		<sheet>
			<description>You know the thaumaturgy cantrip. When you reach 3rd level, you can cast the searing smite spell as a 2nd-level spell once with this trait and regain the ability to do so when you finish a long rest. When you reach 5th level, you can cast the branding smite spell once with this trait and regain the ability to do so when you finish a long rest. Charisma is your spellcasting ability for these spells.</description>
		</sheet>
		<rules>
			<grant type="Spell" id="ID_PHB_SPELL_THAUMATURGY" />
			<grant type="Spell" id="ID_PHB_SPELL_SEARING_SMITE" level="3"/>
			<grant type="Spell" id="ID_PHB_SPELL_BRANDING_SMITE" level="5"/>
		</rules>
	</element>
</elements>