<?xml version="1.0" encoding="utf-8" ?>
<elements>
    <info>
        <name>Sea Elf</name>
        <description>The Sea Elf subrace from Mordenkainen’s Tome of Foes</description>
        <author url="http://dnd.wizards.com/products/tabletop-games/rpg-products/mordenkainens-tome-foes">Wizards of the Coast</author>
        <update version="0.0.4">
            <file name="subrace-seaelf.xml" url="https://raw.githubusercontent.com/aurorabuilder/elements/master/supplements/mordenkainens-tome-of-foes/races/subrace-seaelf.xml" />
        </update>
    </info>    
    <element name="Sea Elf" type="Sub Race" source="Mordenkainen’s Tome of Foes" id="ID_WOTC_MTOF_SUBRACE_SEA_ELF">
        <supports>Elf</supports>
        <description>
            <p>Sea elves fell in love with the wild beauty of the ocean in the earliest days of the multiverse. While other elves traveled from realm to realm, the sea elves navigated the deepest currents and explored the waters across a hundred worlds. Today, they live in small, hidden communities in the ocean shallows and on the Elemental Plane of Water.</p>
            <h4>SEA ELF TRAITS</h4>
            <p>Sea elves have the following traits in common, in addition to the traits they share with other elves.</p>
            <p class="indent"><b><i>Ability Score Increase. </i></b>Your Constitution score increases by 1. </p>
            <p class="indent"><b><i>Sea Elf Training. </i></b>You have proficiency with the spear, trident, light crossbow, and net.</p>
            <p class="indent"><b><i>Child of the Sea. </i></b>You have a swimming speed of 30 feet, and you can breathe air and water.</p>
            <p class="indent"><b><i>Friend of the Sea. </i></b>Using gestures and sounds, you can communicate simple ideas with any beast that has an innate swimming speed.</p>
            <p class="indent"><b><i>Languages. </i></b>You can speak, read, and write Aquan.</p>
        </description>
        <sheet display="false" />
        <rules>
            <stat name="constitution" value="1" />
            <grant type="Racial Trait" id="ID_WOTC_MTOF_RACIAL_TRAIT_SEA_ELF_WEAPON_TRAINING" />
            <grant type="Racial Trait" id="ID_WOTC_MTOF_RACIAL_TRAIT_SEA_ELF_CHILD_OF_THE_SEA" />
            <grant type="Racial Trait" id="ID_WOTC_MTOF_RACIAL_TRAIT_SEA_ELF_FRIEND_OF_THE_SEA" />
            <grant type="Language" id="ID_MM_LANGUAGE_AQUAN" />
        </rules>
    </element>
    <element name="Sea Elf Training" type="Racial Trait" source="Mordenkainen’s Tome of Foes" id="ID_WOTC_MTOF_RACIAL_TRAIT_SEA_ELF_WEAPON_TRAINING">
        <description>
            <p>You have proficiency with the spear, trident, light crossbow, and net.</p>
        </description>
        <sheet display="false">
            <description>You have proficiency with the spear, trident, light crossbow, and net.</description>
        </sheet>
        <rules>
            <grant type="Proficiency" id="ID_PROFICIENCY_WEAPON_PROFICIENCY_SPEAR" />
            <grant type="Proficiency" id="ID_PROFICIENCY_WEAPON_PROFICIENCY_TRIDENT" />
            <grant type="Proficiency" id="ID_PROFICIENCY_WEAPON_PROFICIENCY_CROSSBOW_LIGHT" />
            <grant type="Proficiency" id="ID_PROFICIENCY_WEAPON_PROFICIENCY_NET" />
        </rules>
    </element>
    <element name="Child of the Sea" type="Racial Trait" source="Mordenkainen’s Tome of Foes" id="ID_WOTC_MTOF_RACIAL_TRAIT_SEA_ELF_CHILD_OF_THE_SEA">
        <description>
            <p>You have a swimming speed of 30 feet, and you can breathe air and water.</p>
        </description>
        <sheet>
            <description>You have a swimming speed of 30 feet, and you can breathe air and water.</description>
        </sheet>
        <rules>
            <stat name="innate speed:swim" value="30" bonus="base" />
        </rules>
    </element>
    <element name="Friend of the Sea" type="Racial Trait" source="Mordenkainen’s Tome of Foes" id="ID_WOTC_MTOF_RACIAL_TRAIT_SEA_ELF_FRIEND_OF_THE_SEA">
        <description>
            <p>Using gestures and sounds, you can communicate simple ideas with any beast that has an innate swimming speed.</p>
        </description>
        <sheet>
            <description>Using gestures and sounds, you can communicate simple ideas with any beast that has an innate swimming speed.</description>
        </sheet>
    </element>
</elements>