<?xml version="1.0" encoding="utf-8" ?>
<elements>
	<info>
		<name>Deities</name>
		<description>Deities from the Player’s Handbook.</description>
		<author url="http://dnd.wizards.com/products/tabletop-games/rpg-products/rpg_playershandbook">Wizards of the Coast</author>
		<update version="0.2">
			<file name="deities.xml" url="https://raw.githubusercontent.com/aurorabuilder/elements/master/core/players-handbook/deities.xml" />
		</update>
	</info>
	<element name="Auril" type="Deity" source="Player’s Handbook" id="ID_WOTC_PHB_DEITY_AURIL">
		<description>
			<p class="flavor">goddess of winter</p>
		</description>
		<setters>
			<set name="setting">Forgotten Realms</set>
			<set name="alignment">NE</set>
			<set name="domains">Nature, Tempest</set>
			<set name="symbol">Six-pointed snowflake</set>
			<set name="gender">female</set>
		</setters>
		<sheet>
			<description>goddess of winter</description>
		</sheet>
	</element>
	<element name="Azuth" type="Deity" source="Player’s Handbook" id="ID_WOTC_PHB_DEITY_AZUTH">
		<description>
			<p class="flavor">god of wizards</p>
		</description>
		<setters>
			<set name="setting">Forgotten Realms</set>
			<set name="alignment">LN</set>
			<set name="domains">Knowledge</set>
			<set name="symbol">Left hand pointing upward, outlined in fire</set>
			<set name="gender">male</set>
		</setters>
		<sheet>
			<description>god of wizards</description>
		</sheet>
	</element>
	<element name="Bane" type="Deity" source="Player’s Handbook" id="ID_WOTC_PHB_DEITY_BANE">
		<description>
			<p class="flavor">god of tyranny</p>
		</description>
		<setters>
			<set name="setting">Forgotten Realms</set>
			<set name="alignment">LE</set>
			<set name="domains">War</set>
			<set name="symbol">Upright black right hand, thumb and fingers together</set>
			<set name="gender">male</set>
		</setters>
		<sheet>
			<description>god of tyranny</description>
		</sheet>
	</element>
	<element name="Beshaba" type="Deity" source="Player’s Handbook" id="ID_WOTC_PHB_DEITY_BESHABA">
		<description>
			<p class="flavor">goddess of misfortune</p>
		</description>
		<setters>
			<set name="setting">Forgotten Realms</set>
			<set name="alignment">CE</set>
			<set name="domains">Trickery</set>
			<set name="symbol">Black antlers</set>
			<set name="gender">female</set>
		</setters>
		<sheet>
			<description>goddess of misfortune</description>
		</sheet>
	</element>
	<element name="Bhaal" type="Deity" source="Player’s Handbook" id="ID_WOTC_PHB_DEITY_BHAAL">
		<description>
			<p class="flavor">god of murder</p>
		</description>
		<setters>
			<set name="setting">Forgotten Realms</set>
			<set name="alignment">NE</set>
			<set name="domains">Death</set>
			<set name="symbol">Skull surrounded by a ring of blood droplets</set>
			<set name="gender">male</set>
		</setters>
		<sheet>
			<description>god of murder</description>
		</sheet>
	</element>
	<element name="Chauntea" type="Deity" source="Player’s Handbook" id="ID_WOTC_PHB_DEITY_CHAUNTEA">
		<description>
			<p class="flavor">goddess of agriculture</p>
		</description>
		<setters>
			<set name="setting">Forgotten Realms</set>
			<set name="alignment">NG</set>
			<set name="domains">Life</set>
			<set name="symbol">Sheaf of grain or a blooming rose over grain</set>
			<set name="gender">female</set>
		</setters>
		<sheet>
			<description>goddess of agriculture</description>
		</sheet>
	</element>
	<element name="Cyric" type="Deity" source="Player’s Handbook" id="ID_WOTC_PHB_DEITY_CYRIC">
		<description>
			<p class="flavor">god of lies</p>
		</description>
		<setters>
			<set name="setting">Forgotten Realms</set>
			<set name="alignment">CE</set>
			<set name="domains">Trickery</set>
			<set name="symbol">White jawless skull on black or purple sunburst</set>
			<set name="gender">male</set>
		</setters>
		<sheet>
			<description>god of lies</description>
		</sheet>
	</element>
	<element name="Deneir" type="Deity" source="Player’s Handbook" id="ID_WOTC_PHB_DEITY_DENEIR">
		<description>
			<p class="flavor">god of writing</p>
		</description>
		<setters>
			<set name="setting">Forgotten Realms</set>
			<set name="alignment">NG</set>
			<set name="domains">Knowledge</set>
			<set name="symbol">Lit candle above an open eye</set>
			<set name="gender">male</set>
		</setters>
		<sheet>
			<description>god of writing</description>
		</sheet>
	</element>
	<element name="Eldath" type="Deity" source="Player’s Handbook" id="ID_WOTC_PHB_DEITY_ELDATH">
		<description>
			<p class="flavor">goddess of peace</p>
		</description>
		<setters>
			<set name="setting">Forgotten Realms</set>
			<set name="alignment">NG</set>
			<set name="domains">Life, Nature</set>
			<set name="symbol">Waterfall plunging into still pool</set>
			<set name="gender">female</set>
		</setters>
		<sheet>
			<description>goddess of peace</description>
		</sheet>
	</element>
	<element name="Gond" type="Deity" source="Player’s Handbook" id="ID_WOTC_PHB_DEITY_GOND">
		<description>
			<p class="flavor">god of craft</p>
		</description>
		<setters>
			<set name="setting">Forgotten Realms</set>
			<set name="alignment">N</set>
			<set name="domains">Knowledge</set>
			<set name="symbol">Toothed cog with four spokes</set>
			<set name="gender">male</set>
		</setters>
		<sheet>
			<description>god of craft</description>
		</sheet>
	</element>
	<element name="Helm" type="Deity" source="Player’s Handbook" id="ID_WOTC_PHB_DEITY_HELM">
		<description>
			<p class="flavor">god of protection</p>
		</description>
		<setters>
			<set name="setting">Forgotten Realms</set>
			<set name="alignment">LN</set>
			<set name="domains">Life, Light</set>
			<set name="symbol">Staring eye on upright left gauntlet</set>
			<set name="gender">male</set>
		</setters>
		<sheet>
			<description>god of protection</description>
		</sheet>
	</element>
	<element name="Ilmater" type="Deity" source="Player’s Handbook" id="ID_WOTC_PHB_DEITY_ILMATER">
		<description>
			<p class="flavor">god of endurance</p>
		</description>
		<setters>
			<set name="setting">Forgotten Realms</set>
			<set name="alignment">LG</set>
			<set name="domains">Life</set>
			<set name="symbol">Hands bound at the wrist with red cord</set>
			<set name="gender">male</set>
		</setters>
		<sheet>
			<description>god of endurance</description>
		</sheet>
	</element>
	<element name="Kelemvor" type="Deity" source="Player’s Handbook" id="ID_WOTC_PHB_DEITY_KELEMVOR">
		<description>
			<p class="flavor">god of the dead</p>
		</description>
		<setters>
			<set name="setting">Forgotten Realms</set>
			<set name="alignment">LN</set>
			<set name="domains">Death</set>
			<set name="symbol">Upright skeletal arm holding balanced scales</set>
			<set name="gender">male</set>
		</setters>
		<sheet>
			<description>god of the dead</description>
		</sheet>
	</element>
	<element name="Lathander" type="Deity" source="Player’s Handbook" id="ID_WOTC_PHB_DEITY_LATHANDER">
		<description>
			<p class="flavor">god of birth and renewal</p>
		</description>
		<setters>
			<set name="setting">Forgotten Realms</set>
			<set name="alignment">NG</set>
			<set name="domains">Life, Light</set>
			<set name="symbol">Road traveling into a sunrise</set>
			<set name="gender">male</set>
		</setters>
		<sheet>
			<description>god of birth and renewal</description>
		</sheet>
	</element>
	<element name="Leira" type="Deity" source="Player’s Handbook" id="ID_WOTC_PHB_DEITY_LEIRA">
		<description>
			<p class="flavor">goddess of illusion</p>
		</description>
		<setters>
			<set name="setting">Forgotten Realms</set>
			<set name="alignment">CN</set>
			<set name="domains">Trickery</set>
			<set name="symbol">Point-down triangle containing a swirl of mist</set>
			<set name="gender">female</set>
		</setters>
		<sheet>
			<description>goddess of illusion</description>
		</sheet>
	</element>
	<element name="Lliira" type="Deity" source="Player’s Handbook" id="ID_WOTC_PHB_DEITY_LLIIRA">
		<description>
			<p class="flavor">goddess of joy</p>
		</description>
		<setters>
			<set name="setting">Forgotten Realms</set>
			<set name="alignment">CG</set>
			<set name="domains">Life</set>
			<set name="symbol">Triangle of three six-pointed stars</set>
			<set name="gender">female</set>
		</setters>
		<sheet>
			<description>goddess of joy</description>
		</sheet>
	</element>
	<element name="Loviatar" type="Deity" source="Player’s Handbook" id="ID_WOTC_PHB_DEITY_LOVIATAR">
		<description>
			<p class="flavor">goddess of pain</p>
		</description>
		<setters>
			<set name="setting">Forgotten Realms</set>
			<set name="alignment">LE</set>
			<set name="domains">Death</set>
			<set name="symbol">Nine-tailed barbed scourge</set>
			<set name="gender">female</set>
		</setters>
		<sheet>
			<description>goddess of pain</description>
		</sheet>
	</element>
	<element name="Malar" type="Deity" source="Player’s Handbook" id="ID_WOTC_PHB_DEITY_MALAR">
		<description>
			<p class="flavor">god of the hunt</p>
		</description>
		<setters>
			<set name="setting">Forgotten Realms</set>
			<set name="alignment">CE</set>
			<set name="domains">Nature</set>
			<set name="symbol">Clawed paw</set>
			<set name="gender">male</set>
		</setters>
		<sheet>
			<description>god of the hunt</description>
		</sheet>
	</element>
	<element name="Mask" type="Deity" source="Player’s Handbook" id="ID_WOTC_PHB_DEITY_MASK">
		<description>
			<p class="flavor">god of thieves</p>
		</description>
		<setters>
			<set name="setting">Forgotten Realms</set>
			<set name="alignment">CN</set>
			<set name="domains">Trickery</set>
			<set name="symbol">Black mask</set>
			<set name="gender">male</set>
		</setters>
		<sheet>
			<description>god of thieves</description>
		</sheet>
	</element>
	<element name="Mielikki" type="Deity" source="Player’s Handbook" id="ID_WOTC_PHB_DEITY_MIELIKKI">
		<description>
			<p class="flavor">goddess of forests</p>
		</description>
		<setters>
			<set name="setting">Forgotten Realms</set>
			<set name="alignment">NG</set>
			<set name="domains">Nature</set>
			<set name="symbol">Unicorn’s head</set>
			<set name="gender">female</set>
		</setters>
		<sheet>
			<description>goddess of forests</description>
		</sheet>
	</element>
	<element name="Milil" type="Deity" source="Player’s Handbook" id="ID_WOTC_PHB_DEITY_MILIL">
		<description>
			<p class="flavor">god of poetry and song</p>
		</description>
		<setters>
			<set name="setting">Forgotten Realms</set>
			<set name="alignment">NG</set>
			<set name="domains">Light</set>
			<set name="symbol">Five-stringed harp made of leaves</set>
			<set name="gender">male</set>
		</setters>
		<sheet>
			<description>god of poetry and song</description>
		</sheet>
	</element>
	<element name="Myrkul" type="Deity" source="Player’s Handbook" id="ID_WOTC_PHB_DEITY_MYRKUL">
		<description>
			<p class="flavor">god of death</p>
		</description>
		<setters>
			<set name="setting">Forgotten Realms</set>
			<set name="alignment">NE</set>
			<set name="domains">Death</set>
			<set name="symbol">White human skull</set>
			<set name="gender">male</set>
		</setters>
		<sheet>
			<description>god of death</description>
		</sheet>
	</element>
	<element name="Mystra" type="Deity" source="Player’s Handbook" id="ID_WOTC_PHB_DEITY_MYSTRA">
		<description>
			<p class="flavor">goddess of magic</p>
		</description>
		<setters>
			<set name="setting">Forgotten Realms</set>
			<set name="alignment">NG</set>
			<set name="domains">Knowledge</set>
			<set name="symbol">Circle of seven stars, or nine stars encircling a flowing red mist, or a single star</set>
			<set name="gender">female</set>
		</setters>
		<sheet>
			<description>goddess of magic</description>
		</sheet>
	</element>
	<element name="Oghma" type="Deity" source="Player’s Handbook" id="ID_WOTC_PHB_DEITY_OGHMA">
		<description>
			<p class="flavor">god of knowledge</p>
		</description>
		<setters>
			<set name="setting">Forgotten Realms</set>
			<set name="alignment">N</set>
			<set name="domains">Knowledge</set>
			<set name="symbol">Blank scroll</set>
			<set name="gender">male</set>
		</setters>
		<sheet>
			<description>god of knowledge</description>
		</sheet>
	</element>
	<element name="Savras" type="Deity" source="Player’s Handbook" id="ID_WOTC_PHB_DEITY_SAVRAS">
		<description>
			<p class="flavor">god of divination and fate</p>
		</description>
		<setters>
			<set name="setting">Forgotten Realms</set>
			<set name="alignment">LN</set>
			<set name="domains">Knowledge</set>
			<set name="symbol">Crystal ball containing many kinds of eyes</set>
			<set name="gender">male</set>
		</setters>
		<sheet>
			<description>god of divination and fate</description>
		</sheet>
	</element>
	<element name="Selune" type="Deity" source="Player’s Handbook" id="ID_WOTC_PHB_DEITY_SELUNE">
		<description>
			<p class="flavor">goddess of the moon</p>
		</description>
		<setters>
			<set name="setting">Forgotten Realms</set>
			<set name="alignment">CG</set>
			<set name="domains">Knowledge, Life</set>
			<set name="symbol">Pair of eyes surrounded by seven stars</set>
			<set name="gender">female</set>
		</setters>
		<sheet>
			<description>goddess of the moon</description>
		</sheet>
	</element>
	<element name="Shar" type="Deity" source="Player’s Handbook" id="ID_WOTC_PHB_DEITY_SHAR">
		<description>
			<p class="flavor">goddess of darkness and loss</p>
		</description>
		<setters>
			<set name="setting">Forgotten Realms</set>
			<set name="alignment">NE</set>
			<set name="domains">Death, Trickery</set>
			<set name="symbol">Black disk encircled with a border</set>
			<set name="gender">female</set>
		</setters>
		<sheet>
			<description>goddess of darkness and loss</description>
		</sheet>
	</element>
	<element name="Silvanus" type="Deity" source="Player’s Handbook" id="ID_WOTC_PHB_DEITY_SILVANUS">
		<description>
			<p class="flavor">god of wild nature</p>
		</description>
		<setters>
			<set name="setting">Forgotten Realms</set>
			<set name="alignment">N</set>
			<set name="domains">Nature</set>
			<set name="symbol">Oak leaf</set>
			<set name="gender">male</set>
		</setters>
		<sheet>
			<description>god of wild nature</description>
		</sheet>
	</element>
	<element name="Sune" type="Deity" source="Player’s Handbook" id="ID_WOTC_PHB_DEITY_SUNE">
		<description>
			<p class="flavor">goddess of love and beauty</p>
		</description>
		<setters>
			<set name="setting">Forgotten Realms</set>
			<set name="alignment">CG</set>
			<set name="domains">Life, Light</set>
			<set name="symbol">Face of a beautiful red-haired woman</set>
			<set name="gender">female</set>
		</setters>
		<sheet>
			<description>goddess of love and beauty</description>
		</sheet>
	</element>
	<element name="Talona" type="Deity" source="Player’s Handbook" id="ID_WOTC_PHB_DEITY_TALONA">
		<description>
			<p class="flavor">goddess of disease and poison</p>
		</description>
		<setters>
			<set name="setting">Forgotten Realms</set>
			<set name="alignment">CE</set>
			<set name="domains">Death</set>
			<set name="symbol">Three teardrops on a triangle</set>
			<set name="gender">female</set>
		</setters>
		<sheet>
			<description>goddess of disease and poison</description>
		</sheet>
	</element>
	<element name="Talos" type="Deity" source="Player’s Handbook" id="ID_WOTC_PHB_DEITY_TALOS">
		<description>
			<p class="flavor">god of storms</p>
		</description>
		<setters>
			<set name="setting">Forgotten Realms</set>
			<set name="alignment">CE</set>
			<set name="domains">Tempest</set>
			<set name="symbol">Three lightning bolts radiating from a central point</set>
			<set name="gender">male</set>
		</setters>
		<sheet>
			<description>god of storms</description>
		</sheet>
	</element>
	<element name="Tempus" type="Deity" source="Player’s Handbook" id="ID_WOTC_PHB_DEITY_TEMPUS">
		<description>
			<p class="flavor">god of war</p>
		</description>
		<setters>
			<set name="setting">Forgotten Realms</set>
			<set name="alignment">N</set>
			<set name="domains">War</set>
			<set name="symbol">Upright flaming sword</set>
			<set name="gender">male</set>
		</setters>
		<sheet>
			<description>god of war</description>
		</sheet>
	</element>
	<element name="Torm" type="Deity" source="Player’s Handbook" id="ID_WOTC_PHB_DEITY_TORM">
		<description>
			<p class="flavor">god of courage and self-sacrifice</p>
		</description>
		<setters>
			<set name="setting">Forgotten Realms</set>
			<set name="alignment">LG</set>
			<set name="domains">War</set>
			<set name="symbol">White right gauntlet</set>
			<set name="gender">male</set>
		</setters>
		<sheet>
			<description>god of courage and self-sacrifice</description>
		</sheet>
	</element>
	<element name="Tymora" type="Deity" source="Player’s Handbook" id="ID_WOTC_PHB_DEITY_TYMORA">
		<description>
			<p class="flavor">goddess of good fortune</p>
		</description>
		<setters>
			<set name="setting">Forgotten Realms</set>
			<set name="alignment">CG</set>
			<set name="domains">Trickery</set>
			<set name="symbol">Face-up coin</set>
			<set name="gender">female</set>
		</setters>
		<sheet>
			<description>goddess of good fortune</description>
		</sheet>
	</element>
	<element name="Tyr" type="Deity" source="Player’s Handbook" id="ID_WOTC_PHB_DEITY_TYR">
		<description>
			<p class="flavor">god of justice</p>
		</description>
		<setters>
			<set name="setting">Forgotten Realms</set>
			<set name="alignment">LG</set>
			<set name="domains">War</set>
			<set name="symbol">Balanced scales resting on a warhammer</set>
			<set name="gender">male</set>
		</setters>
		<sheet>
			<description>god of justice</description>
		</sheet>
	</element>
	<element name="Umberlee" type="Deity" source="Player’s Handbook" id="ID_WOTC_PHB_DEITY_UMBERLEE">
		<description>
			<p class="flavor">goddess of the sea</p>
		</description>
		<setters>
			<set name="setting">Forgotten Realms</set>
			<set name="alignment">CE</set>
			<set name="domains">Tempest</set>
			<set name="symbol">Wave curling left and right</set>
			<set name="gender">female</set>
		</setters>
		<sheet>
			<description>goddess of the sea</description>
		</sheet>
	</element>
	<element name="Waukeen" type="Deity" source="Player’s Handbook" id="ID_WOTC_PHB_DEITY_WAUKEEN">
		<description>
			<p class="flavor">goddess of trade</p>
		</description>
		<setters>
			<set name="setting">Forgotten Realms</set>
			<set name="alignment">N</set>
			<set name="domains">Knowledge, Trickery</set>
			<set name="symbol">Upright coin with Waukeen’s profile facing left</set>
			<set name="gender">female</set>
		</setters>
		<sheet>
			<description>goddess of trade</description>
		</sheet>
	</element>

	<!-- Greyhawk -->
	<element name="Beory" type="Deity" source="Player’s Handbook" id="ID_WOTC_PHB_DEITY_BEORY">
		<description>
			<p class="flavor">goddess of nature</p>
		</description>
		<setters>
			<set name="setting">Greyhawk</set>
			<set name="alignment">N</set>
			<set name="domains">Nature</set>
			<set name="symbol">Green disk</set>
			<set name="gender">female</set>
		</setters>
		<sheet>
			<description>goddess of nature</description>
		</sheet>
	</element>
	<element name="Boccob" type="Deity" source="Player’s Handbook" id="ID_WOTC_PHB_DEITY_BOCCOB">
		<description>
			<p class="flavor">god of magic</p>
		</description>
		<setters>
			<set name="setting">Greyhawk</set>
			<set name="alignment">N</set>
			<set name="domains">Knowledge</set>
			<set name="symbol">Eye within a pentagram</set>
			<set name="gender">male</set>
		</setters>
		<sheet>
			<description>god of magic</description>
		</sheet>
	</element>
	<element name="Celestian" type="Deity" source="Player’s Handbook" id="ID_WOTC_PHB_DEITY_CELESTIAN">
		<description>
			<p class="flavor">god of stars and wanderers</p>
		</description>
		<setters>
			<set name="setting">Greyhawk</set>
			<set name="alignment">N</set>
			<set name="domains">Knowledge</set>
			<set name="symbol">Arc of seven stars inside a circle</set>
			<set name="gender">male</set>
		</setters>
		<sheet>
			<description>god of stars and wanderers</description>
		</sheet>
	</element>
	<element name="Ehlonna" type="Deity" source="Player’s Handbook" id="ID_WOTC_PHB_DEITY_EHLONNA">
		<description>
			<p class="flavor">goddess of woodlands</p>
		</description>
		<setters>
			<set name="setting">Greyhawk</set>
			<set name="alignment">NG</set>
			<set name="domains">Life, Nature</set>
			<set name="symbol">Unicorn horn</set>
			<set name="gender">female</set>
		</setters>
		<sheet>
			<description>goddess of woodlands</description>
		</sheet>
	</element>
	<element name="Erythnul" type="Deity" source="Player’s Handbook" id="ID_WOTC_PHB_DEITY_ERYTHNUL">
		<description>
			<p class="flavor">god of envy and slaughter</p>
		</description>
		<setters>
			<set name="setting">Greyhawk</set>
			<set name="alignment">CE</set>
			<set name="domains">War</set>
			<set name="symbol">Blood drop</set>
			<set name="gender">male</set>
		</setters>
		<sheet>
			<description>god of envy and slaughter</description>
		</sheet>
	</element>
	<element name="Fharlanghn" type="Deity" source="Player’s Handbook" id="ID_WOTC_PHB_DEITY_FHARLANGHN">
		<description>
			<p class="flavor">god of horizons and travel</p>
		</description>
		<setters>
			<set name="setting">Greyhawk</set>
			<set name="alignment">NG</set>
			<set name="domains">Knowledge, Trickery</set>
			<set name="symbol">Circle crossed by a curved horizon line</set>
			<set name="gender">male</set>
		</setters>
		<sheet>
			<description>god of horizons and travel</description>
		</sheet>
	</element>
	<element name="Heironeous" type="Deity" source="Player’s Handbook" id="ID_WOTC_PHB_DEITY_HEIRONEOUS">
		<description>
			<p class="flavor">god of chivalry and valor</p>
		</description>
		<setters>
			<set name="setting">Greyhawk</set>
			<set name="alignment">LG</set>
			<set name="domains">War</set>
			<set name="symbol">Lightning bolt</set>
			<set name="gender">male</set>
		</setters>
		<sheet>
			<description>god of chivalry and valor</description>
		</sheet>
	</element>
	<element name="Hextor" type="Deity" source="Player’s Handbook" id="ID_WOTC_PHB_DEITY_HEXTOR">
		<description>
			<p class="flavor">god of war and discord</p>
		</description>
		<setters>
			<set name="setting">Greyhawk</set>
			<set name="alignment">LE</set>
			<set name="domains">War</set>
			<set name="symbol">Six arrows facing downward in a fan</set>
			<set name="gender">male</set>
		</setters>
		<sheet>
			<description>god of war and discord</description>
		</sheet>
	</element>
	<element name="Kord" type="Deity" source="Player’s Handbook" id="ID_WOTC_PHB_DEITY_KORD">
		<description>
			<p class="flavor">god of athletics and sport</p>
		</description>
		<setters>
			<set name="setting">Greyhawk</set>
			<set name="alignment">CG</set>
			<set name="domains">Tempest, War</set>
			<set name="symbol">Four spears and four maces radiating out from a central point</set>
			<set name="gender">male</set>
		</setters>
		<sheet>
			<description>god of athletics and sport</description>
		</sheet>
	</element>
	<element name="Incabulos" type="Deity" source="Player’s Handbook" id="ID_WOTC_PHB_DEITY_INCABULOS">
		<description>
			<p class="flavor">god of plague and famine</p>
		</description>
		<setters>
			<set name="setting">Greyhawk</set>
			<set name="alignment">NE</set>
			<set name="domains">Death</set>
			<set name="symbol">Reptilian eye with a horizontal diamond</set>
			<set name="gender">male</set>
		</setters>
		<sheet>
			<description>god of plague and famine</description>
		</sheet>
	</element>
	<element name="Istus" type="Deity" source="Player’s Handbook" id="ID_WOTC_PHB_DEITY_ISTUS">
		<description>
			<p class="flavor">goddess of fate and destiny</p>
		</description>
		<setters>
			<set name="setting">Greyhawk</set>
			<set name="alignment">N</set>
			<set name="domains">Knowledge</set>
			<set name="symbol">Weaver's spindle with three strands</set>
			<set name="gender">female</set>
		</setters>
		<sheet>
			<description>goddess of fate and destiny</description>
		</sheet>
	</element>
	<element name="luz" type="Deity" source="Player’s Handbook" id="ID_WOTC_PHB_DEITY_LUZ">
		<description>
			<p class="flavor">god of pain and oppression</p>
		</description>
		<setters>
			<set name="setting">Greyhawk</set>
			<set name="alignment">CE</set>
			<set name="domains">Death</set>
			<set name="symbol">Grinning human skull</set>
			<set name="gender">male</set>
		</setters>
		<sheet>
			<description>god of pain and oppression</description>
		</sheet>
	</element>
	<element name="Nerull" type="Deity" source="Player’s Handbook" id="ID_WOTC_PHB_DEITY_NERULL">
		<description>
			<p class="flavor">god of death</p>
		</description>
		<setters>
			<set name="setting">Greyhawk</set>
			<set name="alignment">NE</set>
			<set name="domains">Death</set>
			<set name="symbol">Skull with either a sickle or a scythe</set>
			<set name="gender">male</set>
		</setters>
		<sheet>
			<description>god of death</description>
		</sheet>
	</element>
	<element name="Obad-Hai" type="Deity" source="Player’s Handbook" id="ID_WOTC_PHB_DEITY_OBAD_HAI">
		<description>
			<p class="flavor">god of nature</p>
		</description>
		<setters>
			<set name="setting">Greyhawk</set>
			<set name="alignment">N</set>
			<set name="domains">Nature</set>
			<set name="symbol">Oak leaf and acorn</set>
			<set name="gender">male</set>
		</setters>
		<sheet>
			<description>god of nature</description>
		</sheet>
	</element>
	<element name="Olidammara" type="Deity" source="Player’s Handbook" id="ID_WOTC_PHB_DEITY_OLIDAMMARA">
		<description>
			<p class="flavor">god of revelry</p>
		</description>
		<setters>
			<set name="setting">Greyhawk</set>
			<set name="alignment">CN</set>
			<set name="domains">Trickery</set>
			<set name="symbol">Laughing mask</set>
			<set name="gender">male</set>
		</setters>
		<sheet>
			<description>god of revelry</description>
		</sheet>
	</element>
	<element name="Pelor" type="Deity" source="Player’s Handbook" id="ID_WOTC_PHB_DEITY_PELOR">
		<description>
			<p class="flavor">god of the sun and healing</p>
		</description>
		<setters>
			<set name="setting">Greyhawk</set>
			<set name="alignment">NG</set>
			<set name="domains">Life, Light</set>
			<set name="symbol">Sun</set>
			<set name="gender">male</set>
		</setters>
		<sheet>
			<description>god of the sun and healing</description>
		</sheet>
	</element>
	<element name="Pholtus" type="Deity" source="Player’s Handbook" id="ID_WOTC_PHB_DEITY_PHOLTUS">
		<description>
			<p class="flavor">god of light and law</p>
		</description>
		<setters>
			<set name="setting">Greyhawk</set>
			<set name="alignment">LG</set>
			<set name="domains">Light</set>
			<set name="symbol">Silver sun or full moon partially eclipsed by a smaller crescent moon</set>
			<set name="gender">male</set>
		</setters>
		<sheet>
			<description>god of light and law</description>
		</sheet>
	</element>
	<element name="Ralishaz" type="Deity" source="Player’s Handbook" id="ID_WOTC_PHB_DEITY_RALISHAZ">
		<description>
			<p class="flavor">god of ill luck and insanity</p>
		</description>
		<setters>
			<set name="setting">Greyhawk</set>
			<set name="alignment">CN</set>
			<set name="domains">Trickery</set>
			<set name="symbol">Three bone fate-casting sticks</set>
			<set name="gender">male</set>
		</setters>
		<sheet>
			<description>god of ill luck and insanity</description>
		</sheet>
	</element>
	<element name="Rao" type="Deity" source="Player’s Handbook" id="ID_WOTC_PHB_DEITY_RAO">
		<description>
			<p class="flavor">god of peace and reason</p>
		</description>
		<setters>
			<set name="setting">Greyhawk</set>
			<set name="alignment">LG</set>
			<set name="domains">Knowledge</set>
			<set name="symbol">White heart</set>
			<set name="gender">male</set>
		</setters>
		<sheet>
			<description>god of peace and reason</description>
		</sheet>
	</element>
	<element name="St. Cuthbert" type="Deity" source="Player’s Handbook" id="ID_WOTC_PHB_DEITY_ST_CUTHBERT">
		<description>
			<p class="flavor">god of common sense and zeal</p>
		</description>
		<setters>
			<set name="setting">Greyhawk</set>
			<set name="alignment">LN</set>
			<set name="domains">Knowledge</set>
			<set name="symbol">Circle at the center of a starburst of lines</set>
			<set name="gender">male</set>
		</setters>
		<sheet>
			<description>god of common sense and zeal</description>
		</sheet>
	</element>
	<element name="Tharizdun" type="Deity" source="Player’s Handbook" id="ID_WOTC_PHB_DEITY_THARIZDUN">
		<description>
			<p class="flavor">god of eternal darkness</p>
		</description>
		<setters>
			<set name="setting">Greyhawk</set>
			<set name="alignment">CE</set>
			<set name="domains">Trickery</set>
			<set name="symbol">Dark spiral or inverted ziggurat</set>
			<set name="gender">male</set>
		</setters>
		<sheet>
			<description>god of eternal darkness</description>
		</sheet>
	</element>
	<element name="Trithereon" type="Deity" source="Player’s Handbook" id="ID_WOTC_PHB_DEITY_TRITHEREON">
		<description>
			<p class="flavor">god of liberty and retribution</p>
		</description>
		<setters>
			<set name="setting">Greyhawk</set>
			<set name="alignment">CG</set>
			<set name="domains">War</set>
			<set name="symbol">Triskelion</set>
			<set name="gender">male</set>
		</setters>
		<sheet>
			<description>god of liberty and retribution</description>
		</sheet>
	</element>
	<element name="Ulaa" type="Deity" source="Player’s Handbook" id="ID_WOTC_PHB_DEITY_ULAA">
		<description>
			<p class="flavor">goddess of hills and mountains</p>
		</description>
		<setters>
			<set name="setting">Greyhawk</set>
			<set name="alignment">LG</set>
			<set name="domains">Life, War</set>
			<set name="symbol">Mountain with a circle at its heart</set>
			<set name="gender">female</set>
		</setters>
		<sheet>
			<description>goddess of hills and mountains</description>
		</sheet>
	</element>
	<element name="Vecna" type="Deity" source="Player’s Handbook" id="ID_WOTC_PHB_DEITY_VECNA">
		<description>
			<p class="flavor">god of evil secrets</p>
		</description>
		<setters>
			<set name="setting">Greyhawk</set>
			<set name="alignment">NE</set>
			<set name="domains">Knowledge</set>
			<set name="symbol">Hand with eye in the palm</set>
			<set name="gender">male</set>
		</setters>
		<sheet>
			<description>god of evil secrets</description>
		</sheet>
	</element>
	<element name="Wee Jas" type="Deity" source="Player’s Handbook" id="ID_WOTC_PHB_DEITY_WEE_JAS">
		<description>
			<p class="flavor">goddess of magic and death</p>
		</description>
		<setters>
			<set name="setting">Greyhawk</set>
			<set name="alignment">LN</set>
			<set name="domains">Death, Knowledge</set>
			<set name="symbol">Red skull in front of fireball</set>
			<set name="gender">female</set>
		</setters>
		<sheet>
			<description>goddess of magic and death</description>
		</sheet>
	</element>

	<!-- Dragonlance -->
	<element name="Paladine" type="Deity" source="Player’s Handbook" id="ID_WOTC_PHB_DEITY_PALADINE">
		<description>
			<p class="flavor">god of rulers and guardians</p>
		</description>
		<setters>
			<set name="setting">Dragonlance</set>
			<set name="alignment">LG</set>
			<set name="domains">War</set>
			<set name="symbol">Silver triangle</set>
			<set name="gender">male</set>
		</setters>
		<sheet>
			<description>god of rulers and guardians</description>
		</sheet>
	</element>
	<element name="Branchala" type="Deity" source="Player’s Handbook" id="ID_WOTC_PHB_DEITY_BRANCHALA">
		<description>
			<p class="flavor">god of music</p>
		</description>
		<setters>
			<set name="setting">Dragonlance</set>
			<set name="alignment">NG</set>
			<set name="domains">Light</set>
			<set name="symbol">Bard’s harp</set>
			<set name="gender">male</set>
		</setters>
		<sheet>
			<description>god of music</description>
		</sheet>
	</element>
	<element name="Habbakuk" type="Deity" source="Player’s Handbook" id="ID_WOTC_PHB_DEITY_HABBAKUK">
		<description>
			<p class="flavor">god of animal life and the sea</p>
		</description>
		<setters>
			<set name="setting">Dragonlance</set>
			<set name="alignment">NG</set>
			<set name="domains">Nature, Tempest</set>
			<set name="symbol">Blue bird</set>
			<set name="gender">male</set>
		</setters>
		<sheet>
			<description>god of animal life and the sea</description>
		</sheet>
	</element>
	<element name="Kiri-Jolith" type="Deity" source="Player’s Handbook" id="ID_WOTC_PHB_DEITY_KIRI_JOLITH">
		<description>
			<p class="flavor">god of honor and war</p>
		</description>
		<setters>
			<set name="setting">Dragonlance</set>
			<set name="alignment">LG</set>
			<set name="domains">War</set>
			<set name="symbol">Bison’s horns</set>
			<set name="gender">male</set>
		</setters>
		<sheet>
			<description>god of honor and war</description>
		</sheet>
	</element>
	<element name="Majere" type="Deity" source="Player’s Handbook" id="ID_WOTC_PHB_DEITY_MAJERE">
		<description>
			<p class="flavor">god of meditation and order</p>
		</description>
		<setters>
			<set name="setting">Dragonlance</set>
			<set name="alignment">LG</set>
			<set name="domains">Knowledge</set>
			<set name="symbol">Copper spider</set>
			<set name="gender">male</set>
		</setters>
		<sheet>
			<description>god of meditation and order</description>
		</sheet>
	</element>
	<element name="Mishakal" type="Deity" source="Player’s Handbook" id="ID_WOTC_PHB_DEITY_MISHAKAL">
		<description>
			<p class="flavor">goddess of healing</p>
		</description>
		<setters>
			<set name="setting">Dragonlance</set>
			<set name="alignment">LG</set>
			<set name="domains">Knowledge, Life</set>
			<set name="symbol">Blue infinity sign</set>
			<set name="gender">female</set>
		</setters>
		<sheet>
			<description>goddess of healing</description>
		</sheet>
	</element>
	<element name="Solinari" type="Deity" source="Player’s Handbook" id="ID_WOTC_PHB_DEITY_SOLINARI">
		<description>
			<p class="flavor">god of good magic</p>
		</description>
		<setters>
			<set name="setting">Dragonlance</set>
			<set name="alignment">LG</set>
			<set name="domains">no clerics</set>
			<set name="symbol">White circle or sphere</set>
			<set name="gender">male</set>
		</setters>
		<sheet>
			<description>god of good magic</description>
		</sheet>
	</element>
	<element name="Gilean" type="Deity" source="Player’s Handbook" id="ID_WOTC_PHB_DEITY_GILEAN">
		<description>
			<p class="flavor">god of knowledge</p>
		</description>
		<setters>
			<set name="setting">Dragonlance</set>
			<set name="alignment">N</set>
			<set name="domains">Knowledge</set>
			<set name="symbol">Open book</set>
			<set name="gender">male</set>
		</setters>
		<sheet>
			<description>god of knowledge</description>
		</sheet>
	</element>
	<element name="Chislev" type="Deity" source="Player’s Handbook" id="ID_WOTC_PHB_DEITY_CHISLEV">
		<description>
			<p class="flavor">goddess of nature</p>
		</description>
		<setters>
			<set name="setting">Dragonlance</set>
			<set name="alignment">N</set>
			<set name="domains">Nature</set>
			<set name="symbol">Feather</set>
			<set name="gender">female</set>
		</setters>
		<sheet>
			<description>goddess of nature</description>
		</sheet>
	</element>
	<element name="Reorx" type="Deity" source="Player’s Handbook" id="ID_WOTC_PHB_DEITY_REORX">
		<description>
			<p class="flavor">god of craft</p>
		</description>
		<setters>
			<set name="setting">Dragonlance</set>
			<set name="alignment">N</set>
			<set name="domains">Knowledge</set>
			<set name="symbol">Forging hammer</set>
			<set name="gender">male</set>
		</setters>
		<sheet>
			<description>god of craft</description>
		</sheet>
	</element>
	<element name="Shinare" type="Deity" source="Player’s Handbook" id="ID_WOTC_PHB_DEITY_SHINARE">
		<description>
			<p class="flavor">goddess of wealth and trade</p>
		</description>
		<setters>
			<set name="setting">Dragonlance</set>
			<set name="alignment">N</set>
			<set name="domains">Knowledge, Trickery</set>
			<set name="symbol">Griffon’s wing</set>
			<set name="gender">female</set>
		</setters>
		<sheet>
			<description>goddess of wealth and trade</description>
		</sheet>
	</element>
	<element name="Sirrion" type="Deity" source="Player’s Handbook" id="ID_WOTC_PHB_DEITY_SIRRION">
		<description>
			<p class="flavor">god of fire and change</p>
		</description>
		<setters>
			<set name="setting">Dragonlance</set>
			<set name="alignment">N</set>
			<set name="domains">Nature</set>
			<set name="symbol">Multi-colored fire</set>
			<set name="gender">male</set>
		</setters>
		<sheet>
			<description>god of fire and change</description>
		</sheet>
	</element>
	<element name="Zivilyn" type="Deity" source="Player’s Handbook" id="ID_WOTC_PHB_DEITY_ZIVILYN">
		<description>
			<p class="flavor">god of wisdom</p>
		</description>
		<setters>
			<set name="setting">Dragonlance</set>
			<set name="alignment">N</set>
			<set name="domains">Knowledge</set>
			<set name="symbol">Great green or gold tree</set>
			<set name="gender">male</set>
		</setters>
		<sheet>
			<description>god of wisdom</description>
		</sheet>
	</element>
	<element name="Lunitari" type="Deity" source="Player’s Handbook" id="ID_WOTC_PHB_DEITY_LUNITARI">
		<description>
			<p class="flavor">goddess of neutral magic</p>
		</description>
		<setters>
			<set name="setting">Dragonlance</set>
			<set name="alignment">N</set>
			<set name="domains">no clerics</set>
			<set name="symbol">Red circle or sphere</set>
			<set name="gender">female</set>
		</setters>
		<sheet>
			<description>goddess of neutral magic</description>
		</sheet>
	</element>
	<element name="Takhisis" type="Deity" source="Player’s Handbook" id="ID_WOTC_PHB_DEITY_TAKHISIS">
		<description>
			<p class="flavor">goddess of night and hatred</p>
		</description>
		<setters>
			<set name="setting">Dragonlance</set>
			<set name="alignment">LE</set>
			<set name="domains">Death</set>
			<set name="symbol">Black crescent</set>
			<set name="gender">female</set>
		</setters>
		<sheet>
			<description>goddess of night and hatred</description>
		</sheet>
	</element>
	<element name="Chemosh" type="Deity" source="Player’s Handbook" id="ID_WOTC_PHB_DEITY_CHEMOSH">
		<description>
			<p class="flavor">god of the undead</p>
		</description>
		<setters>
			<set name="setting">Dragonlance</set>
			<set name="alignment">LE</set>
			<set name="domains">Death</set>
			<set name="symbol">Yellow skull</set>
			<set name="gender">male</set>
		</setters>
		<sheet>
			<description>god of the undead</description>
		</sheet>
	</element>
	<element name="Hiddukel" type="Deity" source="Player’s Handbook" id="ID_WOTC_PHB_DEITY_HIDDUKEL">
		<description>
			<p class="flavor">god of lies and greed</p>
		</description>
		<setters>
			<set name="setting">Dragonlance</set>
			<set name="alignment">CE</set>
			<set name="domains">Trickery</set>
			<set name="symbol">Broken merchant’s scales</set>
			<set name="gender">male</set>
		</setters>
		<sheet>
			<description>god of lies and greed</description>
		</sheet>
	</element>
	<element name="Morgion" type="Deity" source="Player’s Handbook" id="ID_WOTC_PHB_DEITY_MORGION">
		<description>
			<p class="flavor">god of disease and secrecy</p>
		</description>
		<setters>
			<set name="setting">Dragonlance</set>
			<set name="alignment">NE</set>
			<set name="domains">Death</set>
			<set name="symbol">Hood with two red eyes</set>
			<set name="gender">male</set>
		</setters>
		<sheet>
			<description>god of disease and secrecy</description>
		</sheet>
	</element>
	<element name="Sargonnas" type="Deity" source="Player’s Handbook" id="ID_WOTC_PHB_DEITY_SARGONNAS">
		<description>
			<p class="flavor">god of vengeance and fire</p>
		</description>
		<setters>
			<set name="setting">Dragonlance</set>
			<set name="alignment">LE</set>
			<set name="domains">War</set>
			<set name="symbol">Stylized red condor</set>
			<set name="gender">male</set>
		</setters>
		<sheet>
			<description>god of vengeance and fire</description>
		</sheet>
	</element>
	<element name="Zeboim" type="Deity" source="Player’s Handbook" id="ID_WOTC_PHB_DEITY_ZEBOIM">
		<description>
			<p class="flavor">goddess of the sea and storms</p>
		</description>
		<setters>
			<set name="setting">Dragonlance</set>
			<set name="alignment">CE</set>
			<set name="domains">Tempest</set>
			<set name="symbol">Turtle shell</set>
			<set name="gender">female</set>
		</setters>
		<sheet>
			<description>goddess of the sea and storms</description>
		</sheet>
	</element>
	<element name="Nuitari" type="Deity" source="Player’s Handbook" id="ID_WOTC_PHB_DEITY_NUITARI">
		<description>
			<p class="flavor">god of evil magic</p>
		</description>
		<setters>
			<set name="setting">Dragonlance</set>
			<set name="alignment">LE</set>
			<set name="domains">no clerics</set>
			<set name="symbol">Black circle or sphere</set>
			<set name="gender">male</set>
		</setters>
		<sheet>
			<description>god of evil magic</description>
		</sheet>
	</element>

	<!-- Eberron -->
	<element name="Arawai" type="Deity" source="Player’s Handbook" id="ID_WOTC_PHB_DEITY_ARAWAI">
		<description>
			<p class="flavor">goddess of fertility</p>
		</description>
		<setters>
			<set name="setting">Eberron</set>
			<set name="alignment">NG</set>
			<set name="domains">Life, Nature</set>
			<set name="symbol">Sheaf of wheat tied with green ribbon</set>
			<set name="gender">female</set>
		</setters>
		<sheet>
			<description>goddess of fertility</description>
		</sheet>
	</element>
	<element name="Aureon" type="Deity" source="Player’s Handbook" id="ID_WOTC_PHB_DEITY_AUREON">
		<description>
			<p class="flavor">god of law and knowledge</p>
		</description>
		<setters>
			<set name="setting">Eberron</set>
			<set name="alignment">LN</set>
			<set name="domains">Knowledge</set>
			<set name="symbol">Open tome</set>
			<set name="gender">male</set>
		</setters>
		<sheet>
			<description>god of law and knowledge</description>
		</sheet>
	</element>
	<element name="Balinor" type="Deity" source="Player’s Handbook" id="ID_WOTC_PHB_DEITY_BALINOR">
		<description>
			<p class="flavor">god of beasts and the hunt</p>
		</description>
		<setters>
			<set name="setting">Eberron</set>
			<set name="alignment">N</set>
			<set name="domains">Life, Nature</set>
			<set name="symbol">Pair of antlers</set>
			<set name="gender">male</set>
		</setters>
		<sheet>
			<description>god of beasts and the hunt</description>
		</sheet>
	</element>
	<element name="Boldrei" type="Deity" source="Player’s Handbook" id="ID_WOTC_PHB_DEITY_BOLDREI">
		<description>
			<p class="flavor">goddess of community and home</p>
		</description>
		<setters>
			<set name="setting">Eberron</set>
			<set name="alignment">LG</set>
			<set name="domains">Life</set>
			<set name="symbol">Fire in a stone hearth</set>
			<set name="gender">female</set>
		</setters>
		<sheet>
			<description>goddess of community and home</description>
		</sheet>
	</element>
	<element name="Dol Arrah" type="Deity" source="Player’s Handbook" id="ID_WOTC_PHB_DEITY_DOL_ARRAH">
		<description>
			<p class="flavor">goddess of sunlight and honor</p>
		</description>
		<setters>
			<set name="setting">Eberron</set>
			<set name="alignment">LG</set>
			<set name="domains">Light, War</set>
			<set name="symbol">Rising sun</set>
			<set name="gender">female</set>
		</setters>
		<sheet>
			<description>goddess of sunlight and honor</description>
		</sheet>
	</element>
	<element name="Dol Dorn" type="Deity" source="Player’s Handbook" id="ID_WOTC_PHB_DEITY_DOL_DORN">
		<description>
			<p class="flavor">god of strength at arms</p>
		</description>
		<setters>
			<set name="setting">Eberron</set>
			<set name="alignment">CG</set>
			<set name="domains">War</set>
			<set name="symbol">Longsword crossed over a shield</set>
			<set name="gender">male</set>
		</setters>
		<sheet>
			<description>god of strength at arms</description>
		</sheet>
	</element>
	<element name="Kol Korran" type="Deity" source="Player’s Handbook" id="ID_WOTC_PHB_DEITY_KOL_KORRAN">
		<description>
			<p class="flavor">god of trade and wealth</p>
		</description>
		<setters>
			<set name="setting">Eberron</set>
			<set name="alignment">N</set>
			<set name="domains">Trickery</set>
			<set name="symbol">Nine-sided gold coin</set>
			<set name="gender">male</set>
		</setters>
		<sheet>
			<description>god of trade and wealth</description>
		</sheet>
	</element>
	<element name="Olladra" type="Deity" source="Player’s Handbook" id="ID_WOTC_PHB_DEITY_OLLADRA">
		<description>
			<p class="flavor">goddess of good fortune</p>
		</description>
		<setters>
			<set name="setting">Eberron</set>
			<set name="alignment">NG</set>
			<set name="domains">Life, Trickery</set>
			<set name="symbol">Domino</set>
			<set name="gender">female</set>
		</setters>
		<sheet>
			<description>goddess of good fortune</description>
		</sheet>
	</element>
	<element name="Onatar" type="Deity" source="Player’s Handbook" id="ID_WOTC_PHB_DEITY_ONATAR">
		<description>
			<p class="flavor">god of craft</p>
		</description>
		<setters>
			<set name="setting">Eberron</set>
			<set name="alignment">NG</set>
			<set name="domains">Knowledge</set>
			<set name="symbol">Crossed hammer and tongs</set>
			<set name="gender">male</set>
		</setters>
		<sheet>
			<description>god of craft</description>
		</sheet>
	</element>
	<element name="The Devourer" type="Deity" source="Player’s Handbook" id="ID_WOTC_PHB_DEITY_THE_DEVOURER">
		<description>
			<p class="flavor">god of nature’s wrath</p>
		</description>
		<setters>
			<set name="setting">Eberron</set>
			<set name="alignment">NE</set>
			<set name="domains">Tempest</set>
			<set name="symbol">Bundle of five sharpened bones</set>
			<set name="gender">male</set>
		</setters>
		<sheet>
			<description>god of nature’s wrath</description>
		</sheet>
	</element>
	<element name="The Fury" type="Deity" source="Player’s Handbook" id="ID_WOTC_PHB_DEITY_THE_FURY">
		<description>
			<p class="flavor">goddess of wrath and madness</p>
		</description>
		<setters>
			<set name="setting">Eberron</set>
			<set name="alignment">NE</set>
			<set name="domains">War</set>
			<set name="symbol">Winged wyrm with woman’s head and upper body</set>
			<set name="gender">female</set>
		</setters>
		<sheet>
			<description>goddess of wrath and madness</description>
		</sheet>
	</element>
	<element name="The Keeper" type="Deity" source="Player’s Handbook" id="ID_WOTC_PHB_DEITY_THE_KEEPER">
		<description>
			<p class="flavor">god of greed and death</p>
		</description>
		<setters>
			<set name="setting">Eberron</set>
			<set name="alignment">NE</set>
			<set name="domains">Death</set>
			<set name="symbol">Dragonshard stone in the shape of a fang</set>
			<set name="gender">male</set>
		</setters>
		<sheet>
			<description>god of greed and death</description>
		</sheet>
	</element>
	<element name="The Mockery" type="Deity" source="Player’s Handbook" id="ID_WOTC_PHB_DEITY_THE_MOCKERY">
		<description>
			<p class="flavor">god of violence and treachery</p>
		</description>
		<setters>
			<set name="setting">Eberron</set>
			<set name="alignment">NE</set>
			<set name="domains">War</set>
			<set name="symbol">Five blood-spattered tools</set>
			<set name="gender">male</set>
		</setters>
		<sheet>
			<description>god of violence and treachery</description>
		</sheet>
	</element>
	<element name="The Shadow" type="Deity" source="Player’s Handbook" id="ID_WOTC_PHB_DEITY_THE_SHADOW">
		<description>
			<p class="flavor">god of dark magic</p>
		</description>
		<setters>
			<set name="setting">Eberron</set>
			<set name="alignment">CE</set>
			<set name="domains">Knowledge</set>
			<set name="symbol">Obsidian tower</set>
			<set name="gender">male</set>
		</setters>
		<sheet>
			<description>god of dark magic</description>
		</sheet>
	</element>
	<element name="The Traveler" type="Deity" source="Player’s Handbook" id="ID_WOTC_PHB_DEITY_THE_TRAVELER">
		<description>
			<p class="flavor">deity of chaos and change</p>
		</description>
		<setters>
			<set name="setting">Eberron</set>
			<set name="alignment">CN</set>
			<set name="domains">Knowledge, Trickery</set>
			<set name="symbol">Four crossed, rune-inscribed bones</set>
			<set name="gender"></set>
		</setters>
		<sheet>
			<description>deity of chaos and change</description>
		</sheet>
	</element>
	<element name="The Silver Flame" type="Deity" source="Player’s Handbook" id="ID_WOTC_PHB_DEITY_THE_SILVER_FLAME">
		<description>
			<p class="flavor">deity of protection and good</p>
		</description>
		<setters>
			<set name="setting">Eberron</set>
			<set name="alignment">LG</set>
			<set name="domains">Life, Light, War</set>
			<set name="symbol">Flame drawn on silver or molded from silver</set>
			<set name="gender"></set>
		</setters>
		<sheet>
			<description>deity of protection and good</description>
		</sheet>
	</element>
	<element name="The Blood of Vol" type="Deity" source="Player’s Handbook" id="ID_WOTC_PHB_DEITY_THE_BLOOD_OF_VOL">
		<description>
			<p class="flavor">philosophy of immortality and undeath</p>
		</description>
		<setters>
			<set name="setting">Eberron</set>
			<set name="alignment">LN</set>
			<set name="domains">Death, Life</set>
			<set name="symbol">Stylized dragon skull on red teardrop gem</set>
			<set name="gender">philosophy of immortality and undeath</set>
		</setters>
		<sheet>
			<description>philosophy of immortality and undeath</description>
		</sheet>
	</element>
	<element name="Cults of the Dragon Below" type="Deity" source="Player’s Handbook" id="ID_WOTC_PHB_DEITY_CULTS_OF_THE_DRAGON_BELOW">
		<description>
			<p class="flavor">deities of madness</p>
		</description>
		<setters>
			<set name="setting">Eberron</set>
			<set name="alignment">NE</set>
			<set name="domains">Trickery</set>
			<set name="symbol">Varies</set>
			<set name="gender"></set>
		</setters>
		<sheet>
			<description>deities of madness</description>
		</sheet>
	</element>
	<element name="The Path of Light" type="Deity" source="Player’s Handbook" id="ID_WOTC_PHB_DEITY_THE_PATH_OF_LIGHT">
		<description>
			<p class="flavor">philosophy of light and self-improvement</p>
		</description>
		<setters>
			<set name="setting">Eberron</set>
			<set name="alignment">LN</set>
			<set name="domains">Life, Light</set>
			<set name="symbol">Brilliant crystal</set>
			<set name="gender"></set>
		</setters>
		<sheet>
			<description>philosophy of light and self-improvement</description>
		</sheet>
	</element>
	<element name="The Undying Court" type="Deity" source="Player’s Handbook" id="ID_WOTC_PHB_DEITY_THE_UNDYING_COURT">
		<description>
			<p class="flavor">elven ancestors</p>
		</description>
		<setters>
			<set name="setting">Eberron</set>
			<set name="alignment">NG</set>
			<set name="domains">Knowledge, Life</set>
			<set name="symbol">Varies</set>
			<set name="gender"></set>
		</setters>
		<sheet>
			<description>elven ancestors</description>
		</sheet>
	</element>
	<element name="The Spirits of the Past" type="Deity" source="Player’s Handbook" id="ID_WOTC_PHB_DEITY_THE_SPIRITS_OF_THE_PAST">
		<description>
			<p class="flavor">elven ancestors</p>
		</description>
		<setters>
			<set name="setting">Eberron</set>
			<set name="alignment">CG</set>
			<set name="domains">War</set>
			<set name="symbol">Varies</set>
			<set name="gender"></set>
		</setters>
		<sheet>
			<description>elven ancestors</description>
		</sheet>
	</element>

	<!-- Forgotten Realms -->
	<element name="Bahamut" type="Deity" source="Player’s Handbook" id="ID_WOTC_PHB_DEITY_BAHAMUT">
		<description>
			<p class="flavor">dragon god of good</p>
		</description>
		<setters>
			<set name="setting">Forgotten Realms</set>
			<set name="alignment">LG</set>
			<set name="domains">Life, War</set>
			<set name="symbol">Dragon’s head in profile</set>
			<set name="gender">male</set>
		</setters>
		<sheet>
			<description>dragon god of good</description>
		</sheet>
	</element>
	<element name="Blibdoolpoolp" type="Deity" source="Player’s Handbook" id="ID_WOTC_PHB_DEITY_BLIBDOOLPOOLP">
		<description>
			<p class="flavor">kuo-toa goddess</p>
		</description>
		<setters>
			<set name="setting">Forgotten Realms</set>
			<set name="alignment">NE</set>
			<set name="domains">Death</set>
			<set name="symbol">Lobster head or black pearl</set>
			<set name="gender">female</set>
		</setters>
		<sheet>
			<description>kuo-toa goddess</description>
		</sheet>
	</element>
	<element name="Corellon Larethian" type="Deity" source="Player’s Handbook" id="ID_WOTC_PHB_DEITY_CORELLON_LARETHIAN">
		<description>
			<p class="flavor">elf deity of art and magic</p>
		</description>
		<setters>
			<set name="setting">Forgotten Realms</set>
			<set name="alignment">CG</set>
			<set name="domains">Light</set>
			<set name="symbol">Quarter moon or starburst</set>
			<set name="gender">male</set>
		</setters>
		<sheet>
			<description>elf deity of art and magic</description>
		</sheet>
	</element>
	<element name="Deep Sashelas" type="Deity" source="Player’s Handbook" id="ID_WOTC_PHB_DEITY_DEEP_SASHELAS">
		<description>
			<p class="flavor">elf god of the sea</p>
		</description>
		<setters>
			<set name="setting">Forgotten Realms</set>
			<set name="alignment">CG</set>
			<set name="domains">Nature, Tempest</set>
			<set name="symbol">Dolphin</set>
			<set name="gender">male</set>
		</setters>
		<sheet>
			<description>elf god of the sea</description>
		</sheet>
	</element>
	<element name="Eadro" type="Deity" source="Player’s Handbook" id="ID_WOTC_PHB_DEITY_EADRO">
		<description>
			<p class="flavor">merfolk deity of the sea</p>
		</description>
		<setters>
			<set name="setting">Forgotten Realms</set>
			<set name="alignment">N</set>
			<set name="domains">Nature, Tempest</set>
			<set name="symbol">Spiral design</set>
			<set name="gender">male</set>
		</setters>
		<sheet>
			<description>merfolk deity of the sea</description>
		</sheet>
	</element>
	<element name="Garl Glittergold" type="Deity" source="Player’s Handbook" id="ID_WOTC_PHB_DEITY_GARL_GLITTERGOLD">
		<description>
			<p class="flavor">gnome god of trickery and wiles</p>
		</description>
		<setters>
			<set name="setting">Forgotten Realms</set>
			<set name="alignment">LG</set>
			<set name="domains">Trickery</set>
			<set name="symbol">Gold nugget</set>
			<set name="gender">male</set>
		</setters>
		<sheet>
			<description>gnome god of trickery and wiles</description>
		</sheet>
	</element>
	<element name="Grolantor" type="Deity" source="Player’s Handbook" id="ID_WOTC_PHB_DEITY_GROLANTOR">
		<description>
			<p class="flavor">hill giant god of war</p>
		</description>
		<setters>
			<set name="setting">Forgotten Realms</set>
			<set name="alignment">CE</set>
			<set name="domains">War</set>
			<set name="symbol">Wooden club</set>
			<set name="gender">male</set>
		</setters>
		<sheet>
			<description>hill giant god of war</description>
		</sheet>
	</element>
	<element name="Gruumsh" type="Deity" source="Player’s Handbook" id="ID_WOTC_PHB_DEITY_GRUUMSH">
		<description>
			<p class="flavor">orc god of storms and war</p>
		</description>
		<setters>
			<set name="setting">Forgotten Realms</set>
			<set name="alignment">CE</set>
			<set name="domains">Tempest, War</set>
			<set name="symbol">Unblinking eye</set>
			<set name="gender">male</set>
		</setters>
		<sheet>
			<description>orc god of storms and war</description>
		</sheet>
	</element>
	<element name="Hruggek" type="Deity" source="Player’s Handbook" id="ID_WOTC_PHB_DEITY_HRUGGEK">
		<description>
			<p class="flavor">bugbear god of violence</p>
		</description>
		<setters>
			<set name="setting">Forgotten Realms</set>
			<set name="alignment">CE</set>
			<set name="domains">War</set>
			<set name="symbol">Morningstar</set>
			<set name="gender">male</set>
		</setters>
		<sheet>
			<description>bugbear god of violence</description>
		</sheet>
	</element>
	<element name="Kurtulmak" type="Deity" source="Player’s Handbook" id="ID_WOTC_PHB_DEITY_KURTULMAK">
		<description>
			<p class="flavor">kobold god of war and mining</p>
		</description>
		<setters>
			<set name="setting">Forgotten Realms</set>
			<set name="alignment">LE</set>
			<set name="domains">War</set>
			<set name="symbol">Gnome skull</set>
			<set name="gender">male</set>
		</setters>
		<sheet>
			<description>kobold god of war and mining</description>
		</sheet>
	</element>
	<element name="Laogzed" type="Deity" source="Player’s Handbook" id="ID_WOTC_PHB_DEITY_LAOGZED">
		<description>
			<p class="flavor">troglodyte god of hunger</p>
		</description>
		<setters>
			<set name="setting">Forgotten Realms</set>
			<set name="alignment">CE</set>
			<set name="domains">Death</set>
			<set name="symbol">Image of the lizard/toad god</set>
			<set name="gender">male</set>
		</setters>
		<sheet>
			<description>troglodyte god of hunger</description>
		</sheet>
	</element>
	<element name="Lolth" type="Deity" source="Player’s Handbook" id="ID_WOTC_PHB_DEITY_LOLTH">
		<description>
			<p class="flavor">drow goddess of spiders</p>
		</description>
		<setters>
			<set name="setting">Forgotten Realms</set>
			<set name="alignment">CE</set>
			<set name="domains">Trickery</set>
			<set name="symbol">Spider</set>
			<set name="gender">female</set>
		</setters>
		<sheet>
			<description>drow goddess of spiders</description>
		</sheet>
	</element>
	<element name="Maglubiyet" type="Deity" source="Player’s Handbook" id="ID_WOTC_PHB_DEITY_MAGLUBIYET">
		<description>
			<p class="flavor">goblinoid god of war</p>
		</description>
		<setters>
			<set name="setting">Forgotten Realms</set>
			<set name="alignment">LE</set>
			<set name="domains">War</set>
			<set name="symbol">Bloody axe</set>
			<set name="gender">male</set>
		</setters>
		<sheet>
			<description>goblinoid god of war</description>
		</sheet>
	</element>
	<element name="Moradin" type="Deity" source="Player’s Handbook" id="ID_WOTC_PHB_DEITY_MORADIN">
		<description>
			<p class="flavor">dwarf god of creation</p>
		</description>
		<setters>
			<set name="setting">Forgotten Realms</set>
			<set name="alignment">LG</set>
			<set name="domains">Knowledge</set>
			<set name="symbol">Hammer and anvil</set>
			<set name="gender">male</set>
		</setters>
		<sheet>
			<description>dwarf god of creation</description>
		</sheet>
	</element>
	<element name="Rillifane Rallathil" type="Deity" source="Player’s Handbook" id="ID_WOTC_PHB_DEITY_RILLIFANE_RALLATHIL">
		<description>
			<p class="flavor">wood elf god of nature</p>
		</description>
		<setters>
			<set name="setting">Forgotten Realms</set>
			<set name="alignment">CG</set>
			<set name="domains">Nature</set>
			<set name="symbol">Oak</set>
			<set name="gender">male</set>
		</setters>
		<sheet>
			<description>wood elf god of nature</description>
		</sheet>
	</element>
	<element name="Sehanine Moonbow" type="Deity" source="Player’s Handbook" id="ID_WOTC_PHB_DEITY_SEHANINE_MOONBOW">
		<description>
			<p class="flavor">elf goddess of the moon</p>
		</description>
		<setters>
			<set name="setting">Forgotten Realms</set>
			<set name="alignment">CG</set>
			<set name="domains">Knowledge</set>
			<set name="symbol">Crescent moon</set>
			<set name="gender">female</set>
		</setters>
		<sheet>
			<description>elf goddess of the moon</description>
		</sheet>
	</element>
	<element name="Sekolah" type="Deity" source="Player’s Handbook" id="ID_WOTC_PHB_DEITY_SEKOLAH">
		<description>
			<p class="flavor">sahuagin god of the hunt</p>
		</description>
		<setters>
			<set name="setting">Forgotten Realms</set>
			<set name="alignment">LE</set>
			<set name="domains">Nature, Tempest</set>
			<set name="symbol">Shark</set>
			<set name="gender">male</set>
		</setters>
		<sheet>
			<description>sahuagin god of the hunt</description>
		</sheet>
	</element>
	<element name="Semuanya" type="Deity" source="Player’s Handbook" id="ID_WOTC_PHB_DEITY_SEMUANYA">
		<description>
			<p class="flavor">lizardfolk deity of survival</p>
		</description>
		<setters>
			<set name="setting">Forgotten Realms</set>
			<set name="alignment">N</set>
			<set name="domains">Life</set>
			<set name="symbol">Egg</set>
			<set name="gender">male</set>
		</setters>
		<sheet>
			<description>lizardfolk deity of survival</description>
		</sheet>
	</element>
	<element name="Skerrit" type="Deity" source="Player’s Handbook" id="ID_WOTC_PHB_DEITY_SKERRIT">
		<description>
			<p class="flavor">centaur and satyr god of nature</p>
		</description>
		<setters>
			<set name="setting">Forgotten Realms</set>
			<set name="alignment">N</set>
			<set name="domains">Nature</set>
			<set name="symbol">Oak growing from acorn</set>
			<set name="gender">male</set>
		</setters>
		<sheet>
			<description>centaur and satyr god of nature</description>
		</sheet>
	</element>
	<element name="Skoraeus Stonebones" type="Deity" source="Player’s Handbook" id="ID_WOTC_PHB_DEITY_SKORAEUS_STONEBONES">
		<description>
			<p class="flavor">god of stone giants and art</p>
		</description>
		<setters>
			<set name="setting">Forgotten Realms</set>
			<set name="alignment">N</set>
			<set name="domains">Knowledge</set>
			<set name="symbol">Stalactite</set>
			<set name="gender">male</set>
		</setters>
		<sheet>
			<description>god of stone giants and art</description>
		</sheet>
	</element>
	<element name="Surtur" type="Deity" source="Player’s Handbook" id="ID_WOTC_PHB_DEITY_SURTUR">
		<description>
			<p class="flavor">god of fire giants and craft</p>
		</description>
		<setters>
			<set name="setting">Forgotten Realms</set>
			<set name="alignment">LE</set>
			<set name="domains">Knowledge, War</set>
			<set name="symbol">Flaming sword</set>
			<set name="gender">male</set>
		</setters>
		<sheet>
			<description>god of fire giants and craft</description>
		</sheet>
	</element>
	<element name="Thrym" type="Deity" source="Player’s Handbook" id="ID_WOTC_PHB_DEITY_THRYM">
		<description>
			<p class="flavor">god of frost giants and strength</p>
		</description>
		<setters>
			<set name="setting">Forgotten Realms</set>
			<set name="alignment">CE</set>
			<set name="domains">War</set>
			<set name="symbol">White double-bladed axe</set>
			<set name="gender">male</set>
		</setters>
		<sheet>
			<description>god of frost giants and strength</description>
		</sheet>
	</element>
	<element name="Tiamat" type="Deity" source="Player’s Handbook" id="ID_WOTC_PHB_DEITY_TIAMAT">
		<description>
			<p class="flavor">dragon goddess of evil</p>
		</description>
		<setters>
			<set name="setting">Forgotten Realms</set>
			<set name="alignment">LE</set>
			<set name="domains">Trickery</set>
			<set name="symbol">Dragon head with five claw marks</set>
			<set name="gender">female</set>
		</setters>
		<sheet>
			<description>dragon goddess of evil</description>
		</sheet>
	</element>
	<element name="Yondalla" type="Deity" source="Player’s Handbook" id="ID_WOTC_PHB_DEITY_YONDALLA">
		<description>
			<p class="flavor">halfling goddess of fertility and protection</p>
		</description>
		<setters>
			<set name="setting">Forgotten Realms</set>
			<set name="alignment">LG</set>
			<set name="domains">Life</set>
			<set name="symbol">Shield</set>
			<set name="gender">female</set>
		</setters>
		<sheet>
			<description>halfling goddess of fertility and protection</description>
		</sheet>
	</element>
</elements>