<?xml version="1.0" encoding="utf-8" ?>
<elements>
	<info>
		<name>Adventuring Gear</name>
		<description></description>
		<author url="http://dnd.wizards.com/products/tabletop-games/rpg-products/rpg_playershandbook">Wizards of the Coast</author>
		<update version="0.1.0">
			<file name="items-gear.xml" url="https://raw.githubusercontent.com/aurorabuilder/elements/master/core/players-handbook/items/items-gear.xml" />
		</update>
	</info>

	<element name="Abacus" type="Item" source="Player’s Handbook" id="ID_WOTC_PHB_ITEM_ABACUS">
		<description>
			<p>A standard tool used to make calculations.</p>
		</description>
		<setters>
			<set name="category">Adventuring Gear</set>
			<set name="cost" currency="gp">2</set>
			<set name="weight" lb="2">2 lb.</set>
			<set name="stackable">true</set>
		</setters>
	</element>
	<element name="Acid (vial)" type="Item" source="Player’s Handbook" id="ID_WOTC_PHB_ITEM_ACID_VIAL">
		<description>
			<p>As an action, you can splash the contents of this vial onto a creature within 5 feet of you or throw the vial up to 20 feet, shattering it on impact. In either case, make a ranged attack against a creature or object, treating the acid as an improvised weapon. On a hit, the target takes 2d6 acid damage.</p>
		</description>
		<setters>
			<set name="category">Adventuring Gear</set>
			<set name="cost" currency="gp">25</set>
			<set name="weight" lb="1">1 lb.</set>
			<set name="stackable">true</set>
		</setters>
	</element>
	<element name="Alchemist’s Fire (flask)" type="Item" source="Player’s Handbook" id="ID_WOTC_PHB_ITEM_ALCHEMISTS_FIRE_FLASK">
		<description>
			<p>This sticky, adhesive fluid ignites when exposed to air. As an action, you can throw this flask up to 20 feet, shattering it on impact. Make a ranged attack against a creature or object, treating the alchemist's fire as an improvised weapon. On a hit, the target takes 1d4 fire damage at the start of each of its turns. A creature can end this damage by using its action to make a DC 10 Dexterity check to extinguish the flames.</p>
		</description>
		<setters>
			<set name="category">Adventuring Gear</set>
			<set name="cost" currency="gp">50</set>
			<set name="weight" lb="1">1 lb.</set>
			<set name="stackable">true</set>
		</setters>
	</element>
	<!-- ammunition individual, price and weight recalculated -->
	<element name="Arrow" type="Item" source="Player’s Handbook" id="ID_WOTC_PHB_ITEM_ARROW">
		<description>
			<p>Arrows are used with a bow to make a ranged attack.</p>
		</description>
		<setters>
			<set name="category">Ammunition</set>
			<set name="cost" currency="cp">5</set>
			<set name="weight" lb="0.05">1/20 lb.</set>
			<set name="type">Ammunition</set>
			<set name="stackable">true</set>
		</setters>
	</element>
	<element name="Blowgun Needle" type="Item" source="Player’s Handbook" id="ID_WOTC_PHB_ITEM_BLOWGUNNEEDLE">
		<description>
			<p>Blowgun needles are used with a blowgun to make a ranged attack.</p>
		</description>
		<setters>
			<set name="category">Ammunition</set>
			<set name="cost" currency="cp" bulk="50">2</set> 
			<set name="weight" lb="0.02">1/50 lb.</set>
			<set name="type">Ammunition</set>
			<set name="stackable">true</set>
		</setters>
	</element>
	<element name="Crossbow Bolt" type="Item" source="Player’s Handbook" id="ID_WOTC_PHB_ITEM_CROSSBOWBOLT">
		<description>
			<p>Crossbow bolts are used with a crossbow to make a ranged attack.</p>
		</description>
		<setters>
			<set name="category">Ammunition</set>
			<set name="cost" currency="cp">5</set>
			<set name="weight" lb="0.05">1/20 lb.</set>
			<set name="type">Ammunition</set>
			<set name="stackable">true</set>
		</setters>
	</element>
	<element name="Sling Bullet" type="Item" source="Player’s Handbook" id="ID_WOTC_PHB_ITEM_SLINGBULLET">
		<description>
			<p>Sling bullets are used with a sling to make a ranged attack.</p>
		</description>
		<setters>
			<set name="category">Ammunition</set>
			<set name="cost" currency="cp" bulk="5">1</set>
			<set name="weight" lb="0.075">75/1000 lb.</set>
			<set name="type">Ammunition</set>
			<set name="stackable">true</set>
		</setters>
	</element>
	<element name="Antitoxin (vial)" type="Item" source="Player’s Handbook" id="ID_WOTC_PHB_ITEM_ANTITOXIN_VIAL">
		<description>
			<p>A creature that drinks this vial of liquid gains advantage on saving throws against poison for 1 hour. It confers no benefit to undead or constructs.</p>
		</description>
		<setters>
			<set name="category">Adventuring Gear</set>
			<set name="cost" currency="gp">50</set>
			<set name="weight" lb="0">—</set>
			<set name="stackable">true</set>
		</setters>
	</element>
	<element name="Crystal" type="Item" source="Player’s Handbook" id="ID_WOTC_PHB_ITEM_CRYSTAL">
		<description>
			<p>An arcane focus is a special item— an orb, a crystal, a rod, a specially constructed staff, a wand—like length of wood, or some similar item designed to channel the power of arcane spells. A sorcerer, warlock, or wizard can use such an item as a spellcasting focus.</p>
		</description>
		<setters>
			<set name="category">Spellcasting Focus</set>
			<set name="cost" currency="gp">10</set>
			<set name="weight" lb="1">1 lb.</set>
			<set name="container">Arcane Focus</set>
			<set name="slot">onehand</set>
		</setters>
	</element>
	<element name="Orb" type="Item" source="Player’s Handbook" id="ID_WOTC_PHB_ITEM_ORB">
		<description>
			<p>An arcane focus is a special item—an orb, a crystal, a rod, a specially constructed staff, a wand—like length of wood, or some similar item designed to channel the power of arcane spells. A sorcerer, warlock, or wizard can use such an item as a spellcasting focus.</p>
		</description>
		<setters>
			<set name="category">Spellcasting Focus</set>
			<set name="cost" currency="gp">20</set>
			<set name="weight" lb="3">3 lb.</set>
			<set name="container">Arcane Focus</set>
			<set name="slot">onehand</set>
		</setters>
	</element>
	<element name="Rod" type="Item" source="Player’s Handbook" id="ID_WOTC_PHB_ITEM_ROD">
		<description>
			<p>An arcane focus is a special item—an orb, a crystal, a rod, a specially constructed staff, a wand—like length of wood, or some similar item designed to channel the power of arcane spells. A sorcerer, warlock, or wizard can use such an item as a spellcasting focus.</p>
		</description>
		<setters>
			<set name="category">Spellcasting Focus</set>
			<set name="cost" currency="gp">1</set>
			<set name="weight" lb="2">2 lb.</set>
			<set name="container">Arcane Focus</set>
			<set name="slot">onehand</set>
		</setters>
	</element>
	<element name="Staff" type="Item" source="Player’s Handbook" id="ID_WOTC_PHB_ITEM_STAFF">
		<description>
			<p>An arcane focus is a special item—an orb, a crystal, a rod, a specially constructed staff, a wand—like length of wood, or some similar item designed to channel the power of arcane spells. A sorcerer, warlock, or wizard can use such an item as a spellcasting focus.</p>
		</description>
		<setters>
			<set name="category">Spellcasting Focus</set>
			<set name="cost" currency="gp">5</set>
			<set name="weight" lb="4">4 lb.</set>
			<set name="container">Arcane Focus</set>
			<set name="slot">onehand</set>
		</setters>
	</element>
	<element name="Wand" type="Item" source="Player’s Handbook" id="ID_WOTC_PHB_ITEM_WAND">
		<description>
			<p>An arcane focus is a special item—an orb, a crystal, a rod, a specially constructed staff, a wand—like length of wood, or some similar item designed to channel the power of arcane spells. A sorcerer, warlock, or wizard can use such an item as a spellcasting focus.</p>
		</description>
		<setters>
			<set name="category">Spellcasting Focus</set>
			<set name="cost" currency="gp">10</set>
			<set name="weight" lb="1">1 lb.</set>
			<set name="container">Arcane Focus</set>
			<set name="slot">onehand</set>
		</setters>
	</element>
	<element name="Backpack" type="Item" source="Player’s Handbook" id="ID_WOTC_PHB_ITEM_BACKPACK">
		<description>
			<p>A backpack is a leather pack carried on the back, typically with straps to secure it. A backpack can hold 1 cubic foot/ 30 pounds of gear.</p>
			<p class="indent">You can also strap items, such as a bedroll or a coil of rope, to the outside of a backpack.</p>
		</description>
		<setters>
			<set name="category">Adventuring Gear</set>
			<set name="cost" currency="gp">2</set>
			<set name="weight" lb="5">5 lb.</set>
		</setters>
	</element>
	<element name="Ball Bearings (bag of 1,000)" type="Item" source="Player’s Handbook" id="ID_WOTC_PHB_ITEM_BALLBEARINGS">
		<description>
			<p>As an action, you can spill these tiny metal balls from their pouch to cover a level, square area that is 10 feet on a side. A creature moving across the covered area must succeed on a DC 10 Dexterity saving throw or fall prone. A creature moving through the area at half speed doesn’t need to make the save.</p>
		</description>
		<setters>
			<set name="category">Adventuring Gear</set>
			<set name="cost" currency="gp">1</set>
			<set name="weight" lb="2">2 lb.</set>
			<set name="stackable">true</set>
		</setters>
	</element>
	<element name="Barrel" type="Item" source="Player’s Handbook" id="ID_WOTC_PHB_ITEM_BARREL">
		<description>
			<p></p>
		</description>
		<setters>
			<set name="category">Adventuring Gear</set>
			<set name="cost" currency="gp">2</set>
			<set name="weight" lb="70">70 lb.</set>
		</setters>
	</element>
	<element name="Basket" type="Item" source="Player’s Handbook" id="ID_WOTC_PHB_ITEM_BASKET">
		<description>
			<p></p>
		</description>
		<setters>
			<set name="category">Adventuring Gear</set>
			<set name="cost" currency="sp">4</set>
			<set name="weight" lb="2">2 lb.</set>
		</setters>
	</element>
	<element name="Bedroll" type="Item" source="Player’s Handbook" id="ID_WOTC_PHB_ITEM_BEDROLL">
		<description>
			<p></p>
		</description>
		<setters>
			<set name="category">Adventuring Gear</set>
			<set name="cost" currency="gp">1</set>
			<set name="weight" lb="7">7 lb.</set>
			<set name="stackable">true</set>
		</setters>
	</element>
	<element name="Bell" type="Item" source="Player’s Handbook" id="ID_WOTC_PHB_ITEM_BELL">
		<description>
			<p></p>
		</description>
		<setters>
			<set name="category">Adventuring Gear</set>
			<set name="cost" currency="gp">1</set>
			<set name="weight" lb="0">—</set>
			<set name="stackable">true</set>
		</setters>
	</element>
	<element name="Blanket" type="Item" source="Player’s Handbook" id="ID_WOTC_PHB_ITEM_BLANKET">
		<description>
			<p></p>
		</description>
		<setters>
			<set name="category">Adventuring Gear</set>
			<set name="cost" currency="sp">5</set>
			<set name="weight" lb="3">3 lb.</set>
			<set name="stackable">true</set>
		</setters>
	</element>
	<element name="Block and Tackle" type="Item" source="Player’s Handbook" id="ID_WOTC_PHB_ITEM_BLOCKANDTACKLE">
		<description>
			<p>A set of pulleys with a cable threaded through them and a hook to attach to objects, a block and tackle allows you to hoist up to four times the weight you can normally lift. </p>
		</description>
		<setters>
			<set name="category">Adventuring Gear</set>
			<set name="cost" currency="gp">1</set>
			<set name="weight" lb="5">5 lb.</set>
			<set name="stackable">true</set>
		</setters>
	</element>
	<element name="Book" type="Item" source="Player’s Handbook" id="ID_WOTC_PHB_ITEM_BOOK">
		<description>
			<p>A book might contain poetry, historical accounts, information pertaining to a particular field of lore, diagrams and notes on gnomish contraptions, or just about anything else that can be represented using text or pictures. A book of spells is a spellbook (described later in this section).</p>
		</description>
		<setters>
			<set name="category">Adventuring Gear</set>
			<set name="cost" currency="gp">25</set>
			<set name="weight" lb="5">5 lb.</set>
			<set name="stackable">true</set>
		</setters>
	</element>
	<element name="Bottle, Glass" type="Item" source="Player’s Handbook" id="ID_WOTC_PHB_ITEM_BOTTLE_GLASS">
		<description>
			<p></p>
		</description>
		<setters>
			<set name="category">Adventuring Gear</set>
			<set name="cost" currency="gp">2</set>
			<set name="weight" lb="2">2 lb.</set>
			<set name="stackable">true</set>
		</setters>
	</element>
	<element name="Bucket" type="Item" source="Player’s Handbook" id="ID_WOTC_PHB_ITEM_BUCKET">
		<description>
			<p></p>
		</description>
		<setters>
			<set name="category">Adventuring Gear</set>
			<set name="cost" currency="cp">5</set>
			<set name="weight" lb="2">2 lb.</set>
			<set name="stackable">true</set>
		</setters>
	</element>
	<element name="Caltrops (bag of 20)" type="Item" source="Player’s Handbook" id="ID_WOTC_PHB_ITEM_CALTROPS_BAGOF20">
		<description>
			<p>As an action, you can spread a bag of caltrops to cover a square area that is 5 feet on a side. Any creature that enters the area must succeed on a DC 15 Dexterity saving throw or stop moving this turn and take 1 piercing damage. Taking this damage reduces the creature’s walking speed by 10 feet until the creature regains at least 1 hit point. A creature moving through the area at half speed doesn’t need to make the save.</p>
		</description>
		<setters>
			<set name="category">Adventuring Gear</set>
			<set name="cost" currency="gp">1</set>
			<set name="weight" lb="2">2 lb.</set>
			<set name="stackable">true</set>
		</setters>
	</element>
	<element name="Candle" type="Item" source="Player’s Handbook" id="ID_WOTC_PHB_ITEM_CANDLE">
		<description>
			<p>For 1 hour, a candle sheds bright light in a 5-foot radius and dim light for an additional 5 feet.</p>
		</description>
		<setters>
			<set name="category">Adventuring Gear</set>
			<set name="cost" currency="cp">1</set>
			<set name="weight" lb="0">—</set>
			<set name="stackable">true</set>
		</setters>
	</element>
	<element name="Case, Crossbow Bolt" type="Item" source="Player’s Handbook" id="ID_WOTC_PHB_ITEM_CASE_CROSSBOWBOLT">
		<description>
			<p>This wooden case can hold up to twenty crossbow bolts.</p>
		</description>
		<setters>
			<set name="category">Adventuring Gear</set>
			<set name="cost" currency="gp">1</set>
			<set name="weight" lb="1">1 lb.</set>
		</setters>
	</element>
	<element name="Case, Map or Scroll" type="Item" source="Player’s Handbook" id="ID_WOTC_PHB_ITEM_CASE_MAPORSCROLL">
		<description>
			<p>This cylindrical leather case can hold up to ten rolled-up sheets of paper or five rolled-up sheets of parchment. </p>
		</description>
		<setters>
			<set name="category">Adventuring Gear</set>
			<set name="cost" currency="gp">1</set>
			<set name="weight" lb="1">1 lb.</set>
		</setters>
	</element>
	<element name="Chain (10 feet)" type="Item" source="Player’s Handbook" id="ID_WOTC_PHB_ITEM_CHAIN_10FEET">
		<description>
			<p>A chain has 10 hit points. It can be burst with a successful DC 20 Strength check. </p>
		</description>
		<setters>
			<set name="category">Adventuring Gear</set>
			<set name="cost" currency="gp">5</set>
			<set name="weight" lb="10">10 lb.</set>
			<set name="stackable">true</set>
		</setters>
	</element>
	<element name="Chalk" type="Item" source="Player’s Handbook" id="ID_WOTC_PHB_ITEM_CHALK_1PIECE">
		<description>
			<p></p>
		</description>
		<setters>
			<set name="category">Adventuring Gear</set>
			<set name="cost" currency="cp">1</set>
			<set name="weight" lb="0">—</set>
			<set name="stackable">true</set>
		</setters>
	</element>
	<element name="Chest" type="Item" source="Player’s Handbook" id="ID_WOTC_PHB_ITEM_CHEST">
		<description>
			<p></p>
		</description>
		<setters>
			<set name="category">Adventuring Gear</set>
			<set name="cost" currency="gp">5</set>
			<set name="weight" lb="25">25 lb.</set>
		</setters>
	</element>
	<element name="Climber’s Kit" type="Item" source="Player’s Handbook" id="ID_WOTC_PHB_ITEM_CLIMBERSKIT">
		<description>
			<p>A climber’s kit includes special pitons, boot tips, gloves, and a harness. You can use the climber’s kit as an action to anchor yourself; when you do, you can’t fall more than 25 feet from the point where you anchored yourself, and you can’t climb more than 25 feet away from that point without undoing the anchor.</p>
		</description>
		<setters>
			<set name="category">Adventuring Gear</set>
			<set name="cost" currency="gp">25</set>
			<set name="weight" lb="12">12 lb.</set>
			<set name="stackable">true</set>
		</setters>
	</element>
	<element name="Clothes, Common" type="Item" source="Player’s Handbook" id="ID_WOTC_PHB_ITEM_CLOTHES_COMMON">
		<description>
			<p></p>
		</description>
		<setters>
			<set name="category">Adventuring Gear</set>
			<set name="cost" currency="sp">5</set>
			<set name="weight" lb="3">3 lb.</set>
		</setters>
	</element>
	<element name="Clothes, Costume" type="Item" source="Player’s Handbook" id="ID_WOTC_PHB_ITEM_CLOTHES_COSTUME">
		<description>
			<p></p>
		</description>
		<setters>
			<set name="category">Adventuring Gear</set>
			<set name="cost" currency="gp">5</set>
			<set name="weight" lb="4">4 lb.</set>
		</setters>
	</element>
	<element name="Clothes, Fine" type="Item" source="Player’s Handbook" id="ID_WOTC_PHB_ITEM_CLOTHES_FINE">
		<description>
			<p></p>
		</description>
		<setters>
			<set name="category">Adventuring Gear</set>
			<set name="cost" currency="gp">15</set>
			<set name="weight" lb="6">6 lb.</set>
		</setters>
	</element>
	<element name="Clothes, Traveler’s" type="Item" source="Player’s Handbook" id="ID_WOTC_PHB_ITEM_CLOTHES_TRAVELERS">
		<description>
			<p></p>
		</description>
		<setters>
			<set name="category">Adventuring Gear</set>
			<set name="cost" currency="gp">2</set>
			<set name="weight" lb="4">4 lb.</set>
		</setters>
	</element>
	<element name="Component Pouch" type="Item" source="Player’s Handbook" id="ID_WOTC_PHB_ITEM_COMPONENTPOUCH">
		<description>
			<p>A component pouch is a small, watertight leather belt pouch that has compartments to hold all the material components and other special items you need to cast your spells, except for those components that have a specific cost (as indicated in a spell's description).</p>
		</description>
		<setters>
			<set name="category">Adventuring Gear</set>
			<set name="cost" currency="gp">25</set>
			<set name="weight" lb="2">2 lb.</set>
		</setters>
	</element>
	<element name="Crowbar" type="Item" source="Player’s Handbook" id="ID_WOTC_PHB_ITEM_CROWBAR">
		<description>
			<p>Using a crowbar grants advantage to Strength checks where the crowbar’s leverage can be applied.</p>
		</description>
		<setters>
			<set name="category">Adventuring Gear</set>
			<set name="cost" currency="gp">2</set>
			<set name="weight" lb="5">5 lb.</set>
			<set name="stackable">true</set>
		</setters>
	</element>
	<element name="Sprig of Mistletoe" type="Item" source="Player’s Handbook" id="ID_WOTC_PHB_ITEM_SPRIGOFMISTLETOE">
		<description>
			<p>A druidic focus might be a sprig of mistletoe or holly, a wand or scepter made of yew or another special wood, a staff drawn whole out of a living tree, or a totem object incorporating feathers, fur, bones, and teeth from sacred animals. A druid can use such an object as a spellcasting focus.</p>
		</description>
		<setters>
			<set name="category">Spellcasting Focus</set>
			<set name="cost" currency="gp">1</set>
			<set name="weight" lb="0">—</set>
			<set name="container">Druidic Focus</set>
			<set name="slot">onehand</set>
		</setters>
	</element>
	<element name="Totem" type="Item" source="Player’s Handbook" id="ID_WOTC_PHB_ITEM_TOTEM">
		<description>
			<p>A druidic focus might be a sprig of mistletoe or holly, a wand or scepter made of yew or another special wood, a staff drawn whole out of a living tree, or a totem object incorporating feathers, fur, bones, and teeth from sacred animals. A druid can use such an object as a spellcasting focus.</p>
		</description>
		<setters>
			<set name="category">Spellcasting Focus</set>
			<set name="cost" currency="gp">1</set>
			<set name="weight" lb="0">—</set>
			<set name="container">Druidic Focus</set>
			<set name="slot">onehand</set>
		</setters>
	</element>
	<element name="Wooden Staff" type="Item" source="Player’s Handbook" id="ID_WOTC_PHB_ITEM_WOODENSTAFF">
		<description>
			<p>A druidic focus might be a sprig of mistletoe or holly, a wand or scepter made of yew or another special wood, a staff drawn whole out of a living tree, or a totem object incorporating feathers, fur, bones, and teeth from sacred animals. A druid can use such an object as a spellcasting focus.</p>
		</description>
		<setters>
			<set name="category">Spellcasting Focus</set>
			<set name="cost" currency="gp">5</set>
			<set name="weight" lb="4">4 lb.</set>
			<set name="container">Druidic Focus</set>
			<set name="slot">onehand</set>
		</setters>
	</element>
	<element name="Yew Wand" type="Item" source="Player’s Handbook" id="ID_WOTC_PHB_ITEM_YEWWAND">
		<description>
			<p>A druidic focus might be a sprig of mistletoe or holly, a wand or scepter made of yew or another special wood, a staff drawn whole out of a living tree, or a totem object incorporating feathers, fur, bones, and teeth from sacred animals. A druid can use such an object as a spellcasting focus.</p>
		</description>
		<setters>
			<set name="category">Spellcasting Focus</set>
			<set name="cost" currency="gp">10</set>
			<set name="weight" lb="1">1 lb.</set>
			<set name="container">Druidic Focus</set>
			<set name="slot">onehand</set>
		</setters>
	</element>
	<element name="Fishing Tackle" type="Item" source="Player’s Handbook" id="ID_WOTC_PHB_ITEM_FISHINGTACKLE">
		<description>
			<p>This kit includes a wooden rod, silken line, corkwood bobbers, steel hooks, lead sinkers, velvet lures, and narrow netting.</p>
		</description>
		<setters>
			<set name="category">Adventuring Gear</set>
			<set name="cost" currency="gp">1</set>
			<set name="weight" lb="4">4 lb.</set>
			<set name="stackable">true</set>
		</setters>
	</element>
	<element name="Flask or Tankard" type="Item" source="Player’s Handbook" id="ID_WOTC_PHB_ITEM_FLASKORTANKARD">
		<description>
			<p></p>
		</description>
		<setters>
			<set name="category">Adventuring Gear</set>
			<set name="cost" currency="cp">2</set>
			<set name="weight" lb="1">1 lb.</set>
			<set name="stackable">true</set>
		</setters>
	</element>
	<element name="Grappling Hook" type="Item" source="Player’s Handbook" id="ID_WOTC_PHB_ITEM_GRAPPLINGHOOK">
		<description>
			<p></p>
		</description>
		<setters>
			<set name="category">Adventuring Gear</set>
			<set name="cost" currency="gp">2</set>
			<set name="weight" lb="4">4 lb.</set>
			<set name="stackable">true</set>
		</setters>
	</element>
	<element name="Hammer" type="Item" source="Player’s Handbook" id="ID_WOTC_PHB_ITEM_HAMMER">
		<description>
			<p></p>
		</description>
		<setters>
			<set name="category">Adventuring Gear</set>
			<set name="cost" currency="gp">1</set>
			<set name="weight" lb="3">3 lb.</set>
			<set name="stackable">true</set>
		</setters>
	</element>
	<element name="Hammer, Sledge" type="Item" source="Player’s Handbook" id="ID_WOTC_PHB_ITEM_HAMMER_SLEDGE">
		<description>
			<p></p>
		</description>
		<setters>
			<set name="category">Adventuring Gear</set>
			<set name="cost" currency="gp">2</set>
			<set name="weight" lb="10">10 lb.</set>
			<set name="stackable">true</set>
		</setters>
	</element>
	<element name="Healer’s Kit" type="Item" source="Player’s Handbook" id="ID_WOTC_PHB_ITEM_HEALERSKIT">
		<description>
			<p>This kit is a leather pouch containing bandages, salves, and splints. The kit has ten uses. As an action, you can expend one use of the kit to stabilize a creature that has 0 hit points, without needing to make a Wisdom (Medicine) check. </p>
		</description>
		<setters>
			<set name="category">Adventuring Gear</set>
			<set name="cost" currency="gp">5</set>
			<set name="weight" lb="3">3 lb.</set>
			<set name="stackable">true</set>
		</setters>
	</element>
	<element name="Amulet" type="Item" source="Player’s Handbook" id="ID_WOTC_PHB_ITEM_AMULET">
		<description>
			<p>A holy symbol is a representation of a god or pantheon. It might be an amulet depicting a symbol representing a deity, the same symbol carefully engraved or inlaid as an emblem on a shield, or a tiny box holding a fragment of a sacred relic. Appendix PH-B "Fantasy-Historical Pantheons"lists the symbols commonly associated with many gods in the multiverse. A cleric or paladin can use a holy symbol as a spellcasting focus. To use the symbol in this way, the caster must hold it in hand, wear it visibly, or bear it on a shield. </p>
		</description>
		<setters>
			<set name="category">Spellcasting Focus</set>
			<set name="cost" currency="gp">5</set>
			<set name="weight" lb="1">1 lb.</set>
			<set name="container">Holy Symbol</set>
			<set name="slot">onehand</set>
		</setters>
	</element>
	<element name="Emblem" type="Item" source="Player’s Handbook" id="ID_WOTC_PHB_ITEM_EMBLEM">
		<description>
			<p>A holy symbol is a representation of a god or pantheon. It might be an amulet depicting a symbol representing a deity, the same symbol carefully engraved or inlaid as an emblem on a shield, or a tiny box holding a fragment of a sacred relic. Appendix PH-B "Fantasy-Historical Pantheons"lists the symbols commonly associated with many gods in the multiverse. A cleric or paladin can use a holy symbol as a spellcasting focus. To use the symbol in this way, the caster must hold it in hand, wear it visibly, or bear it on a shield. </p>
		</description>
		<setters>
			<set name="category">Spellcasting Focus</set>
			<set name="cost" currency="gp">5</set>
			<set name="weight" lb="0">—</set>
			<set name="container">Holy Symbol</set>
			<set name="slot">onehand</set>
		</setters>
	</element>
	<element name="Reliquary" type="Item" source="Player’s Handbook" id="ID_WOTC_PHB_ITEM_RELIQUARY">
		<description>
			<p>A holy symbol is a representation of a god or pantheon. It might be an amulet depicting a symbol representing a deity, the same symbol carefully engraved or inlaid as an emblem on a shield, or a tiny box holding a fragment of a sacred relic. Appendix PH-B "Fantasy-Historical Pantheons"lists the symbols commonly associated with many gods in the multiverse. A cleric or paladin can use a holy symbol as a spellcasting focus. To use the symbol in this way, the caster must hold it in hand, wear it visibly, or bear it on a shield. </p>
		</description>
		<setters>
			<set name="category">Spellcasting Focus</set>
			<set name="cost" currency="gp">5</set>
			<set name="weight" lb="2">2 lb.</set>
			<set name="container">Holy Symbol</set>
			<set name="slot">onehand</set>
		</setters>
	</element>
	<element name="Holy Water (flask)" type="Item" source="Player’s Handbook" id="ID_WOTC_PHB_ITEM_HOLYWATER_FLASK">
		<description>
			<p>As an action, you can splash the contents of this flask onto a creature within 5 feet of you or throw it up to 20 feet, shattering it on impact. In either case, make a ranged attack against a target creature, treating the holy water as an improvised weapon. If the target is a fiend or undead, it takes 2d6 radiant damage. A cleric or paladin may create holy water by performing a special ritual. The ritual takes 1 hour to perform, uses 25 gp worth of powdered silver, and requires the caster to expend a 1st-level spell slot.</p>
		</description>
		<setters>
			<set name="category">Adventuring Gear</set>
			<set name="cost" currency="gp">25</set>
			<set name="weight" lb="1">1 lb.</set>
			<set name="stackable">true</set>
		</setters>
	</element>
	<element name="Hourglass" type="Item" source="Player’s Handbook" id="ID_WOTC_PHB_ITEM_HOURGLASS">
		<description>
			<p></p>
		</description>
		<setters>
			<set name="category">Adventuring Gear</set>
			<set name="cost" currency="gp">25</set>
			<set name="weight" lb="1">1 lb.</set>
			<set name="stackable">true</set>
		</setters>
	</element>
	<element name="Hunting Trap" type="Item" source="Player’s Handbook" id="ID_WOTC_PHB_ITEM_HUNTINGTRAP">
		<description>
			<p>When you use your action to set it, this trap forms a saw-toothed steel ring that snaps shut when a creature steps on a pressure plate in the center. The trap is affixed by a heavy chain to an immobile object, such as a tree or a spike driven into the ground. A creature that steps on the plate must succeed on a DC 13 Dexterity saving throw or take 1d4 piercing damage and stop moving. Thereafter, until the creature breaks free of the trap, its movement is limited by the length of the chain (typically 3 feet long). A creature can use its action to make a DC 13 Strength check, freeing itself or another creature within its reach on a success. Each failed check deals 1 piercing damage to the trapped creature.</p>
		</description>
		<setters>
			<set name="category">Adventuring Gear</set>
			<set name="cost" currency="gp">5</set>
			<set name="weight" lb="25">25 lb.</set>
			<set name="stackable">true</set>
		</setters>
	</element>
	<element name="Ink (1 ounce bottle)" type="Item" source="Player’s Handbook" id="ID_WOTC_PHB_ITEM_INK_1OUNCEBOTTLE">
		<description>
			<p></p>
		</description>
		<setters>
			<set name="category">Adventuring Gear</set>
			<set name="cost" currency="gp">10</set>
			<set name="weight" lb="0">—</set>
			<set name="stackable">true</set>
		</setters>
	</element>
	<element name="Ink Pen" type="Item" source="Player’s Handbook" id="ID_WOTC_PHB_ITEM_INKPEN">
		<description>
			<p></p>
		</description>
		<setters>
			<set name="category">Adventuring Gear</set>
			<set name="cost" currency="cp">2</set>
			<set name="weight" lb="0">—</set>
			<set name="stackable">true</set>
		</setters>
	</element>
	<element name="Jug or Pitcher" type="Item" source="Player’s Handbook" id="ID_WOTC_PHB_ITEM_JUGORPITCHER">
		<description>
			<p></p>
		</description>
		<setters>
			<set name="category">Adventuring Gear</set>
			<set name="cost" currency="cp">2</set>
			<set name="weight" lb="4">4 lb.</set>
			<set name="stackable">true</set>
		</setters>
	</element>
	<element name="Ladder (10—foot)" type="Item" source="Player’s Handbook" id="ID_WOTC_PHB_ITEM_LADDER_10_FOOT">
		<description>
			<p></p>
		</description>
		<setters>
			<set name="category">Adventuring Gear</set>
			<set name="cost" currency="sp">1</set>
			<set name="weight" lb="25">25 lb.</set>
			<set name="stackable">true</set>
		</setters>
	</element>
	<element name="Lamp" type="Item" source="Player’s Handbook" id="ID_WOTC_PHB_ITEM_LAMP">
		<description>
			<p>A lamp casts bright light in a 15-foot radius and dim light for an additional 30 feet. Once lit, it burns for 6 hours on a flask (1 pint) of oil.</p>
		</description>
		<setters>
			<set name="category">Adventuring Gear</set>
			<set name="cost" currency="sp">5</set>
			<set name="weight" lb="1">1 lb.</set>
			<set name="stackable">true</set>
		</setters>
	</element>
	<element name="Lantern, Bullseye" type="Item" source="Player’s Handbook" id="ID_WOTC_PHB_ITEM_LANTERN_BULLSEYE">
		<description>
			<p>A bullseye lantern casts bright light in a 60-foot cone and dim light for an additional 60 feet. Once lit, it burns for 6 hours on a flask (1 pint) of oil.</p>
		</description>
		<setters>
			<set name="category">Adventuring Gear</set>
			<set name="cost" currency="gp">10</set>
			<set name="weight" lb="2">2 lb.</set>
			<set name="stackable">true</set>
		</setters>
	</element>
	<element name="Lantern, Hooded" type="Item" source="Player’s Handbook" id="ID_WOTC_PHB_ITEM_LANTERN_HOODED">
		<description>
			<p>A hooded lantern casts bright light in a 30-foot radius and dim light for an additional 30 feet. Once lit, it burns for 6 hours on a flask (1 pint) of oil. As an action, you can lower the hood, reducing the light to dim light in a 5-foot radius. </p>
		</description>
		<setters>
			<set name="category">Adventuring Gear</set>
			<set name="cost" currency="gp">5</set>
			<set name="weight" lb="2">2 lb.</set>
			<set name="stackable">true</set>
		</setters>
	</element>
	<element name="Lock" type="Item" source="Player’s Handbook" id="ID_WOTC_PHB_ITEM_LOCK">
		<description>
			<p>A key is provided with the lock. Without the key, a creature proficient with thieves’ tools can pick this lock with a successful DC 15 Dexterity check. Your GM may decide that better locks are available for higher prices. </p>
		</description>
		<setters>
			<set name="category">Adventuring Gear</set>
			<set name="cost" currency="gp">10</set>
			<set name="weight" lb="1">1 lb.</set>
			<set name="stackable">true</set>
		</setters>
	</element>
	<element name="Magnifying Glass" type="Item" source="Player’s Handbook" id="ID_WOTC_PHB_ITEM_MAGNIFYINGGLASS">
		<description>
			<p>This lens allows a closer look at small objects. It is also useful as a substitute for flint and steel when starting fires. Lighting a fire with a magnifying glass requires light as bright as sunlight to focus, tinder to ignite, and about 5 minutes for the fire to ignite. A magnifying glass grants advantage on any ability check made to appraise or inspect an item that is small or highly detailed. </p>
		</description>
		<setters>
			<set name="category">Adventuring Gear</set>
			<set name="cost" currency="gp">100</set>
			<set name="weight" lb="0">—</set>
			<set name="stackable">true</set>
		</setters>
	</element>
	<element name="Manacles" type="Item" source="Player’s Handbook" id="ID_WOTC_PHB_ITEM_MANACLES">
		<description>
			<p>These metal restraints can bind a Small or Medium creature. Escaping the manacles requires a successful DC 20 Dexterity check. Breaking them requires a successful DC 20 Strength check. Each set of manacles comes with one key. Without the key, a creature proficient with thieves’ tools can pick the manacles’ lock with a successful DC 15 Dexterity check. Manacles have 15 hit points.</p>
		</description>
		<setters>
			<set name="category">Adventuring Gear</set>
			<set name="cost" currency="gp">2</set>
			<set name="weight" lb="6">6 lb.</set>
			<set name="stackable">true</set>
		</setters>
	</element>
	<element name="Mess Kit" type="Item" source="Player’s Handbook" id="ID_WOTC_PHB_ITEM_MESSKIT">
		<description>
			<p>This tin box contains a cup and simple cutlery. The box clamps together, and one side can be used as a cooking pan and the other as a plate or shallow bowl. </p>
		</description>
		<setters>
			<set name="category">Adventuring Gear</set>
			<set name="cost" currency="sp">2</set>
			<set name="weight" lb="1">1 lb.</set>
			<set name="stackable">true</set>
		</setters>
	</element>
	<element name="Mirror, Steel" type="Item" source="Player’s Handbook" id="ID_WOTC_PHB_ITEM_MIRROR_STEEL">
		<description>
			<p></p>
		</description>
		<setters>
			<set name="category">Adventuring Gear</set>
			<set name="cost" currency="gp">5</set>
			<set name="weight" lb="0.5">½ lb.</set>
			<set name="stackable">true</set>
		</setters>
	</element>
	<element name="Oil (flask)" type="Item" source="Player’s Handbook" id="ID_WOTC_PHB_ITEM_OIL_FLASK">
		<description>
			<p>Oil usually comes in a clay flask that holds 1 pint. As an action, you can splash the oil in this flask onto a creature within 5 feet of you or throw it up to 20 feet, shattering it on impact. Make a ranged attack against a target creature or object, treating the oil as an improvised weapon. On a hit, the target is covered in oil. If the target takes any fire damage before the oil dries (after 1 minute), the target takes an additional 5 fire damage from the burning oil. You can also pour a flask of oil on the ground to cover a 5-foot-square area, provided that the surface is level. If lit, the oil burns for 2 rounds and deals 5 fire damage to any creature that enters the area or ends its turn in the area. A creature can take this damage only once per turn. </p>
		</description>
		<setters>
			<set name="category">Adventuring Gear</set>
			<set name="cost" currency="sp">1</set>
			<set name="weight" lb="1">1 lb.</set>
			<set name="stackable">true</set>
		</setters>
	</element>
	<element name="Paper (one sheet)" type="Item" source="Player’s Handbook" id="ID_WOTC_PHB_ITEM_PAPER_ONESHEET">
		<description>
			<p></p>
		</description>
		<setters>
			<set name="category">Adventuring Gear</set>
			<set name="cost" currency="sp">2</set>
			<set name="weight" lb="0">—</set>
			<set name="stackable">true</set>
		</setters>
	</element>
	<element name="Parchment (one sheet)" type="Item" source="Player’s Handbook" id="ID_WOTC_PHB_ITEM_PARCHMENT_ONESHEET">
		<description>
			<p></p>
		</description>
		<setters>
			<set name="category">Adventuring Gear</set>
			<set name="cost" currency="sp">1</set>
			<set name="weight" lb="0">—</set>
			<set name="stackable">true</set>
		</setters>
	</element>
	<element name="Perfume (vial)" type="Item" source="Player’s Handbook" id="ID_WOTC_PHB_ITEM_PERFUME_VIAL">
		<description>
			<p></p>
		</description>
		<setters>
			<set name="category">Adventuring Gear</set>
			<set name="cost" currency="gp">5</set>
			<set name="weight" lb="0">—</set>
			<set name="stackable">true</set>
		</setters>
	</element>
	<element name="Pick, Miner’s" type="Item" source="Player’s Handbook" id="ID_WOTC_PHB_ITEM_PICK_MINERS">
		<description>
			<p></p>
		</description>
		<setters>
			<set name="category">Adventuring Gear</set>
			<set name="cost" currency="gp">2</set>
			<set name="weight" lb="10">10 lb.</set>
			<set name="stackable">true</set>
		</setters>
	</element>
	<element name="Piton" type="Item" source="Player’s Handbook" id="ID_WOTC_PHB_ITEM_PITON">
		<description>
			<p></p>
		</description>
		<setters>
			<set name="category">Adventuring Gear</set>
			<set name="cost" currency="cp">5</set>
			<set name="weight" lb="0.25">1/4 lb.</set>
			<set name="stackable">true</set>
		</setters>
	</element>
	<element name="Poison, Basic (vial)" type="Item" source="Player’s Handbook" id="ID_WOTC_PHB_ITEM_POISON_BASIC_VIAL">
		<description>
			<p>You can use the poison in this vial to coat one slashing or piercing weapon or up to three pieces of ammunition. Applying the poison takes an action. A creature hit by the poisoned weapon or ammunition must make a DC 10 Constitution saving throw or take 1d4 poison damage. Once applied, the poison retains potency for 1 minute before drying.</p>
		</description>
		<setters>
			<set name="category">Adventuring Gear</set>
			<set name="cost" currency="gp">100</set>
			<set name="weight" lb="0">—</set>
			<set name="stackable">true</set>
		</setters>
	</element>
	<element name="Pole (10—foot)" type="Item" source="Player’s Handbook" id="ID_WOTC_PHB_ITEM_POLE_10_FOOT">
		<description>
			<p></p>
		</description>
		<setters>
			<set name="category">Adventuring Gear</set>
			<set name="cost" currency="cp">5</set>
			<set name="weight" lb="7">7 lb.</set>
			<set name="stackable">true</set>
		</setters>
	</element>
	<element name="Pot, Iron" type="Item" source="Player’s Handbook" id="ID_WOTC_PHB_ITEM_POT_IRON">
		<description>
			<p></p>
		</description>
		<setters>
			<set name="category">Adventuring Gear</set>
			<set name="cost" currency="gp">2</set>
			<set name="weight" lb="10">10 lb.</set>
			<set name="stackable">true</set>
		</setters>
	</element>
	<element name="Potion of Healing" type="Item" source="Player’s Handbook" id="ID_WOTC_PHB_ITEM_POTIONOFHEALING">
		<description>
			<p>A character who drinks the magical red fluid in this vial regains 2d4 + 2 hit points. Drinking or administering a potion takes an action.</p>
		</description>
		<setters>
			<set name="category">Adventuring Gear</set>
			<set name="cost" currency="gp">50</set>
			<set name="weight" lb="0.5">½ lb.</set>
			<set name="stackable">true</set>
		</setters>
	</element>
	<element name="Pouch" type="Item" source="Player’s Handbook" id="ID_WOTC_PHB_ITEM_POUCH">
		<description>
			<p>A cloth or leather pouch can hold up to 20 sling bullets or 50 blowgun needles, among other things.</p>
		</description>
		<setters>
			<set name="category">Adventuring Gear</set>
			<set name="cost" currency="sp">5</set>
			<set name="weight" lb="1">1 lb.</set>
		</setters>
	</element>
	<element name="Quiver" type="Item" source="Player’s Handbook" id="ID_WOTC_PHB_ITEM_QUIVER">
		<description>
			<p>A quiver can hold up to 20 arrows.</p>
		</description>
		<setters>
			<set name="category">Adventuring Gear</set>
			<set name="cost" currency="gp">1</set>
			<set name="weight" lb="1">1 lb.</set>
		</setters>
	</element>
	<element name="Ram, Portable" type="Item" source="Player’s Handbook" id="ID_WOTC_PHB_ITEM_RAM_PORTABLE">
		<description>
			<p>You can use a portable ram to break down doors. When doing so, you gain a +4 bonus on the Strength check. One other character can help you use the ram, giving you advantage on this check.</p>
		</description>
		<setters>
			<set name="category">Adventuring Gear</set>
			<set name="cost" currency="gp">4</set>
			<set name="weight" lb="35">35 lb.</set>
		</setters>
	</element>
	<element name="Rations (1 day)" type="Item" source="Player’s Handbook" id="ID_WOTC_PHB_ITEM_RATIONS_1DAY">
		<description>
			<p>Rations consist of dry foods suitable for extended travel, including jerky, dried fruit, hardtack, and nuts.</p>
		</description>
		<setters>
			<set name="category">Adventuring Gear</set>
			<set name="cost" currency="sp">5</set>
			<set name="weight" lb="2">2 lb.</set>
			<set name="stackable">true</set>
		</setters>
	</element>
	<element name="Robes" type="Item" source="Player’s Handbook" id="ID_WOTC_PHB_ITEM_ROBES">
		<description>
			<p></p>
		</description>
		<setters>
			<set name="category">Adventuring Gear</set>
			<set name="cost" currency="gp">1</set>
			<set name="weight" lb="4">4 lb.</set>
		</setters>
	</element>
	<element name="String (10 feet)" type="Item" source="Player’s Handbook" id="ID_WOTC_PHB_ITEM_STRING_10FEET">
		<description>
			<p></p>
		</description>
		<setters>
			<set name="category">Adventuring Gear</set>
			<set name="cost" currency="gp">0</set>
			<set name="weight" lb="0">0 lb.</set>
			<set name="stackable">true</set>
		</setters>
	</element>
	<element name="Rope, Hempen (50 feet)" type="Item" source="Player’s Handbook" id="ID_WOTC_PHB_ITEM_ROPE_HEMPEN_50FEET">
		<description>
			<p>Rope, whether made of hemp or silk, has 2 hit points and can be burst with a DC 17 Strength check. </p>
		</description>
		<setters>
			<set name="category">Adventuring Gear</set>
			<set name="cost" currency="gp">1</set>
			<set name="weight" lb="10">10 lb.</set>
			<set name="stackable">true</set>
		</setters>
	</element>
	<element name="Rope, Silk (50 feet)" type="Item" source="Player’s Handbook" id="ID_WOTC_PHB_ITEM_ROPE_SILK_50FEET">
		<description>
			<p>Rope, whether made of hemp or silk, has 2 hit points and can be burst with a DC 17 Strength check. </p>
		</description>
		<setters>
			<set name="category">Adventuring Gear</set>
			<set name="cost" currency="gp">10</set>
			<set name="weight" lb="5">5 lb.</set>
			<set name="stackable">true</set>
		</setters>
	</element>
	<element name="Sack" type="Item" source="Player’s Handbook" id="ID_WOTC_PHB_ITEM_SACK">
		<description>
			<p></p>
		</description>
		<setters>
			<set name="category">Adventuring Gear</set>
			<set name="cost" currency="cp">1</set>
			<set name="weight" lb="0.5">½ lb.</set>
		</setters>
	</element>
	<element name="Scale, Merchant’s" type="Item" source="Player’s Handbook" id="ID_WOTC_PHB_ITEM_SCALE_MERCHANTS">
		<description>
			<p>A scale includes a small balance, pans, and a suitable assortment of weights up to 2 pounds. With it, you can measure the exact weight of small objects, such as raw precious metals or trade goods, to help determine their worth.</p>
		</description>
		<setters>
			<set name="category">Adventuring Gear</set>
			<set name="cost" currency="gp">5</set>
			<set name="weight" lb="3">3 lb.</set>
			<set name="stackable">true</set>
		</setters>
	</element>
	<element name="Sealing Wax" type="Item" source="Player’s Handbook" id="ID_WOTC_PHB_ITEM_SEALINGWAX">
		<description>
			<p></p>
		</description>
		<setters>
			<set name="category">Adventuring Gear</set>
			<set name="cost" currency="sp">5</set>
			<set name="weight" lb="0">—</set>
			<set name="stackable">true</set>
		</setters>
	</element>
	<element name="Shovel" type="Item" source="Player’s Handbook" id="ID_WOTC_PHB_ITEM_SHOVEL">
		<description>
			<p></p>
		</description>
		<setters>
			<set name="category">Adventuring Gear</set>
			<set name="cost" currency="gp">2</set>
			<set name="weight" lb="5">5 lb.</set>
			<set name="stackable">true</set>
		</setters>
	</element>
	<element name="Signal Whistle" type="Item" source="Player’s Handbook" id="ID_WOTC_PHB_ITEM_SIGNALWHISTLE">
		<description>
			<p></p>
		</description>
		<setters>
			<set name="category">Adventuring Gear</set>
			<set name="cost" currency="cp">5</set>
			<set name="weight" lb="0">—</set>
			<set name="stackable">true</set>
		</setters>
	</element>
	<element name="Signet Ring" type="Item" source="Player’s Handbook" id="ID_WOTC_PHB_ITEM_SIGNETRING">
		<description>
			<p></p>
		</description>
		<setters>
			<set name="category">Adventuring Gear</set>
			<set name="cost" currency="gp">5</set>
			<set name="weight" lb="0">—</set>
			<set name="stackable">true</set>
		</setters>
	</element>
	<element name="Soap" type="Item" source="Player’s Handbook" id="ID_WOTC_PHB_ITEM_SOAP">
		<description>
			<p></p>
		</description>
		<setters>
			<set name="category">Adventuring Gear</set>
			<set name="cost" currency="cp">2</set>
			<set name="weight" lb="0">—</set>
			<set name="stackable">true</set>
		</setters>
	</element>
	<element name="Spellbook" type="Item" source="Player’s Handbook" id="ID_WOTC_PHB_ITEM_SPELLBOOK">
		<description>
			<p>Essential for wizards, a spellbook is a leather-bound tome with 100 blank vellum pages suitable for recording spells.</p>
		</description>
		<setters>
			<set name="category">Adventuring Gear</set>
			<set name="cost" currency="gp">50</set>
			<set name="weight" lb="3">3 lb.</set>
		</setters>
	</element>
	<element name="Spikes, Iron (10)" type="Item" source="Player’s Handbook" id="ID_WOTC_PHB_ITEM_SPIKES_IRON_10">
		<description>
			<p></p>
		</description>
		<setters>
			<set name="category">Adventuring Gear</set>
			<set name="cost" currency="gp">1</set>
			<set name="weight" lb="5">5 lb.</set>
			<set name="stackable">true</set>
		</setters>
	</element>
	<element name="Spyglass" type="Item" source="Player’s Handbook" id="ID_WOTC_PHB_ITEM_SPYGLASS">
		<description>
			<p>Objects viewed through a spyglass are magnified to twice their size.</p>
		</description>
		<setters>
			<set name="category">Adventuring Gear</set>
			<set name="cost" currency="gp">1000</set>
			<set name="weight" lb="1">1 lb.</set>
			<set name="stackable">true</set>
		</setters>
	</element>
	<element name="Tent, Two—Person" type="Item" source="Player’s Handbook" id="ID_WOTC_PHB_ITEM_TENT_TWOPERSON">
		<description>
			<p>A simple and portable canvas shelter, a tent sleeps two.</p>
		</description>
		<setters>
			<set name="category">Adventuring Gear</set>
			<set name="cost" currency="gp">2</set>
			<set name="weight" lb="20">20 lb.</set>
			<set name="stackable">true</set>
		</setters>
	</element>
	<element name="Tinderbox" type="Item" source="Player’s Handbook" id="ID_WOTC_PHB_ITEM_TINDERBOX">
		<description>
			<p>This small container holds flint, fire steel, and tinder (usually dry cloth soaked in light oil) used to kindle a fire. Using it to light a torch—or anything else with abundant, exposed fuel—takes an action. Lighting any other fire takes 1 minute.</p>
		</description>
		<setters>
			<set name="category">Adventuring Gear</set>
			<set name="cost" currency="sp">5</set>
			<set name="weight" lb="1">1 lb.</set>
			<set name="stackable">true</set>
		</setters>
	</element>
	<element name="Torch" type="Item" source="Player’s Handbook" id="ID_WOTC_PHB_ITEM_TORCH">
		<description>
			<p>A torch burns for 1 hour, providing bright light in a 20-foot radius and dim light for an additional 20 feet. If you make a melee attack with a burning torch and hit, it deals 1 fire damage.</p>
		</description>
		<setters>
			<set name="category">Adventuring Gear</set>
			<set name="cost" currency="cp">1</set>
			<set name="weight" lb="1">1 lb.</set>
			<set name="stackable">true</set>
		</setters>
	</element>
	<element name="Vial" type="Item" source="Player’s Handbook" id="ID_WOTC_PHB_ITEM_VIAL">
		<description>
			<p></p>
		</description>
		<setters>
			<set name="category">Adventuring Gear</set>
			<set name="cost" currency="gp">1</set>
			<set name="weight" lb="1">—</set>
			<set name="stackable">true</set>
		</setters>
	</element>
	<element name="Waterskin" type="Item" source="Player’s Handbook" id="ID_WOTC_PHB_ITEM_WATERSKIN">
		<description>
			<p></p>
		</description>
		<setters>
			<set name="category">Adventuring Gear</set>
			<set name="cost" currency="sp">2</set>
			<set name="weight" lb="5">5 lb. (full)</set>
			<set name="stackable">true</set>
		</setters>
	</element>
	<element name="Whetstone" type="Item" source="Player’s Handbook" id="ID_WOTC_PHB_ITEM_WHETSTONE">
		<description>
			<p></p>
		</description>
		<setters>
			<set name="category">Adventuring Gear</set>
			<set name="cost" currency="cp">1</set>
			<set name="weight" lb="1">1 lb.</set>
			<set name="stackable">true</set>
		</setters>
	</element>
</elements>
