<?xml version="1.0" encoding="utf-8" ?>
<elements>
	<info>
		<name>Armor</name>
		<description></description>
		<author url="http://dnd.wizards.com/products/tabletop-games/rpg-products/rpg_playershandbook">Wizards of the Coast</author>
		<update version="0.1.0">
			<file name="items-armor.xml" url="https://raw.githubusercontent.com/aurorabuilder/elements/master/core/players-handbook/items/items-armor.xml" />
		</update>
	</info>

	<!-- light armor -->
	<element name="Padded" type="Armor" source="Player’s Handbook" id="ID_WOTC_ARMOR_LIGHT_PADDED">
		<supports>ID_INTERNAL_ARMOR_GROUP_LIGHT</supports>
		<description>
			<p>Padded armor consists of quilted layers of cloth and batting.</p>
		</description>
		<setters>
			<set name="category">Armor</set>
			<set name="cost" currency="gp">5</set>
			<set name="weight" lb="8">8 lb.</set>
			<set name="slot">body</set>
			<set name="armor">Light</set>
			<set name="armorClass">11 + Dex modifier</set>
			<set name="stealth">Disadvantage</set>
			<set name="proficiency">ID_PROFICIENCY_ARMOR_PROFICIENCY_PADDED</set>
		</setters>
		<rules>
			<grant type="Grants" id="ID_INTERNAL_GRANTS_STEALTH_DISADVANTAGE" />
			<stat name="ac:armored:armor" value="11" />
		</rules>
	</element>
	<element name="Leather" type="Armor" source="Player’s Handbook" id="ID_WOTC_ARMOR_LIGHT_LEATHER">
		<supports>ID_INTERNAL_ARMOR_GROUP_LIGHT</supports>
		<description>
			<p>The breastplate and shoulder protectors of this armor are made of leather that has been stiffened by being boiled in oil. The rest of the armor is made of softer and more flexible materials.</p>
		</description>
		<setters>
			<set name="category">Armor</set>
			<set name="cost" currency="gp">10</set>
			<set name="weight" lb="10">10 lb.</set>
			<set name="slot">body</set>
			<set name="armor">Light</set>
			<set name="armorClass">11 + Dex modifier</set>
			<set name="proficiency">ID_PROFICIENCY_ARMOR_PROFICIENCY_LEATHER</set>
		</setters>
		<rules>
			<stat name="ac:armored:armor" value="11" />
		</rules>
	</element>
	<element name="Studded Leather" type="Armor" source="Player’s Handbook" id="ID_WOTC_ARMOR_LIGHT_STUDDED_LEATHER">
		<supports>ID_INTERNAL_ARMOR_GROUP_LIGHT</supports>
		<description>
			<p>Made from tough but flexible leather, studded leather is reinforced with close-set rivets or spikes.</p>
		</description>
		<setters>
			<set name="category">Armor</set>
			<set name="cost" currency="gp">45</set>
			<set name="weight" lb="13">13 lb.</set>
			<set name="slot">body</set>
			<set name="armor">Light</set>
			<set name="armorClass">12 + Dex modifier</set>
			<set name="proficiency">ID_PROFICIENCY_ARMOR_PROFICIENCY_STUDDED_LEATHER</set>
		</setters>
		<rules>
			<stat name="ac:armored:armor" value="12" />
		</rules>
	</element>

	<!-- medium armor -->
	<element name="Hide" type="Armor" source="Player’s Handbook" id="ID_WOTC_ARMOR_MEDIUM_HIDE_ARMOR">
		<supports>ID_INTERNAL_ARMOR_GROUP_MEDIUM</supports>
		<description>
			<p>This crude armor consists of thick furs and pelts. It is commonly worn by barbarian tribes, evil humanoids, and other folk who lack access to the tools and materials needed to create better armor.</p>
		</description>
		<setters>
			<set name="category">Armor</set>
			<set name="cost" currency="gp">10</set>
			<set name="weight" lb="12">12 lb.</set>
			<set name="slot">body</set>
			<set name="armor">Medium</set>
			<set name="armorClass">12 + Dex modifier (max 2)</set>
			<set name="proficiency">ID_PROFICIENCY_ARMOR_PROFICIENCY_HIDE</set>
		</setters>
		<rules>
			<stat name="ac:armored:armor" value="12" />
		</rules>
	</element>
	<element name="Chain Shirt" type="Armor" source="Player’s Handbook" id="ID_WOTC_ARMOR_MEDIUM_CHAIN_SHIRT">
		<supports>ID_INTERNAL_ARMOR_GROUP_MEDIUM</supports>
		<description>
			<p>Made of interlocking metal rings, a chain shirt is worn between layers of clothing or leather. This armor offers modest protection to the wearer’s upper body and allows the sound of the rings rubbing against one another to be muffled by outer layers.</p>
		</description>
		<setters>
			<set name="category">Armor</set>
			<set name="cost" currency="gp">50</set>
			<set name="weight" lb="20">20 lb.</set>
			<set name="slot">body</set>
			<set name="armor">Medium</set>
			<set name="armorClass">13 + Dex modifier (max 2)</set>
			<set name="proficiency">ID_PROFICIENCY_ARMOR_PROFICIENCY_CHAIN_SHIRT</set>
		</setters>
		<rules>
			<stat name="ac:armored:armor" value="13" />
		</rules>
	</element>
	<element name="Scale Mail" type="Armor" source="Player’s Handbook" id="ID_WOTC_ARMOR_MEDIUM_SCALE_MAIL">
		<supports>ID_INTERNAL_ARMOR_GROUP_MEDIUM</supports>
		<description>
			<p>This armor consists of a coat and leggings (and perhaps a separate skirt) of leather covered with overlapping pieces of metal, much like the scales of a fish. The suit includes gauntlets.</p>
		</description>
		<setters>
			<set name="category">Armor</set>
			<set name="cost" currency="gp">50</set>
			<set name="weight" lb="45">45 lb.</set>
			<set name="armor">Medium</set>
			<set name="slot">body</set>
			<set name="stealth">Disadvantage</set>
			<set name="armorClass">14 + Dex modifier (max 2)</set>
			<set name="proficiency">ID_PROFICIENCY_ARMOR_PROFICIENCY_SCALE_MAIL</set>
		</setters>
		<rules>
			<grant type="Grants" id="ID_INTERNAL_GRANTS_STEALTH_DISADVANTAGE" />
			<stat name="ac:armored:armor" value="14" />
		</rules>
	</element>
	<element name="Breastplate" type="Armor" source="Player’s Handbook" id="ID_WOTC_ARMOR_MEDIUM_BREASTPLATE">
		<supports>ID_INTERNAL_ARMOR_GROUP_MEDIUM</supports>
		<description>
			<p>This armor consists of a fitted metal chest piece worn with supple leather. Although it leaves the legs and arms relatively unprotected, this armor provides good protection for the wearer’s vital organs while leaving the wearer relatively unencumbered.</p>
		</description>
		<setters>
			<set name="category">Armor</set>
			<set name="cost" currency="gp">400</set>
			<set name="weight" lb="20">20 lb.</set>
			<set name="slot">body</set>
			<set name="armor">Medium</set>
			<set name="armorClass">14 + Dex modifier (max 2)</set>
			<set name="proficiency">ID_PROFICIENCY_ARMOR_PROFICIENCY_BREASTPLATE</set>
		</setters>
		<rules>
			<stat name="ac:armored:armor" value="14" />
		</rules>
	</element>
	<element name="Half Plate" type="Armor" source="Player’s Handbook" id="ID_WOTC_ARMOR_MEDIUM_HALF_PLATE">
		<supports>ID_INTERNAL_ARMOR_GROUP_MEDIUM</supports>
		<description>
			<p>Half plate consists of shaped metal plates that cover most of the wearer’s body. It does not include leg protection beyond simple greaves that are attached with leather straps.</p>
		</description>
		<setters>
			<set name="category">Armor</set>
			<set name="cost" currency="gp">750</set>
			<set name="weight" lb="40">40 lb.</set>
			<set name="slot">body</set>
			<set name="armor">Medium</set>
			<set name="stealth">Disadvantage</set>
			<set name="armorClass">15 + Dex modifier (max 2)</set>
			<set name="proficiency">ID_PROFICIENCY_ARMOR_PROFICIENCY_HALF_PLATE</set>
		</setters>
		<rules>
			<grant type="Grants" id="ID_INTERNAL_GRANTS_STEALTH_DISADVANTAGE" />
			<stat name="ac:armored:armor" value="15" />
		</rules>
	</element>

	<!-- heavy armor -->
	<element name="Ring Mail" type="Armor" source="Player’s Handbook" id="ID_WOTC_ARMOR_HEAVY_RING_MAIL">
		<supports>ID_INTERNAL_ARMOR_GROUP_HEAVY</supports>
		<description>
			<p>This armor is leather armor with heavy rings sewn into it. The rings help reinforce the armor against blows from swords and axes. Ring mail is inferior to chain mail, and it's usually worn only by those who can’t afford better armor.</p>
		</description>
		<setters>
			<set name="category">Armor</set>
			<set name="cost" currency="gp">30</set>
			<set name="weight" lb="40">40 lb.</set>
			<set name="slot">body</set>
			<set name="armor">Heavy</set>
			<set name="stealth">Disadvantage</set>
			<set name="armorClass">14</set>
			<set name="proficiency">ID_PROFICIENCY_ARMOR_PROFICIENCY_RING_MAIL</set>
		</setters>
		<rules>
			<grant type="Grants" id="ID_INTERNAL_GRANTS_STEALTH_DISADVANTAGE" />
			<stat name="ac:armored:armor" value="14" />
		</rules>
	</element>
	<element name="Chain Mail" type="Armor" source="Player’s Handbook" id="ID_WOTC_ARMOR_HEAVY_CHAIN_MAIL">
		<supports>ID_INTERNAL_ARMOR_GROUP_HEAVY</supports>
		<description>
			<p>Made of interlocking metal rings, chain mail includes a layer of quilted fabric worn underneath the mail to prevent chafing and to cushion the impact of blows. The suit includes gauntlets.</p>
		</description>
		<setters>
			<set name="category">Armor</set>
			<set name="cost" currency="gp">75</set>
			<set name="weight" lb="55">55 lb.</set>
			<set name="slot">body</set>
			<set name="armor">Heavy</set>
			<set name="strength">13</set>
			<set name="stealth">Disadvantage</set>
			<set name="armorClass">16</set>
			<set name="proficiency">ID_PROFICIENCY_ARMOR_PROFICIENCY_CHAIN_MAIL</set>
		</setters>
		<rules>
			<grant type="Grants" id="ID_INTERNAL_GRANTS_STEALTH_DISADVANTAGE" />
			<stat name="ac:armored:armor" value="16" />
			<stat name="speed" value="-10" bonus="armor" requirements="![str:13]" />
		</rules>
	</element>
	<element name="Splint" type="Armor" source="Player’s Handbook" id="ID_WOTC_ARMOR_HEAVY_SPLINT">
		<supports>ID_INTERNAL_ARMOR_GROUP_HEAVY</supports>
		<description>
			<p>This armor is made of narrow vertical strips of metal riveted to a backing of leather that is worn over cloth padding. Flexible chain mail protects the joints.</p>
		</description>
		<setters>
			<set name="category">Armor</set>
			<set name="cost" currency="gp">200</set>
			<set name="weight" lb="60">60 lb.</set>
			<set name="slot">body</set>
			<set name="armor">Heavy</set>
			<set name="strength">15</set>
			<set name="stealth">Disadvantage</set>
			<set name="armorClass">17</set>
			<set name="proficiency">ID_PROFICIENCY_ARMOR_PROFICIENCY_SPLINT</set>
		</setters>
		<rules>
			<grant type="Grants" id="ID_INTERNAL_GRANTS_STEALTH_DISADVANTAGE" />
			<stat name="ac:armored:armor" value="17" />
			<stat name="speed" value="-10" bonus="armor" requirements="![str:15]" />
		</rules>
	</element>
	<element name="Plate" type="Armor" source="Player’s Handbook" id="ID_WOTC_ARMOR_HEAVY_PLATE">
		<supports>ID_INTERNAL_ARMOR_GROUP_HEAVY</supports>
		<description>
			<p>Plate consists of shaped, interlocking metal plates to cover the entire body. A suit of plate includes gauntlets, heavy leather boots, a visored helmet, and thick layers of padding underneath the armor. Buckles and straps distribute the weight over the body.</p>
		</description>
		<setters>
			<set name="category">Armor</set>
			<set name="cost" currency="gp">1500</set>
			<set name="weight" lb="65">65 lb.</set>
			<set name="slot">body</set>
			<set name="armor">Heavy</set>
			<set name="strength">15</set>
			<set name="stealth">Disadvantage</set>
			<set name="armorClass">18</set>
			<set name="proficiency">ID_PROFICIENCY_ARMOR_PROFICIENCY_PLATE</set>
		</setters>
		<rules>
			<grant type="Grants" id="ID_INTERNAL_GRANTS_STEALTH_DISADVANTAGE" />
			<stat name="ac:armored:armor" value="18" />
			<stat name="speed" value="-10" bonus="armor" requirements="![str:15]" />
		</rules>
	</element>

	<!--shield-->
	<element name="Shield" type="Armor" source="Player’s Handbook" id="ID_WOTC_GEAR_SHIELD">
		<supports>ID_INTERNAL_ARMOR_GROUP_SHIELD</supports>
		<description>
			<p>A shield is made from wood or metal and is carried in one hand. Wielding a shield increases your Armor Class by 2. You can benefit from only one shield at a time.</p>
		</description>
		<setters>
			<set name="category">Armor</set>
			<set name="cost" currency="gp">10</set>
			<set name="weight" lb="6">6 lb.</set>
			<set name="slot">onehand,secondary</set>
			<set name="type">Shield</set>
			<set name="armor">Shield</set>
			<set name="armorClass">+2</set>
			<set name="proficiency">ID_PROFICIENCY_ARMOR_PROFICIENCY_SHIELD</set>
		</setters>
		<rules>
			<stat name="ac:shield" value="2" bonus="shield" />
		</rules>
	</element>
</elements>
