<?xml version="1.0" encoding="utf-8" ?>
<elements>
	<info>
		<name>Mounts &amp; Vehicles</name>
		<description></description>
		<author url="http://dnd.wizards.com/products/tabletop-games/rpg-products/rpg_playershandbook">Wizards of the Coast</author>
		<update version="0.0.4">
			<file name="items-mounts.xml" url="https://raw.githubusercontent.com/aurorabuilder/elements/master/core/players-handbook/items/items-mounts.xml" />
		</update>
	</info>
	<element name="Camel" type="Item" source="Player’s Handbook" id="ID_WOTC_PHB_ITEM_CAMEL">
		<description>
			<p><strong><em>Speed.</em></strong> 50 ft.<br/><strong><em>Carrying Capacity.</em></strong> 480 lb.</p>
		</description>
		<setters>
			<set name="category">Mounts &amp; Vehicles</set>
			<set name="cost" currency="gp">50</set>
			<set name="weight" lb="0" excludeEncumbrance="true">—</set>
			<set name="type">Mount</set>
		</setters>
	</element> 
	<element name="Donkey" type="Item" source="Player’s Handbook" id="ID_WOTC_PHB_ITEM_DONKEY">
		<description>
			<p><strong><em>Speed.</em></strong> 40 ft.<br/><strong><em>Carrying Capacity.</em></strong> 420 lb.</p>
		</description>
		<setters>
			<set name="category">Mounts &amp; Vehicles</set>
			<set name="cost" currency="gp">8</set>
			<set name="weight" lb="0">—</set>
			<set name="type">Mount</set>
		</setters>
	</element> 
	<element name="Mule" type="Item" source="Player’s Handbook" id="ID_WOTC_PHB_ITEM_MULE">
		<description>
			<p><strong><em>Speed.</em></strong> 40 ft.<br/><strong><em>Carrying Capacity.</em></strong> 420 lb.</p>
		</description>
		<setters>
			<set name="category">Mounts &amp; Vehicles</set>
			<set name="cost" currency="gp">8</set>
			<set name="weight" lb="0">—</set>
			<set name="type">Mount</set>
		</setters>
	</element> 
	<element name="Elephant" type="Item" source="Player’s Handbook" id="ID_WOTC_PHB_ITEM_ELEPHANT">
		<description>
			<p><strong><em>Speed.</em></strong> 40 ft.<br/><strong><em>Carrying Capacity.</em></strong> 1320 lb.</p>
		</description>
		<setters>
			<set name="category">Mounts &amp; Vehicles</set>
			<set name="cost" currency="gp">200</set>
			<set name="weight" lb="0">—</set>
			<set name="type">Mount</set>
		</setters>
	</element> 
	<element name="Horse, Draft" type="Item" source="Player’s Handbook" id="ID_WOTC_PHB_ITEM_HORSE_DRAFT">
		<description>
			<p><strong><em>Speed.</em></strong> 40 ft.<br/><strong><em>Carrying Capacity.</em></strong> 540 lb.</p>
		</description>
		<setters>
			<set name="category">Mounts &amp; Vehicles</set>
			<set name="cost" currency="gp">50</set>
			<set name="weight" lb="0">—</set>
			<set name="type">Mount</set>
		</setters>
	</element> 
	<element name="Horse, Riding" type="Item" source="Player’s Handbook" id="ID_WOTC_PHB_ITEM_HORSE_RIDING">
		<description>
			<p><strong><em>Speed.</em></strong> 60 ft.<br/><strong><em>Carrying Capacity.</em></strong> 480 lb.</p>
		</description>
		<setters>
			<set name="category">Mounts &amp; Vehicles</set>
			<set name="cost" currency="gp">75</set>
			<set name="weight" lb="0">—</set>
			<set name="type">Mount</set>
		</setters>
	</element> 
	<element name="Mastiff" type="Item" source="Player’s Handbook" id="ID_WOTC_PHB_ITEM_MASTIFF">
		<description>
			<p><strong><em>Speed.</em></strong> 40 ft.<br/><strong><em>Carrying Capacity.</em></strong> 195 lb.</p>
		</description>
		<setters>
			<set name="category">Mounts &amp; Vehicles</set>
			<set name="cost" currency="gp">25</set>
			<set name="weight" lb="0">—</set>
			<set name="type">Mount</set>
		</setters>
	</element> 
	<element name="Pony" type="Item" source="Player’s Handbook" id="ID_WOTC_PHB_ITEM_PONY">
		<description>
			<p><strong><em>Speed.</em></strong> 40 ft.<br/><strong><em>Carrying Capacity.</em></strong> 225 lb.</p>
		</description>
		<setters>
			<set name="category">Mounts &amp; Vehicles</set>
			<set name="cost" currency="gp">30</set>
			<set name="weight" lb="0">—</set>
			<set name="type">Mount</set>
		</setters>
	</element> 
	<element name="Warhorse" type="Item" source="Player’s Handbook" id="ID_WOTC_PHB_ITEM_WARHORSE">
		<description>
			<p><strong><em>Speed.</em></strong> 60 ft.<br/><strong><em>Carrying Capacity.</em></strong> 540 lb.</p>
		</description>
		<setters>
			<set name="category">Mounts &amp; Vehicles</set>
			<set name="cost" currency="gp">400</set>
			<set name="weight" lb="0">—</set>
			<set name="type">Mount</set>
		</setters>
	</element> 
	<element name="Barding" type="Item" source="Player’s Handbook" id="ID_WOTC_PHB_ITEM_BARDING">
		<description>
			<p>Barding is armor designed to protect an animal’s head, neck, chest, and body. Any type of armor shown on the Armor table in this chapter can be purchased as barding. The cost is four times the equivalent armor made for humanoids, and it weighs twice as much.</p>
		</description>
		<setters>
			<set name="category">Mounts &amp; Vehicles</set>
			<set name="cost" currency="gp">0</set>
			<set name="weight" lb="0">—</set>
		</setters>
	</element> 
	<element name="Bit and Bridle" type="Item" source="Player’s Handbook" id="ID_WOTC_PHB_ITEM_BIT_AND_BRIDLE">
		<description>
			<p></p>
		</description>
		<setters>
			<set name="category">Mounts &amp; Vehicles</set>
			<set name="cost" currency="gp">2</set>
			<set name="weight" lb="1">1 lb.</set>
		</setters>
	</element> 
	<element name="Carriage" type="Item" source="Player’s Handbook" id="ID_WOTC_PHB_ITEM_CARRIAGE">
		<description>
			<p></p>
		</description>
		<setters>
			<set name="category">Mounts &amp; Vehicles</set>
			<set name="cost" currency="gp">100</set>
			<set name="weight" lb="600" excludeEncumbrance="true">600 lb.</set>
			<set name="type">Vehicle</set>
		</setters>
	</element> 
	<element name="Cart" type="Item" source="Player’s Handbook" id="ID_WOTC_PHB_ITEM_CART">
		<description>
			<p></p>
		</description>
		<setters>
			<set name="category">Mounts &amp; Vehicles</set>
			<set name="cost" currency="gp">15</set>
			<set name="weight" lb="200" excludeEncumbrance="true">200 lb.</set>
			<set name="type">Vehicle</set>
		</setters>
	</element> 
	<element name="Chariot" type="Item" source="Player’s Handbook" id="ID_WOTC_PHB_ITEM_CHARIOT">
		<description>
			<p></p>
		</description>
		<setters>
			<set name="category">Mounts &amp; Vehicles</set>
			<set name="cost" currency="gp">250</set>
			<set name="weight" lb="100" excludeEncumbrance="true">100 lb.</set>
			<set name="type">Vehicle</set>
		</setters>
	</element> 
	<element name="Feed (per day)" type="Item" source="Player’s Handbook" id="ID_WOTC_PHB_ITEM_FEED_PER_DAY">
		<description>
			<p></p>
		</description>
		<setters>
			<set name="category">Mounts &amp; Vehicles</set>
			<set name="cost" currency="cp">5</set>
			<set name="weight" lb="10">10 lb.</set>
			<set name="stackable">true</set>
		</setters>
	</element> 
	<element name="Saddle, Exotic" type="Item" source="Player’s Handbook" id="ID_WOTC_PHB_ITEM_SADDLE_EXOTIC">
		<description>
			<p>A military saddle braces the rider, helping you keep your seat on an active mount in battle. It gives you advantage on any check you make to remain mounted. An exotic saddle is required for riding any aquatic or flying mount.</p>
		</description>
		<setters>
			<set name="category">Mounts &amp; Vehicles</set>
			<set name="cost" currency="gp">60</set>
			<set name="weight" lb="40" excludeEncumbrance="true">40 lb.</set>
		</setters>
	</element> 
	<element name="Saddle, Military" type="Item" source="Player’s Handbook" id="ID_WOTC_PHB_ITEM_SADDLE_MILITARY">
		<description>
			<p>A military saddle braces the rider, helping you keep your seat on an active mount in battle. It gives you advantage on any check you make to remain mounted. An exotic saddle is required for riding any aquatic or flying mount.</p>
		</description>
		<setters>
			<set name="category">Mounts &amp; Vehicles</set>
			<set name="cost" currency="gp">20</set>
			<set name="weight" lb="30" excludeEncumbrance="true">30 lb.</set>
		</setters>
	</element> 
	<element name="Saddle, Pack" type="Item" source="Player’s Handbook" id="ID_WOTC_PHB_ITEM_SADDLE_PACK">
		<description>
			<p>A military saddle braces the rider, helping you keep your seat on an active mount in battle. It gives you advantage on any check you make to remain mounted. An exotic saddle is required for riding any aquatic or flying mount.</p>
		</description>
		<setters>
			<set name="category">Mounts &amp; Vehicles</set>
			<set name="cost" currency="gp">5</set>
			<set name="weight" lb="15" excludeEncumbrance="true">15 lb.</set>
		</setters>
	</element> 
	<element name="Saddle, Riding" type="Item" source="Player’s Handbook" id="ID_WOTC_PHB_ITEM_SADDLE_RIDING">
		<description>
			<p>A military saddle braces the rider, helping you keep your seat on an active mount in battle. It gives you advantage on any check you make to remain mounted. An exotic saddle is required for riding any aquatic or flying mount.</p>
		</description>
		<setters>
			<set name="category">Mounts &amp; Vehicles</set>
			<set name="cost" currency="gp">10</set>
			<set name="weight" lb="25" excludeEncumbrance="true">25 lb.</set>
		</setters>
	</element> 
	<element name="Saddlebags" type="Item" source="Player’s Handbook" id="ID_WOTC_PHB_ITEM_SADDLEBAGS">
		<description>
			<p></p>
		</description>
		<setters>
			<set name="category">Mounts &amp; Vehicles</set>
			<set name="cost" currency="gp">4</set>
			<set name="weight" lb="8" excludeEncumbrance="true">8 lb.</set>
		</setters>
	</element> 
	<element name="Sled" type="Item" source="Player’s Handbook" id="ID_WOTC_PHB_ITEM_SLED">
		<description>
			<p></p>
		</description>
		<setters>
			<set name="category">Mounts &amp; Vehicles</set>
			<set name="cost" currency="gp">20</set>
			<set name="weight" lb="300" excludeEncumbrance="true">300 lb.</set>
			<set name="type">Vehicle</set>
		</setters>
	</element> 
	<element name="Stabling (per day)" type="Item" source="Player’s Handbook" id="ID_WOTC_PHB_ITEM_STABLING">
		<description>
			<p></p>
		</description>
		<setters>
			<set name="category">Mounts &amp; Vehicles</set>
			<set name="cost" currency="sp">5</set>
			<set name="weight" lb="0">0 lb.</set>
			<set name="stackable">true</set>
		</setters>
	</element> 
	<element name="Wagon" type="Item" source="Player’s Handbook" id="ID_WOTC_PHB_ITEM_WAGON">
		<description>
			<p></p>
		</description>
		<setters>
			<set name="category">Mounts &amp; Vehicles</set>
			<set name="cost" currency="gp">35</set>
			<set name="weight" lb="400" excludeEncumbrance="true">400 lb.</set>
			<set name="type">Vehicle</set>
		</setters>
	</element> 
	<element name="Galley" type="Item" source="Player’s Handbook" id="ID_WOTC_PHB_ITEM_GALLEY">
		<description>
			<p><strong><em>Speed.</em></strong> 4 mph</p>
		</description>
		<setters>
			<set name="category">Mounts &amp; Vehicles</set>
			<set name="cost" currency="gp">30000</set>
			<set name="weight" lb="0" excludeEncumbrance="true">0 lb.</set>
			<set name="type">Vehicle</set>
		</setters>
	</element> 
	<element name="Keelboat" type="Item" source="Player’s Handbook" id="ID_WOTC_PHB_ITEM_KEELBOAT">
		<description>
			<p><strong><em>Speed.</em></strong> 1 mph</p>
		</description>
		<setters>
			<set name="category">Mounts &amp; Vehicles</set>
			<set name="cost" currency="gp">3000</set>
			<set name="weight" lb="0" excludeEncumbrance="true">0 lb.</set>
			<set name="type">Vehicle</set>
		</setters>
	</element> 
	<element name="Longship" type="Item" source="Player’s Handbook" id="ID_WOTC_PHB_ITEM_LONGSHIP">
		<description>
			<p><strong><em>Speed.</em></strong> 3 mph</p>
		</description>
		<setters>
			<set name="category">Mounts &amp; Vehicles</set>
			<set name="cost" currency="gp">10000</set>
			<set name="weight" lb="0" excludeEncumbrance="true">0 lb.</set>
			<set name="type">Vehicle</set>
		</setters>
	</element> 
	<element name="Rowboat" type="Item" source="Player’s Handbook" id="ID_WOTC_PHB_ITEM_ROWBOAT">
		<description>
			<p><strong><em>Speed.</em></strong> 1 1/2 mph</p>
		</description>
		<setters>
			<set name="category">Mounts &amp; Vehicles</set>
			<set name="cost" currency="gp">50</set>
			<set name="weight" lb="0" excludeEncumbrance="true">0 lb.</set>
			<set name="type">Vehicle</set>
		</setters>
	</element> 
	<element name="Sailing Ship" type="Item" source="Player’s Handbook" id="ID_WOTC_PHB_ITEM_SAILING_SHIP">
		<description>
			<p><strong><em>Speed.</em></strong> 2 mph</p>
		</description>
		<setters>
			<set name="category">Mounts &amp; Vehicles</set>
			<set name="cost" currency="gp">10000</set>
			<set name="weight" lb="0" excludeEncumbrance="true">0 lb.</set>
			<set name="type">Vehicle</set>
		</setters>
	</element> 
	<element name="Warship" type="Item" source="Player’s Handbook" id="ID_WOTC_PHB_ITEM_WARSHIP">
		<description>
			<p><strong><em>Speed.</em></strong> 2 1/2 mph</p>
		</description>
		<setters>
			<set name="category">Mounts &amp; Vehicles</set>
			<set name="cost" currency="gp">25000</set>
			<set name="weight" lb="0" excludeEncumbrance="true">0 lb.</set>
			<set name="type">Vehicle</set>
		</setters>
	</element> 
</elements>
