<?xml version="1.0" encoding="utf-8" ?>
<elements>
	<info>
		<name>Weapons</name>
		<update version="0.0.4">
			<file name="items-weapons.xml" url="https://raw.githubusercontent.com/aurorabuilder/elements/master/core/players-handbook/items/items-weapons.xml" />
		</update>
	</info>
	
	<!-- simple -->
	<element name="Club" type="Weapon" source="Player’s Handbook" id="ID_WOTC_PHB_WEAPON_CLUB">
		<supports>ID_INTERNAL_WEAPON_CATEGORY_SIMPLE_MELEE, ID_INTERNAL_DAMAGE_TYPE_BLUDGEONING, ID_INTERNAL_WEAPON_PROPERTY_LIGHT, ID_INTERNAL_WEAPON_GROUP_CLUBS</supports>
		<description>
			<p></p>
		</description>
		<setters>
			<set name="category">Weapons</set>
			<set name="cost" currency="sp">1</set>
			<set name="weight" lb="2">2 lb.</set>
			<set name="slot">onehand</set>
			<set name="damage" type="bludgeoning">1d4</set>
			<set name="proficiency">ID_PROFICIENCY_WEAPON_PROFICIENCY_CLUB</set>
		</setters>
	</element>
	<element name="Dagger" type="Weapon" source="Player’s Handbook" id="ID_WOTC_PHB_WEAPON_DAGGER">
		<supports>ID_INTERNAL_WEAPON_CATEGORY_SIMPLE_MELEE, ID_INTERNAL_DAMAGE_TYPE_PIERCING, ID_INTERNAL_WEAPON_PROPERTY_FINESSE, ID_INTERNAL_WEAPON_PROPERTY_LIGHT, ID_INTERNAL_WEAPON_PROPERTY_THROWN</supports>
		<description>
			<p></p>
		</description>
		<setters>
			<set name="category">Weapons</set>
			<set name="cost" currency="gp">2</set>
			<set name="weight" lb="1">1 lb.</set>
			<set name="slot">onehand</set>
			<set name="range">20/60</set>
			<set name="damage" type="piercing">1d4</set>
			<set name="proficiency">ID_PROFICIENCY_WEAPON_PROFICIENCY_DAGGER</set>
		</setters>
	</element>
	<element name="Greatclub" type="Weapon" source="Player’s Handbook" id="ID_WOTC_PHB_WEAPON_GREATCLUB">
		<supports>ID_INTERNAL_WEAPON_CATEGORY_SIMPLE_MELEE, ID_INTERNAL_DAMAGE_TYPE_BLUDGEONING, ID_INTERNAL_WEAPON_PROPERTY_TWOHANDED, ID_INTERNAL_WEAPON_GROUP_CLUBS</supports>
		<description>
			<p></p>
		</description>
		<setters>
			<set name="category">Weapons</set>
			<set name="cost" currency="sp">2</set>
			<set name="weight" lb="10">10 lb.</set>
			<set name="slot">twohand</set>
			<set name="damage" type="bludgeoning">1d8</set>
			<set name="proficiency">ID_PROFICIENCY_WEAPON_PROFICIENCY_GREATCLUB</set>
		</setters>
	</element>
	<element name="Handaxe" type="Weapon" source="Player’s Handbook" id="ID_WOTC_PHB_WEAPON_HANDAXE">
		<supports>ID_INTERNAL_WEAPON_CATEGORY_SIMPLE_MELEE, ID_INTERNAL_DAMAGE_TYPE_SLASHING, ID_INTERNAL_WEAPON_PROPERTY_LIGHT, ID_INTERNAL_WEAPON_PROPERTY_THROWN, ID_INTERNAL_WEAPON_GROUP_AXES</supports>
		<description>
			<p></p>
		</description>
		<setters>
			<set name="category">Weapons</set>
			<set name="cost" currency="gp">5</set>
			<set name="weight" lb="2">2 lb.</set>
			<set name="slot">onehand</set>
			<set name="range">20/60</set>
			<set name="damage" type="slashing">1d6</set>
			<set name="proficiency">ID_PROFICIENCY_WEAPON_PROFICIENCY_HANDAXE</set>
		</setters>
	</element>
	<element name="Javelin" type="Weapon" source="Player’s Handbook" id="ID_WOTC_PHB_WEAPON_JAVELIN">
		<supports>ID_INTERNAL_WEAPON_CATEGORY_SIMPLE_MELEE, ID_INTERNAL_DAMAGE_TYPE_PIERCING, ID_INTERNAL_WEAPON_PROPERTY_THROWN</supports>
		<description>
			<p></p>
		</description>
		<setters>
			<set name="category">Weapons</set>
			<set name="cost" currency="sp">5</set>
			<set name="weight" lb="2">2 lb.</set>
			<set name="slot">onehand</set>
			<set name="range">30/120</set>
			<set name="damage" type="piercing">1d6</set>
			<set name="proficiency">ID_PROFICIENCY_WEAPON_PROFICIENCY_JAVELIN</set>
		</setters>
	</element>
	<element name="Light Hammer" type="Weapon" source="Player’s Handbook" id="ID_WOTC_PHB_WEAPON_LIGHTHAMMER">
		<supports>ID_INTERNAL_WEAPON_CATEGORY_SIMPLE_MELEE, ID_INTERNAL_DAMAGE_TYPE_BLUDGEONING, ID_INTERNAL_WEAPON_PROPERTY_LIGHT, ID_INTERNAL_WEAPON_PROPERTY_THROWN, ID_INTERNAL_WEAPON_GROUP_HAMMERS</supports>
		<description>
			<p></p>
		</description>
		<setters>
			<set name="category">Weapons</set>
			<set name="cost" currency="gp">2</set>
			<set name="weight" lb="2">2 lb.</set>
			<set name="slot">onehand</set>
			<set name="range">20/60</set>
			<set name="damage" type="bludgeoning">1d4</set>
			<set name="proficiency">ID_PROFICIENCY_WEAPON_PROFICIENCY_LIGHT_HAMMER</set>
		</setters>
	</element>
	<element name="Mace" type="Weapon" source="Player’s Handbook" id="ID_WOTC_PHB_WEAPON_MACE">
		<supports>ID_INTERNAL_WEAPON_CATEGORY_SIMPLE_MELEE, ID_INTERNAL_DAMAGE_TYPE_BLUDGEONING, ID_INTERNAL_WEAPON_GROUP_MACES</supports>
		<description>
			<p></p>
		</description>
		<setters>
			<set name="category">Weapons</set>
			<set name="cost" currency="gp">5</set>
			<set name="weight" lb="4">4 lb.</set>
			<set name="slot">onehand</set>
			<set name="damage" type="bludgeoning">1d6</set>
			<set name="proficiency">ID_PROFICIENCY_WEAPON_PROFICIENCY_MACE</set>
		</setters>
	</element>
	<element name="Quarterstaff" type="Weapon" source="Player’s Handbook" id="ID_WOTC_PHB_WEAPON_QUARTERSTAFF">
		<supports>ID_INTERNAL_WEAPON_CATEGORY_SIMPLE_MELEE, ID_INTERNAL_DAMAGE_TYPE_BLUDGEONING, ID_INTERNAL_WEAPON_PROPERTY_VERSATILE</supports>
		<description>
			<p></p>
		</description>
		<setters>
			<set name="category">Weapons</set>
			<set name="cost" currency="sp">2</set>
			<set name="weight" lb="4">4 lb.</set>
			<set name="slot">onehand</set>
			<set name="damage" type="bludgeoning">1d6</set>
			<set name="versatile">1d8</set>
			<set name="proficiency">ID_PROFICIENCY_WEAPON_PROFICIENCY_QUARTERSTAFF</set>
		</setters>
	</element>
	<element name="Sickle" type="Weapon" source="Player’s Handbook" id="ID_WOTC_PHB_WEAPON_SICKLE">
		<supports>ID_INTERNAL_WEAPON_CATEGORY_SIMPLE_MELEE, ID_INTERNAL_DAMAGE_TYPE_SLASHING, ID_INTERNAL_WEAPON_PROPERTY_LIGHT</supports>
		<description>
			<p></p>
		</description>
		<setters>
			<set name="category">Weapons</set>
			<set name="cost" currency="gp">1</set>
			<set name="weight" lb="2">2 lb.</set>
			<set name="slot">onehand</set>
			<set name="damage" type="slashing">1d4</set>
			<set name="proficiency">ID_PROFICIENCY_WEAPON_PROFICIENCY_SICKLE</set>
		</setters>
	</element>
	<element name="Spear" type="Weapon" source="Player’s Handbook" id="ID_WOTC_PHB_WEAPON_SPEAR">
		<supports>ID_INTERNAL_WEAPON_CATEGORY_SIMPLE_MELEE, ID_INTERNAL_DAMAGE_TYPE_PIERCING, ID_INTERNAL_WEAPON_PROPERTY_THROWN, ID_INTERNAL_WEAPON_PROPERTY_VERSATILE, ID_INTERNAL_WEAPON_GROUP_SPEARS</supports>
		<description>
			<p></p>
		</description>
		<setters>
			<set name="category">Weapons</set>
			<set name="cost" currency="gp">1</set>
			<set name="weight" lb="3">3 lb.</set>
			<set name="slot">onehand</set>
			<set name="range">20/60</set>
			<set name="damage" type="piercing">1d6</set>
			<set name="versatile">1d8</set>
			<set name="proficiency">ID_PROFICIENCY_WEAPON_PROFICIENCY_SPEAR</set>
		</setters>
	</element>
	<element name="Crossbow, Light" type="Weapon" source="Player’s Handbook" id="ID_WOTC_PHB_WEAPON_CROSSBOW_LIGHT">
		<supports>ID_INTERNAL_WEAPON_CATEGORY_SIMPLE_RANGED, ID_INTERNAL_DAMAGE_TYPE_PIERCING, ID_INTERNAL_WEAPON_PROPERTY_AMMUNITION, ID_INTERNAL_WEAPON_PROPERTY_LOADING, ID_INTERNAL_WEAPON_PROPERTY_TWOHANDED, ID_INTERNAL_WEAPON_GROUP_CROSSBOWS</supports>
		<description>
			<p></p>
		</description>
		<setters>
			<set name="category">Weapons</set>
			<set name="cost" currency="gp">25</set>
			<set name="weight" lb="5">5 lb.</set>
			<set name="slot">twohand</set>
			<set name="range">80/320</set>
			<set name="damage" type="piercing">1d8</set>
			<set name="proficiency">ID_PROFICIENCY_WEAPON_PROFICIENCY_CROSSBOW_LIGHT</set>
		</setters>
	</element>
	<element name="Dart" type="Weapon" source="Player’s Handbook" id="ID_WOTC_PHB_WEAPON_DART">
		<supports>ID_INTERNAL_WEAPON_CATEGORY_SIMPLE_RANGED, ID_INTERNAL_DAMAGE_TYPE_PIERCING, ID_INTERNAL_WEAPON_PROPERTY_FINESSE, ID_INTERNAL_WEAPON_PROPERTY_THROWN</supports>
		<description>
			<p></p>
		</description>
		<setters>
			<set name="category">Weapons</set>
			<set name="cost" currency="cp">5</set>
			<set name="weight" lb="0.25">1/4 lb.</set>
			<set name="slot">onehand</set>
			<set name="range">20/60</set>
			<set name="damage" type="piercing">1d4</set>
			<set name="proficiency">ID_PROFICIENCY_WEAPON_PROFICIENCY_DART</set>
		</setters>
	</element>
	<element name="Shortbow" type="Weapon" source="Player’s Handbook" id="ID_WOTC_PHB_WEAPON_SHORTBOW">
		<supports>ID_INTERNAL_WEAPON_CATEGORY_SIMPLE_RANGED, ID_INTERNAL_DAMAGE_TYPE_PIERCING, ID_INTERNAL_WEAPON_PROPERTY_AMMUNITION, ID_INTERNAL_WEAPON_PROPERTY_TWOHANDED, ID_INTERNAL_WEAPON_GROUP_BOWS</supports>
		<description>
			<p></p>
		</description>
		<setters>
			<set name="category">Weapons</set>
			<set name="cost" currency="gp">25</set>
			<set name="weight" lb="2">2 lb.</set>
			<set name="slot">twohand</set>
			<set name="range">80/320</set>
			<set name="damage" type="piercing">1d6</set>
			<set name="proficiency">ID_PROFICIENCY_WEAPON_PROFICIENCY_SHORTBOW</set>
		</setters>
	</element>
	<element name="Sling" type="Weapon" source="Player’s Handbook" id="ID_WOTC_PHB_WEAPON_SLING">
		<supports>ID_INTERNAL_WEAPON_CATEGORY_SIMPLE_RANGED, ID_INTERNAL_DAMAGE_TYPE_BLUDGEONING, ID_INTERNAL_WEAPON_PROPERTY_AMMUNITION</supports>
		<description>
			<p></p>
		</description>
		<setters>
			<set name="category">Weapons</set>
			<set name="cost" currency="sp">1</set>
			<set name="weight" lb="0">—</set>
			<set name="slot">onehand</set>
			<set name="range">30/120</set>
			<set name="damage" type="bludgeoning">1d4</set>
			<set name="proficiency">ID_PROFICIENCY_WEAPON_PROFICIENCY_SLING</set>
		</setters>
	</element>

	<!-- martial -->
	<element name="Battleaxe" type="Weapon" source="Player’s Handbook" id="ID_WOTC_PHB_WEAPON_BATTLEAXE">
		<supports>ID_INTERNAL_WEAPON_CATEGORY_MARTIAL_MELEE, ID_INTERNAL_DAMAGE_TYPE_SLASHING, ID_INTERNAL_WEAPON_PROPERTY_VERSATILE, ID_INTERNAL_WEAPON_GROUP_AXES</supports>
		<description>
			<p></p>
		</description>
		<setters>
			<set name="category">Weapons</set>
			<set name="cost" currency="gp">10</set>
			<set name="weight" lb="4">4 lb.</set>
			<set name="slot">onehand</set>
			<set name="damage" type="slashing">1d8</set>
			<set name="versatile">1d10</set>
			<set name="proficiency">ID_PROFICIENCY_WEAPON_PROFICIENCY_BATTLEAXE</set>
		</setters>
	</element>
	<element name="Flail" type="Weapon" source="Player’s Handbook" id="ID_WOTC_PHB_WEAPON_FLAIL">
		<supports>ID_INTERNAL_WEAPON_CATEGORY_MARTIAL_MELEE, ID_INTERNAL_DAMAGE_TYPE_BLUDGEONING</supports>
		<description>
			<p></p>
		</description>
		<setters>
			<set name="category">Weapons</set>
			<set name="cost" currency="gp">10</set>
			<set name="weight" lb="2">2 lb.</set>
			<set name="slot">onehand</set>
			<set name="damage" type="bludgeoning">1d8</set>
			<set name="proficiency">ID_PROFICIENCY_WEAPON_PROFICIENCY_FLAIL</set>
		</setters>
	</element>
	<element name="Glaive" type="Weapon" source="Player’s Handbook" id="ID_WOTC_PHB_WEAPON_GLAIVE">
		<supports>ID_INTERNAL_WEAPON_CATEGORY_MARTIAL_MELEE, ID_INTERNAL_DAMAGE_TYPE_SLASHING, ID_INTERNAL_WEAPON_PROPERTY_HEAVY, ID_INTERNAL_WEAPON_PROPERTY_REACH, ID_INTERNAL_WEAPON_PROPERTY_TWOHANDED</supports>
		<description>
			<p></p>
		</description>
		<setters>
			<set name="category">Weapons</set>
			<set name="cost" currency="gp">20</set>
			<set name="weight" lb="6">6 lb.</set>
			<set name="slot">twohand</set>
			<set name="damage" type="slashing">1d10</set>
			<set name="proficiency">ID_PROFICIENCY_WEAPON_PROFICIENCY_GLAIVE</set>
		</setters>
	</element>
	<element name="Greataxe" type="Weapon" source="Player’s Handbook" id="ID_WOTC_PHB_WEAPON_GREATAXE">
		<supports>ID_INTERNAL_WEAPON_CATEGORY_MARTIAL_MELEE, ID_INTERNAL_DAMAGE_TYPE_SLASHING, ID_INTERNAL_WEAPON_PROPERTY_HEAVY, ID_INTERNAL_WEAPON_PROPERTY_TWOHANDED, ID_INTERNAL_WEAPON_GROUP_AXES</supports>
		<description>
			<p></p>
		</description>
		<setters>
			<set name="category">Weapons</set>
			<set name="cost" currency="gp">30</set>
			<set name="weight" lb="7">7 lb.</set>
			<set name="slot">twohand</set>
			<set name="damage" type="slashing">1d12</set>
			<set name="proficiency">ID_PROFICIENCY_WEAPON_PROFICIENCY_GREATAXE</set>
		</setters>
	</element>
	<element name="Greatsword" type="Weapon" source="Player’s Handbook" id="ID_WOTC_PHB_WEAPON_GREATSWORD">
		<supports>ID_INTERNAL_WEAPON_CATEGORY_MARTIAL_MELEE, ID_INTERNAL_DAMAGE_TYPE_SLASHING, ID_INTERNAL_WEAPON_PROPERTY_HEAVY, ID_INTERNAL_WEAPON_PROPERTY_TWOHANDED, ID_INTERNAL_WEAPON_GROUP_SWORDS</supports>
		<description>
			<p></p>
		</description>
		<setters>
			<set name="category">Weapons</set>
			<set name="cost" currency="gp">50</set>
			<set name="weight" lb="6">6 lb.</set>
			<set name="slot">twohand</set>
			<set name="damage" type="slashing">2d6</set>
			<set name="proficiency">ID_PROFICIENCY_WEAPON_PROFICIENCY_GREATSWORD</set>
		</setters>
	</element>
	<element name="Halberd" type="Weapon" source="Player’s Handbook" id="ID_WOTC_PHB_WEAPON_HALBERD">
		<supports>ID_INTERNAL_WEAPON_CATEGORY_MARTIAL_MELEE, ID_INTERNAL_DAMAGE_TYPE_SLASHING, ID_INTERNAL_WEAPON_PROPERTY_HEAVY, ID_INTERNAL_WEAPON_PROPERTY_REACH, ID_INTERNAL_WEAPON_PROPERTY_TWOHANDED</supports>
		<description>
			<p></p>
		</description>
		<setters>
			<set name="category">Weapons</set>
			<set name="cost" currency="gp">20</set>
			<set name="weight" lb="6">6 lb.</set>
			<set name="slot">twohand</set>
			<set name="damage" type="slashing">1d10</set>
			<set name="proficiency">ID_PROFICIENCY_WEAPON_PROFICIENCY_HALBERD</set>
		</setters>
	</element>
	<element name="Lance" type="Weapon" source="Player’s Handbook" id="ID_WOTC_PHB_WEAPON_LANCE">
		<supports>ID_INTERNAL_WEAPON_CATEGORY_MARTIAL_MELEE, ID_INTERNAL_DAMAGE_TYPE_PIERCING, ID_INTERNAL_WEAPON_PROPERTY_REACH, ID_INTERNAL_WEAPON_PROPERTY_SPECIAL, ID_INTERNAL_WEAPON_PROPERTY_SPECIAL_LANCE</supports>
		<description>
			<p></p>
			<div element="ID_INTERNAL_WEAPON_PROPERTY_SPECIAL_LANCE" />
		</description>
		<setters>
			<set name="category">Weapons</set>
			<set name="cost" currency="gp">10</set>
			<set name="weight" lb="6">6 lb.</set>
			<set name="slot">onehand</set>
			<set name="damage" type="piercing">1d12</set>
			<set name="versatile">1d12</set>
			<set name="proficiency">ID_PROFICIENCY_WEAPON_PROFICIENCY_LANCE</set>
		</setters>
	</element>
	<element name="Longsword" type="Weapon" source="Player’s Handbook" id="ID_WOTC_PHB_WEAPON_LONGSWORD">
		<supports>ID_INTERNAL_WEAPON_CATEGORY_MARTIAL_MELEE, ID_INTERNAL_DAMAGE_TYPE_SLASHING, ID_INTERNAL_WEAPON_PROPERTY_VERSATILE, ID_INTERNAL_WEAPON_GROUP_SWORDS</supports>
		<description>
			<p></p>
		</description>
		<setters>
			<set name="category">Weapons</set>
			<set name="cost" currency="gp">15</set>
			<set name="weight" lb="3">3 lb.</set>
			<set name="slot">onehand</set>
			<set name="damage" type="slashing">1d8</set>
			<set name="versatile">1d10</set>
			<set name="proficiency">ID_PROFICIENCY_WEAPON_PROFICIENCY_LONGSWORD</set>
		</setters>
	</element>
	<element name="Maul" type="Weapon" source="Player’s Handbook" id="ID_WOTC_PHB_WEAPON_MAUL">
		<supports>ID_INTERNAL_WEAPON_CATEGORY_MARTIAL_MELEE, ID_INTERNAL_DAMAGE_TYPE_BLUDGEONING, ID_INTERNAL_WEAPON_PROPERTY_HEAVY, ID_INTERNAL_WEAPON_PROPERTY_TWOHANDED, ID_INTERNAL_WEAPON_GROUP_MAULS</supports>
		<description>
			<p></p>
		</description>
		<setters>
			<set name="category">Weapons</set>
			<set name="cost" currency="gp">10</set>
			<set name="weight" lb="10">10 lb.</set>
			<set name="slot">twohand</set>
			<set name="damage" type="bludgeoning">2d6</set>
			<set name="proficiency">ID_PROFICIENCY_WEAPON_PROFICIENCY_MAUL</set>
		</setters>
	</element>
	<element name="Morningstar" type="Weapon" source="Player’s Handbook" id="ID_WOTC_PHB_WEAPON_MORNINGSTAR">
		<supports>ID_INTERNAL_WEAPON_CATEGORY_MARTIAL_MELEE, ID_INTERNAL_DAMAGE_TYPE_PIERCING</supports>
		<description>
			<p></p>
		</description>
		<setters>
			<set name="category">Weapons</set>
			<set name="cost" currency="gp">15</set>
			<set name="weight" lb="4">4 lb.</set>
			<set name="slot">onehand</set>
			<set name="damage" type="piercing">1d8</set>
			<set name="proficiency">ID_PROFICIENCY_WEAPON_PROFICIENCY_MORNINGSTAR</set>
		</setters>
	</element>
	<element name="Pike" type="Weapon" source="Player’s Handbook" id="ID_WOTC_PHB_WEAPON_PIKE">
		<supports>ID_INTERNAL_WEAPON_CATEGORY_MARTIAL_MELEE, ID_INTERNAL_DAMAGE_TYPE_PIERCING, ID_INTERNAL_WEAPON_PROPERTY_HEAVY, ID_INTERNAL_WEAPON_PROPERTY_REACH, ID_INTERNAL_WEAPON_PROPERTY_TWOHANDED</supports>
		<description>
			<p></p>
		</description>
		<setters>
			<set name="category">Weapons</set>
			<set name="cost" currency="gp">5</set>
			<set name="weight" lb="18">18 lb.</set>
			<set name="slot">twohand</set>
			<set name="damage" type="piercing"> 1d10</set>
			<set name="proficiency">ID_PROFICIENCY_WEAPON_PROFICIENCY_PIKE</set>
		</setters>
	</element>
	<element name="Rapier" type="Weapon" source="Player’s Handbook" id="ID_WOTC_PHB_WEAPON_RAPIER">
		<supports>ID_INTERNAL_WEAPON_CATEGORY_MARTIAL_MELEE, ID_INTERNAL_DAMAGE_TYPE_PIERCING, ID_INTERNAL_WEAPON_PROPERTY_FINESSE, ID_INTERNAL_WEAPON_GROUP_SWORDS</supports>
		<description>
			<p></p>
		</description>
		<setters>
			<set name="category">Weapons</set>
			<set name="cost" currency="gp">25</set>
			<set name="weight" lb="2">2 lb.</set>
			<set name="slot">onehand</set>
			<set name="damage" type="piercing">1d8</set>
			<set name="proficiency">ID_PROFICIENCY_WEAPON_PROFICIENCY_RAPIER</set>
		</setters>
	</element>
	<element name="Scimitar" type="Weapon" source="Player’s Handbook" id="ID_WOTC_PHB_WEAPON_SCIMITAR">
		<supports>ID_INTERNAL_WEAPON_CATEGORY_MARTIAL_MELEE, ID_INTERNAL_DAMAGE_TYPE_SLASHING, ID_INTERNAL_WEAPON_PROPERTY_FINESSE, ID_INTERNAL_WEAPON_PROPERTY_LIGHT, ID_INTERNAL_WEAPON_GROUP_SWORDS</supports>
		<description>
			<p></p>
		</description>
		<setters>
			<set name="category">Weapons</set>
			<set name="cost" currency="gp">25</set>
			<set name="weight" lb="3">3 lb.</set>
			<set name="slot">onehand</set>
			<set name="damage" type="slashing">1d6</set>
			<set name="proficiency">ID_PROFICIENCY_WEAPON_PROFICIENCY_SCIMITAR</set>
		</setters>
	</element>
	<element name="Shortsword" type="Weapon" source="Player’s Handbook" id="ID_WOTC_PHB_WEAPON_SHORTSWORD">
		<supports>ID_INTERNAL_WEAPON_CATEGORY_MARTIAL_MELEE, ID_INTERNAL_DAMAGE_TYPE_PIERCING, ID_INTERNAL_WEAPON_PROPERTY_FINESSE, ID_INTERNAL_WEAPON_PROPERTY_LIGHT, ID_INTERNAL_WEAPON_GROUP_SWORDS</supports>
		<description>
			<p></p>
		</description>
		<setters>
			<set name="category">Weapons</set>
			<set name="cost" currency="gp">10</set>
			<set name="weight" lb="2">2 lb.</set>
			<set name="slot">onehand</set>
			<set name="damage" type="piercing">1d6</set>
			<set name="proficiency">ID_PROFICIENCY_WEAPON_PROFICIENCY_SHORTSWORD</set>
		</setters>
	</element>
	<element name="Trident" type="Weapon" source="Player’s Handbook" id="ID_WOTC_PHB_WEAPON_TRIDENT">
		<supports>ID_INTERNAL_WEAPON_CATEGORY_MARTIAL_MELEE, ID_INTERNAL_DAMAGE_TYPE_PIERCING, ID_INTERNAL_WEAPON_PROPERTY_THROWN, ID_INTERNAL_WEAPON_PROPERTY_VERSATILE</supports>
		<description>
			<p></p>
		</description>
		<setters>
			<set name="category">Weapons</set>
			<set name="cost" currency="gp">5</set>
			<set name="weight" lb="4">4 lb.</set>
			<set name="slot">onehand</set>
			<set name="range">20/60</set>
			<set name="damage" type="piercing">1d6</set>
			<set name="versatile">1d8</set>
			<set name="proficiency">ID_PROFICIENCY_WEAPON_PROFICIENCY_TRIDENT</set>
		</setters>
	</element>
	<element name="War Pick" type="Weapon" source="Player’s Handbook" id="ID_WOTC_PHB_WEAPON_WAR_PICK">
		<supports>ID_INTERNAL_WEAPON_CATEGORY_MARTIAL_MELEE, ID_INTERNAL_DAMAGE_TYPE_PIERCING</supports>
		<description>
			<p></p>
		</description>
		<setters>
			<set name="category">Weapons</set>
			<set name="cost" currency="gp">5</set>
			<set name="weight" lb="2">2 lb.</set>
			<set name="slot">onehand</set>
			<set name="damage" type="piercing">1d8</set>
			<set name="proficiency">ID_PROFICIENCY_WEAPON_PROFICIENCY_WAR_PICK</set>
		</setters>
	</element>
	<element name="Warhammer" type="Weapon" source="Player’s Handbook" id="ID_WOTC_PHB_WEAPON_WARHAMMER">
		<supports>ID_INTERNAL_WEAPON_CATEGORY_MARTIAL_MELEE, ID_INTERNAL_DAMAGE_TYPE_BLUDGEONING, ID_INTERNAL_WEAPON_PROPERTY_VERSATILE, ID_INTERNAL_WEAPON_GROUP_HAMMERS</supports>
		<description>
			<p></p>
		</description>
		<setters>
			<set name="category">Weapons</set>
			<set name="cost" currency="gp">15</set>
			<set name="weight" lb="2">2 lb.</set>
			<set name="slot">onehand</set>
			<set name="damage" type="bludgeoning">1d8</set>
			<set name="versatile">1d10</set>
			<set name="proficiency">ID_PROFICIENCY_WEAPON_PROFICIENCY_WARHAMMER</set>
		</setters>
	</element>
	<element name="Whip" type="Weapon" source="Player’s Handbook" id="ID_WOTC_PHB_WEAPON_WHIP">
		<supports>ID_INTERNAL_WEAPON_CATEGORY_MARTIAL_MELEE, ID_INTERNAL_DAMAGE_TYPE_SLASHING, ID_INTERNAL_WEAPON_PROPERTY_FINESSE, ID_INTERNAL_WEAPON_PROPERTY_REACH</supports>
		<description>
			<p></p>
		</description>
		<setters>
			<set name="category">Weapons</set>
			<set name="cost" currency="gp">2</set>
			<set name="weight" lb="3">3 lb.</set>
			<set name="slot">onehand</set>
			<set name="damage" type="slashing">1d4</set>
			<set name="proficiency">ID_PROFICIENCY_WEAPON_PROFICIENCY_WHIP</set>
		</setters>
	</element>
	<element name="Blowgun" type="Weapon" source="Player’s Handbook" id="ID_WOTC_PHB_WEAPON_BLOWGUN">
		<supports>ID_INTERNAL_WEAPON_CATEGORY_MARTIAL_RANGED, ID_INTERNAL_DAMAGE_TYPE_PIERCING, ID_INTERNAL_WEAPON_PROPERTY_AMMUNITION, ID_INTERNAL_WEAPON_PROPERTY_LOADING</supports>
		<description>
			<p></p>
		</description>
		<setters>
			<set name="category">Weapons</set>
			<set name="cost" currency="gp">10</set>
			<set name="weight" lb="1">1 lb.</set>
			<set name="slot">onehand</set>
			<set name="range">25/100</set>
			<set name="damage" type="piercing">1</set>
			<set name="proficiency">ID_PROFICIENCY_WEAPON_PROFICIENCY_BLOWGUN</set>
		</setters>
	</element>
	<element name="Crossbow, Hand" type="Weapon" source="Player’s Handbook" id="ID_WOTC_PHB_WEAPON_CROSSBOW_HAND">
		<supports>ID_INTERNAL_WEAPON_CATEGORY_MARTIAL_RANGED,ID_INTERNAL_DAMAGE_TYPE_PIERCING,ID_INTERNAL_WEAPON_PROPERTY_AMMUNITION,ID_INTERNAL_WEAPON_PROPERTY_LIGHT,ID_INTERNAL_WEAPON_PROPERTY_LOADING, ID_INTERNAL_WEAPON_GROUP_CROSSBOWS</supports>
		<description>
			<p></p>
		</description>
		<setters>
			<set name="category">Weapons</set>
			<set name="cost" currency="gp">75</set>
			<set name="weight" lb="3">3 lb.</set>
			<set name="slot">onehand</set>
			<set name="range">30/120</set>
			<set name="damage" type="piercing">1d6</set>
			<set name="proficiency">ID_PROFICIENCY_WEAPON_PROFICIENCY_CROSSBOW_HAND</set>
		</setters>
	</element>
	<element name="Crossbow, Heavy" type="Weapon" source="Player’s Handbook" id="ID_WOTC_PHB_WEAPON_CROSSBOW_HEAVY">
		<supports>ID_INTERNAL_WEAPON_CATEGORY_MARTIAL_RANGED, ID_INTERNAL_DAMAGE_TYPE_PIERCING, ID_INTERNAL_WEAPON_PROPERTY_AMMUNITION, ID_INTERNAL_WEAPON_PROPERTY_HEAVY, ID_INTERNAL_WEAPON_PROPERTY_LOADING, ID_INTERNAL_WEAPON_PROPERTY_TWOHANDED, ID_INTERNAL_WEAPON_GROUP_CROSSBOWS</supports>
		<description>
			<p></p>
		</description>
		<setters>
			<set name="category">Weapons</set>
			<set name="cost" currency="gp">50</set>
			<set name="weight" lb="18">18 lb.</set>
			<set name="slot">twohand</set>
			<set name="range">100/400</set>
			<set name="damage" type="piercing">1d10</set>
			<set name="proficiency">ID_PROFICIENCY_WEAPON_PROFICIENCY_CROSSBOW_HEAVY</set>
		</setters>
	</element>
	<element name="Longbow" type="Weapon" source="Player’s Handbook" id="ID_WOTC_PHB_WEAPON_LONGBOW">
		<supports>ID_INTERNAL_WEAPON_CATEGORY_MARTIAL_RANGED, ID_INTERNAL_DAMAGE_TYPE_PIERCING, ID_INTERNAL_WEAPON_PROPERTY_AMMUNITION, ID_INTERNAL_WEAPON_PROPERTY_HEAVY, ID_INTERNAL_WEAPON_PROPERTY_TWOHANDED, ID_INTERNAL_WEAPON_GROUP_BOWS</supports>
		<description>
			<p></p>
		</description>
		<setters>
			<set name="category">Weapons</set>
			<set name="cost" currency="gp">50</set>
			<set name="weight" lb="2">2 lb.</set>
			<set name="slot">twohand</set>
			<set name="range">150/600</set>
			<set name="damage" type="piercing">1d8</set>
			<set name="proficiency">ID_PROFICIENCY_WEAPON_PROFICIENCY_LONGBOW</set>
		</setters>
	</element>
	<element name="Net" type="Weapon" source="Player’s Handbook" id="ID_WOTC_PHB_WEAPON_NET">
		<supports>ID_INTERNAL_WEAPON_CATEGORY_MARTIAL_RANGED, ID_INTERNAL_WEAPON_PROPERTY_SPECIAL, ID_INTERNAL_WEAPON_PROPERTY_SPECIAL_NET, ID_INTERNAL_WEAPON_PROPERTY_THROWN</supports>
		<description>
			<p></p>
			<div element="ID_INTERNAL_WEAPON_PROPERTY_SPECIAL_NET" />
		</description>
		<setters>
			<set name="category">Weapons</set>
			<set name="cost" currency="gp">1</set>
			<set name="weight" lb="3">3 lb.</set>
			<set name="slot">onehand</set>
			<set name="range">5/15</set>
			<set name="damage">—</set>
			<set name="proficiency">ID_PROFICIENCY_WEAPON_PROFICIENCY_NET</set>
		</setters>
	</element>
</elements>