<?xml version="1.0" encoding="utf-8" ?>
<elements>
	<info>
		<name>Languages</name>
		<update version="0.0.1">
			<file name="languages.xml" url="https://raw.githubusercontent.com/aurorabuilder/elements/master/core/players-handbook/languages.xml" />
		</update>
	</info>

	<!-- standard -->
	<element name="Common" type="Language" source="Player’s Handbook" id="ID_LANGUAGE_COMMON">
		<supports>Standard</supports>
		<description>
			<p>Typically spoken by humans.</p>
		</description>
		<setters>
			<set name="standard">true</set>
			<set name="speakers">Humans</set>
			<set name="script">Common</set>
		</setters>
	</element>
	<element name="Dwarvish" type="Language" source="Player’s Handbook" id="ID_LANGUAGE_DWARVISH">
		<supports>Standard</supports>
		<description>
			<p>Typically spoken by dwarves.</p>
		</description>
		<setters>
			<set name="standard">true</set>
			<set name="speakers">Dwarves</set>
			<set name="script">Dwarvish</set>
		</setters>
	</element>
	<element name="Elvish" type="Language" source="Player’s Handbook" id="ID_LANGUAGE_ELVISH">
		<supports>Standard</supports>
		<description>
			<p>Typically spoken by elves.</p>
		</description>
		<setters>
			<set name="standard">true</set>
			<set name="speakers">Elves</set>
			<set name="script">Elvish</set>
		</setters>
	</element>
	<element name="Giant" type="Language" source="Player’s Handbook" id="ID_LANGUAGE_GIANT">
		<supports>Standard</supports>
		<description>
			<p>Typically spoken by ogres and giants.</p>
		</description>
		<setters>
			<set name="standard">true</set>
			<set name="speakers">Ogres, giants</set>
			<set name="script">Dwarvish</set>
		</setters>
	</element>
	<element name="Gnomish" type="Language" source="Player’s Handbook" id="ID_LANGUAGE_GNOMISH">
		<supports>Standard</supports>
		<description>
			<p>Typically spoken by gnomes.</p>
		</description>
		<setters>
			<set name="standard">true</set>
			<set name="speakers">Gnomes</set>
			<set name="script">Dwarvish</set>
		</setters>
	</element>
	<element name="Goblin" type="Language" source="Player’s Handbook" id="ID_LANGUAGE_GOBLIN">
		<supports>Standard</supports>
		<description>
			<p>Typically spoken by goblinoids.</p>
		</description>
		<setters>
			<set name="standard">true</set>
			<set name="speakers">Goblinoids</set>
			<set name="script">Dwarvish</set>
		</setters>
	</element>
	<element name="Halfling" type="Language" source="Player’s Handbook" id="ID_LANGUAGE_HALFLING">
		<supports>Standard</supports>
		<description>
			<p>Typically spoken by halflings.</p>
		</description>
		<setters>
			<set name="standard">true</set>
			<set name="speakers">Halflings</set>
			<set name="script">Common</set>
		</setters>
	</element>
	<element name="Orc" type="Language" source="Player’s Handbook" id="ID_LANGUAGE_ORC">
		<supports>Standard</supports>
		<description>
			<p>Typically spoken by orcs.</p>
		</description>
		<setters>
			<set name="standard">true</set>
			<set name="speakers">Orcs</set>
			<set name="script">Dwarvish</set>
		</setters>
	</element>

	<!-- exotic -->
	<element name="Abyssal" type="Language" source="Player’s Handbook" id="ID_LANGUAGE_ABYSSAL">
		<supports>Exotic</supports>
		<description>
			<p>Typically spoken by demons.</p>
		</description>
		<setters>
			<set name="exotic">true</set>
			<set name="speakers">Demons</set>
			<set name="script">Infernal</set>
		</setters>
	</element>
	<element name="Celestial" type="Language" source="Player’s Handbook" id="ID_LANGUAGE_CELESTIAL">
		<supports>Exotic</supports>
		<description>
			<p>Typically spoken by celestials</p>
		</description>
		<setters>
			<set name="exotic">true</set>
			<set name="speakers">Celestials</set>
			<set name="script">Celestial</set>
		</setters>
	</element>
	<element name="Deep Speech" type="Language" source="Player’s Handbook" id="ID_LANGUAGE_DEEP_SPEECH">
		<supports>Exotic</supports>
		<description>
			<p>Typically spoken by mind flayers and beholders.</p>
		</description>
		<setters>
			<set name="exotic">true</set>
			<set name="speakers">Mind flayers, beholders</set>
			<set name="script">—</set>
		</setters>
	</element>
	<element name="Draconic" type="Language" source="Player’s Handbook" id="ID_LANGUAGE_DRACONIC">
		<supports>Exotic</supports>
		<description>
			<p>Typically spoken by dragons and dragonborn.</p>
		</description>
		<setters>
			<set name="exotic">true</set>
			<set name="speakers">Dragons, dragonborn</set>
			<set name="script">Draconic</set>
		</setters>
	</element>
	<element name="Infernal" type="Language" source="Player’s Handbook" id="ID_LANGUAGE_INFERNAL">
		<supports>Exotic</supports>
		<description>
			<p>Typically spoken by devils.</p>
		</description>
		<setters>
			<set name="exotic">true</set>
			<set name="speakers">Devils</set>
			<set name="script">Infernal</set>
		</setters>
	</element>
	<element name="Primordial" type="Language" source="Player’s Handbook" id="ID_LANGUAGE_PRIMORDIAL">
		<supports>Exotic</supports>
		<description>
			<p>Typically spoken by elementals.</p>
			<p>The Primordial language includes the Auran, Aquan, Ignan, and Terran dialects, one for each of the four elemental planes.</p>
		</description>
		<setters>
			<set name="exotic">true</set>
			<set name="speakers">Elementals</set>
			<set name="script">Dwarvish</set>
		</setters>
	</element>
	<element name="Sylvan" type="Language" source="Player’s Handbook" id="ID_LANGUAGE_SYLVAN">
		<supports>Exotic</supports>
		<description>
			<p>Typically spoken by fey creatures.</p>
		</description>
		<setters>
			<set name="exotic">true</set>
			<set name="speakers">Fey creatures</set>
			<set name="script">Elvish</set>
		</setters>
	</element>
	<element name="Undercommon" type="Language" source="Player’s Handbook" id="ID_LANGUAGE_UNDERCOMMON">
		<supports>Exotic</supports>
		<description>
			<p>Typically spoken by underdark traders.</p>
		</description>
		<setters>
			<set name="exotic">true</set>
			<set name="speakers">Underdark traders</set>
			<set name="script">Elvish</set>
		</setters>
	</element>

	<!-- secret -->
	<element name="Druidic" type="Language" source="Player’s Handbook" id="ID_LANGUAGE_DRUIDIC">
		<supports>Secret</supports>
		<description>
			<p>The secret language of druids. You can speak the language and use it to leave hidden messages. You and others who know this language automatically spot such a message. Others spot the message’s presence with a successful DC 15 Wisdom (Perception) check but can’t decipher it without magic.</p>
		</description>
		<setters>
			<set name="secret">true</set>
			<set name="speakers">Druids</set>
		</setters>
	</element>  
	<element name="Thieves’ Cant" type="Language" source="Player’s Handbook" id="ID_WOTC_PHB_LANGUAGE_THIEVES_CANT">
		<supports>Secret</supports>
		<description>
			<p>A secret mix of dialect, jargon, and code that allows you to hide messages in seemingly normal conversation. Only another creature that knows thieves’ cant understands such messages. It takes four times longer to convey such a message than it does to speak the same idea plainly.</p>
		</description>
		<setters>
			<set name="secret">true</set>
			<set name="speakers">Rogues</set>
		</setters>
	</element>	
</elements>