<?xml version="1.0" encoding="utf-8" ?>
<elements>
	<info>
		<update version="0.0.2">
			<file name="sources.xml" url="https://raw.githubusercontent.com/aurorabuilder/elements/master/core/players-handbook/source.xml" />
		</update>
	</info>
	<element name="Player’s Handbook" type="Source" source="Core" id="ID_WOTC_SOURCE_PLAYERS_HANDBOOK">
		<description>
			<![CDATA[<p><strong>Everything a player needs to create heroic characters for the world’s greatest roleplaying game.</strong></p><p>The Player’s Handbook is the essential reference for every Dungeons &amp; Dragons roleplayer. It contains rules for character creation and advancement, backgrounds and skills, exploration and combat, equipment, spells, and much more. Use this book to create exciting characters from among the most iconic D&amp;D races and classes.</p><p>Dungeons &amp; Dragons immerses you in a world of adventure. Explore ancient ruins and deadly dungeons. Battle monsters while searching for legendary treasures. Gain experience and power as you trek across uncharted lands with your companions.</p><p>The world needs heroes. Will you answer the call?</p>]]>
		</description>
		<setters>
			<set name="abbreviation">PHB</set>
			<set name="url">http://dnd.wizards.com/products/tabletop-games/rpg-products/rpg_playershandbook/</set>
			<set name="image">https://media.dnd.wizards.com/styles/product_tabletop_left/public/images/product/DnD_PHB.png</set>
			<set name="errata">https://media.wizards.com/2020/dnd/downloads/PH-Errata.pdf</set>
			<set name="author" abbreviation="WOTC" url="http://dnd.wizards.com">Wizards of the Coast</set>
			<set name="official">true</set>
			<set name="core">true</set>
			<set name="release">20140819</set>
		</setters>
	</element>
</elements>