<?xml version="1.0" encoding="utf-8" ?>
<elements>
	<info>
		<name>Items</name>
		<author url="http://dnd.wizards.com/products/tabletop-games/rpg-products/rpg_playershandbook">Wizards of the Coast</author>
		<update version="0.0.6">
			<file name="items.xml" url="https://raw.githubusercontent.com/aurorabuilder/elements/master/supplements/hoard-of-the-dragon-queen/items.xml" />
		</update>
	</info>

	<element name="Black Dragon Mask" type="Magic Item" source="Hoard of the Dragon Queen" id="ID_WOTC_HOTDQ_MAGIC_ITEM_BLACK_DRAGON_MASK">		
		<description>
			<p>This horned mask of glossy ebony has a skull-like mien. While you wear the mask, you gain the following benefits, in addition to those the dragon masks share.</p>
			<p class="indent"><strong><em>Damage Type.</em></strong> The mask’s damage type is acid.</p>
			<p class="indent"><strong><em>Water Breathing.</em></strong> You can breathe underwater.</p>
			<!-- 
			<p>This horned mask of glossy ebony has horns and a skull-like mien.The mask reshapes to fit a wearer attuned to it. While you are wearing the mask and attuned to it, you can access the following properties.</p>
			<p class="indent"><strong><em>Damage Absorption.</em></strong> You have damage resistance to acid. If you already have damage resistance to acid from another source, you gain immunity to acid damage. If you already have immunity to acid damage from another source, you regain hit points equal to half of any acid damage you are dealt.</p>
			<p class="indent"><strong><em>Draconic Majesty.</em></strong> While you are wearing no armor, you can add your Charisma bonus to your Armor Class.</p>
			<p class="indent"><strong><em>Dragon Breath.</em></strong> If you have a breath weapon that request rest to recharge, it gains a recharge of 6.</p>
			<p class="indent"><strong><em>Dragon Sight.</em></strong> You gain darkvision with a radius of 60 feet, or an additional 60 feet of darkvision if you already have that sense. Once per day, you can blindsight out to a range of 30 feet for 5 minutes.</p>
			<p class="indent"><strong><em>Dragon Tongue.</em></strong> You can speak and understand Draconic. You also have advantage of any Charisma check you make against black dragons.</p>
			<p class="indent"><strong><em>Legendary Resistance (1/Day).</em></strong> If you fail a saving throw, you can choose to succeed instead.</p>
			-->
			<p>A dragon mask is a wondrous item that reshapes to fit the face and head of a wearer attuned to it. While you are wearing any dragon mask and attuned to it, you gain the following benefits.</p>
			<p class="indent"><strong><em>Damage Absorption.</em></strong> You have resistance against the mask’s damage type. If you already have resistance to that damage type from another source, you instead have immunity to that damage type. If you already have immunity to that damage type from another source, whenever you are subjected to damage of that type, you take none of that damage and regain a number of hit points equal to half the damage dealt of that type.</p>
			<p class="indent"><strong><em>Draconic Majesty.</em></strong> While you are wearing no armor, you can add your Charisma bonus to your Armor Class.</p>
			<p class="indent"><strong><em>Dragon Breath.</em></strong> If you have a breath weapon that requires rest to recharge, it gains a recharge of 6.</p>
			<p class="indent"><strong><em>Dragon Sight.</em></strong> You gain darkvision out to 60 feet, or to an additional 60 feet if you already have that sense. Once per day, you can gain blindsight out to 30 feet for 5 minutes.</p>
			<p class="indent"><strong><em>Dragon Tongue.</em></strong> You can speak and understand Draconic. You also have advantage on any Charisma check you make against dragons that share the mask’s color.</p>
			<p class="indent"><strong><em>Legendary Resistance (1/Day).</em></strong> If you fail a saving throw, you can choose to succeed instead.</p>
		</description>
		<setters>
			<set name="category">Wondrous Items</set>
			<set name="cost" currency="gp">0</set>
			<set name="weight" lb="0">0 lb.</set>
			<set name="type">Wondrous Item</set>
			<set name="rarity">Legendary</set>
			<set name="attunement">true</set>
			<set name="slot">head</set>
		</setters>
		<rules>
			<grant type="Condition" id="ID_INTERNAL_CONDITION_DAMAGE_RESISTANCE_ACID"  />			
			<!-- <grant type="Condition" id="ID_INTERNAL_CONDITION_DAMAGE_IMMUNITY_ACID" requirements="ID_INTERNAL_CONDITION_DAMAGE_RESISTANCE_ACID" /> -->
			<grant type="Vision" id="ID_VISION_DARKVISION" />
			<stat name="ac:misc" value="charisma:modifier" equipped="[armor:none]" />
		</rules>
	</element>
	<element name="White Dragon Mask" type="Magic Item" source="Hoard of the Dragon Queen" id="ID_WOTC_HOTDQ_MAGIC_ITEM_WHITE_DRAGON_MASK">		
		<description>
			<p>This gleaming mask is white with highlights of pale blue and is topped by a spined crest. While you wear the mask, you gain the following benefits, in addition to those the dragon masks share.</p>
			<p class="indent"><strong><em>Damage Type.</em></strong> The mask’s damage type is cold.</p>
			<p class="indent"><strong><em>Winter’s Fury.</em></strong> While your current hit points are equal to or less than half your hit point maximum, you deal an extra 1d8 cold damage with your melee attacks.</p>
			<p>A dragon mask is a wondrous item that reshapes to fit the face and head of a wearer attuned to it. While you are wearing any dragon mask and attuned to it, you gain the following benefits.</p>
			<p class="indent"><strong><em>Damage Absorption.</em></strong> You have resistance against the mask’s damage type. If you already have resistance to that damage type from another source, you instead have immunity to that damage type. If you already have immunity to that damage type from another source, whenever you are subjected to damage of that type, you take none of that damage and regain a number of hit points equal to half the damage dealt of that type.</p>
			<p class="indent"><strong><em>Draconic Majesty.</em></strong> While you are wearing no armor, you can add your Charisma bonus to your Armor Class.</p>
			<p class="indent"><strong><em>Dragon Breath.</em></strong> If you have a breath weapon that requires rest to recharge, it gains a recharge of 6.</p>
			<p class="indent"><strong><em>Dragon Sight.</em></strong> You gain darkvision out to 60 feet, or to an additional 60 feet if you already have that sense. Once per day, you can gain blindsight out to 30 feet for 5 minutes.</p>
			<p class="indent"><strong><em>Dragon Tongue.</em></strong> You can speak and understand Draconic. You also have advantage on any Charisma check you make against dragons that share the mask’s color.</p>
			<p class="indent"><strong><em>Legendary Resistance (1/Day).</em></strong> If you fail a saving throw, you can choose to succeed instead.</p>
		</description>
		<setters>
			<set name="category">Wondrous Items</set>
			<set name="cost" currency="gp">0</set>
			<set name="weight" lb="0">0 lb.</set>
			<set name="type">Wondrous Item</set>
			<set name="rarity">Legendary</set>
			<set name="attunement">true</set>
			<set name="slot">head</set>
		</setters>
		<rules>
			<grant type="Condition" id="ID_INTERNAL_CONDITION_DAMAGE_RESISTANCE_COLD"  />			
			<!-- <grant type="Condition" id="ID_INTERNAL_CONDITION_DAMAGE_IMMUNITY_COLD" requirements="ID_INTERNAL_CONDITION_DAMAGE_RESISTANCE_COLD" /> -->
			<grant type="Vision" id="ID_VISION_DARKVISION" />
			<stat name="ac:misc" value="charisma:modifier" equipped="[armor:none]" />
		</rules>
	</element>
	<element name="Red Dragon Mask" type="Magic Item" source="Hoard of the Dragon Queen" id="ID_WOTC_HOTDQ_MAGIC_ITEM_RED_DRAGON_MASK">		
		<description>
			<p>This mask of glossy crimson has swept-back horns and spiked cheek ridges. While you wear the mask, you gain the following benefits, in addition to those the dragon masks share.</p>
			<p class="indent"><strong><em>Damage Type.</em></strong> The mask’s damage type is fire.</p>
			<p class="indent"><strong><em>Dragon Fire.</em></strong> If you deal fire damage to a creature or flammable object, it starts burning. At the start of each of its turns, a creature burning in this way takes 1d6 fire damage. A creature that can reach the burning target can use an action to extinguish the fire.</p>
			<p>A dragon mask is a wondrous item that reshapes to fit the face and head of a wearer attuned to it. While you are wearing any dragon mask and attuned to it, you gain the following benefits.</p>
			<p class="indent"><strong><em>Damage Absorption.</em></strong> You have resistance against the mask’s damage type. If you already have resistance to that damage type from another source, you instead have immunity to that damage type. If you already have immunity to that damage type from another source, whenever you are subjected to damage of that type, you take none of that damage and regain a number of hit points equal to half the damage dealt of that type.</p>
			<p class="indent"><strong><em>Draconic Majesty.</em></strong> While you are wearing no armor, you can add your Charisma bonus to your Armor Class.</p>
			<p class="indent"><strong><em>Dragon Breath.</em></strong> If you have a breath weapon that requires rest to recharge, it gains a recharge of 6.</p>
			<p class="indent"><strong><em>Dragon Sight.</em></strong> You gain darkvision out to 60 feet, or to an additional 60 feet if you already have that sense. Once per day, you can gain blindsight out to 30 feet for 5 minutes.</p>
			<p class="indent"><strong><em>Dragon Tongue.</em></strong> You can speak and understand Draconic. You also have advantage on any Charisma check you make against dragons that share the mask’s color.</p>
			<p class="indent"><strong><em>Legendary Resistance (1/Day).</em></strong> If you fail a saving throw, you can choose to succeed instead.</p>
		</description>
		<setters>
			<set name="category">Wondrous Items</set>
			<set name="cost" currency="gp">0</set>
			<set name="weight" lb="0">0 lb.</set>
			<set name="type">Wondrous Item</set>
			<set name="rarity">Legendary</set>
			<set name="attunement">true</set>
			<set name="slot">head</set>
		</setters>
		<rules>
			<grant type="Condition" id="ID_INTERNAL_CONDITION_DAMAGE_RESISTANCE_FIRE"  />			
			<!-- <grant type="Condition" id="ID_INTERNAL_CONDITION_DAMAGE_IMMUNITY_FIRE" requirements="ID_INTERNAL_CONDITION_DAMAGE_RESISTANCE_FIRE" /> -->
			<grant type="Vision" id="ID_VISION_DARKVISION" />
			<stat name="ac:misc" value="charisma:modifier" equipped="[armor:none]" />
		</rules>
	</element>
	<element name="Blue Dragon Mask" type="Magic Item" source="Hoard of the Dragon Queen" id="ID_WOTC_HOTDQ_MAGIC_ITEM_BLUE_DRAGON_MASK">		
		<description>
			<p>This mask of glossy azure has spikes around its edges and a ridged horn in its center. While you wear the mask, you gain the following benefits, in addition to those the dragon masks share.</p>
			<p class="indent"><strong><em>Damage Type.</em></strong> The mask’s damage type is lightning.</p>
			<p class="indent"><strong><em>Lingering Shock.</em></strong> If you deal lightning damage to a creature, it can’t take reactions until its next turn.</p>
			<p>A dragon mask is a wondrous item that reshapes to fit the face and head of a wearer attuned to it. While you are wearing any dragon mask and attuned to it, you gain the following benefits.</p>
			<p class="indent"><strong><em>Damage Absorption.</em></strong> You have resistance against the mask’s damage type. If you already have resistance to that damage type from another source, you instead have immunity to that damage type. If you already have immunity to that damage type from another source, whenever you are subjected to damage of that type, you take none of that damage and regain a number of hit points equal to half the damage dealt of that type.</p>
			<p class="indent"><strong><em>Draconic Majesty.</em></strong> While you are wearing no armor, you can add your Charisma bonus to your Armor Class.</p>
			<p class="indent"><strong><em>Dragon Breath.</em></strong> If you have a breath weapon that requires rest to recharge, it gains a recharge of 6.</p>
			<p class="indent"><strong><em>Dragon Sight.</em></strong> You gain darkvision out to 60 feet, or to an additional 60 feet if you already have that sense. Once per day, you can gain blindsight out to 30 feet for 5 minutes.</p>
			<p class="indent"><strong><em>Dragon Tongue.</em></strong> You can speak and understand Draconic. You also have advantage on any Charisma check you make against dragons that share the mask’s color.</p>
			<p class="indent"><strong><em>Legendary Resistance (1/Day).</em></strong> If you fail a saving throw, you can choose to succeed instead.</p>
		</description>
		<setters>
			<set name="category">Wondrous Items</set>
			<set name="cost" currency="gp">0</set>
			<set name="weight" lb="0">0 lb.</set>
			<set name="type">Wondrous Item</set>
			<set name="rarity">Legendary</set>
			<set name="attunement">true</set>
			<set name="slot">head</set>
		</setters>
		<rules>
			<grant type="Condition" id="ID_INTERNAL_CONDITION_DAMAGE_RESISTANCE_LIGHTNING"  />			
			<!-- <grant type="Condition" id="ID_INTERNAL_CONDITION_DAMAGE_IMMUNITY_LIGHTNING" requirements="ID_INTERNAL_CONDITION_DAMAGE_RESISTANCE_LIGHTNING" /> -->
			<grant type="Vision" id="ID_VISION_DARKVISION" />
			<stat name="ac:misc" value="charisma:modifier" equipped="[armor:none]" />
		</rules>
	</element>
	<element name="Green Dragon Mask" type="Magic Item" source="Hoard of the Dragon Queen" id="ID_WOTC_HOTDQ_MAGIC_ITEM_GREEN_DRAGON_MASK">		
		<description>
			<p>This mottled green mask is surmounted by a frilled crest and has leathery spiked plates along its jaw. While you wear the mask, you gain the following benefits, in addition to those the dragon masks share.</p>
			<p class="indent"><strong><em>Damage Type.</em></strong> The mask’s damage type is poison.</p>
			<p class="indent"><strong><em>Water Breathing.</em></strong> You can breathe underwater.</p>
			<p>A dragon mask is a wondrous item that reshapes to fit the face and head of a wearer attuned to it. While you are wearing any dragon mask and attuned to it, you gain the following benefits.</p>
			<p class="indent"><strong><em>Damage Absorption.</em></strong> You have resistance against the mask’s damage type. If you already have resistance to that damage type from another source, you instead have immunity to that damage type. If you already have immunity to that damage type from another source, whenever you are subjected to damage of that type, you take none of that damage and regain a number of hit points equal to half the damage dealt of that type.</p>
			<p class="indent"><strong><em>Draconic Majesty.</em></strong> While you are wearing no armor, you can add your Charisma bonus to your Armor Class.</p>
			<p class="indent"><strong><em>Dragon Breath.</em></strong> If you have a breath weapon that requires rest to recharge, it gains a recharge of 6.</p>
			<p class="indent"><strong><em>Dragon Sight.</em></strong> You gain darkvision out to 60 feet, or to an additional 60 feet if you already have that sense. Once per day, you can gain blindsight out to 30 feet for 5 minutes.</p>
			<p class="indent"><strong><em>Dragon Tongue.</em></strong> You can speak and understand Draconic. You also have advantage on any Charisma check you make against dragons that share the mask’s color.</p>
			<p class="indent"><strong><em>Legendary Resistance (1/Day).</em></strong> If you fail a saving throw, you can choose to succeed instead.</p>
		</description>
		<setters>
			<set name="category">Wondrous Items</set>
			<set name="cost" currency="gp">0</set>
			<set name="weight" lb="0">0 lb.</set>
			<set name="type">Wondrous Item</set>
			<set name="rarity">Legendary</set>
			<set name="attunement">true</set>
			<set name="slot">head</set>
		</setters>
		<rules>
			<grant type="Condition" id="ID_INTERNAL_CONDITION_DAMAGE_RESISTANCE_POISON"  />			
			<!-- <grant type="Condition" id="ID_INTERNAL_CONDITION_DAMAGE_IMMUNITY_POISON" requirements="ID_INTERNAL_CONDITION_DAMAGE_RESISTANCE_POISON" /> -->
			<grant type="Vision" id="ID_VISION_DARKVISION" />
			<stat name="ac:misc" value="charisma:modifier" equipped="[armor:none]" />
		</rules>
	</element>
	<element name="Hazirawn" type="Magic Item" source="Hoard of the Dragon Queen" id="ID_WOTC_HOTDQ_MAGIC_ITEM_HAZIRAWN">		
		<description>
			<p>A sentient (neutral evil) greatsword, <em>Hazirawn</em> is capable of speech in Common and Netherese. Even if you aren’t attuned to the sword, you gain a +1 bonus on attack rolls and damage rolls made with this weapon. If you are attuned to <em>Hazirawn</em>, you deal an extra 1d6 necrotic damage when you hit with the weapon.</p>
			<p class="indent"><strong><em>Increased Potency.</em></strong> While you are attuned to this weapon, its bonus on attack rolls and damage rolls increases to +2, and a hit deals an extra 2d6 necrotic damage (instead of 1d6).</p>
			<p class="indent"><strong><em>Spells.</em></strong> <em>Hazirawn</em> has 4 charges to cast spells. As long as the sword is attuned to you and you are holding it in your hand, you can cast detect magic (1 charge), detect evil and good (1 charge), or detect thoughts (2 charges). Each night at midnight, <em>Hazirawn</em> regains 1d4 expended charges.</p>
			<p class="indent"><strong><em>Wounding.</em></strong> While you are attuned to the weapon,any creature that you hit with  <em>Hazirawn</em>  can’t regain hit points for 1 minute. The target can make a DC15 Constitution saving throw at the end of each of its turns, ending this effect early on a success.</p>
		</description>
		<setters>
			<set name="category">Magic Weapons</set>
			<set name="cost" currency="gp">0</set>
			<set name="type" addition="greatsword">Weapon</set>
			<set name="rarity">Legendary</set>
			<set name="attunement">true</set>
			<set name="weapon">Greatsword</set>
			<set name="enhancement">2</set>
			<set name="charges">4</set>
		</setters>
		<rules>
			<!-- need rules to adjust stat based on attunement, current stats assume attunement -->
		</rules>
	</element> 
	<element name="Insignia of Claws" type="Magic Item" source="Hoard of the Dragon Queen" id="ID_WOTC_HOTDQ_MAGIC_ITEM_INSIGNIA_OF_CLAWS">		
		<description>
			<p>The jewels in this insignia of the Cult of the Dragon flare with purple light when you enter combat, empowering your natural fists or natural weapon.</p>
			<p class="indent">While wearing the insigna, you gain a +1 bonus to the attack rolls and the damage rolls you make with unarmed strikes and natural weapons. Such attacks are considered to be magical.</p>
		</description>
		<setters>
			<set name="category">Wondrous Items</set>
			<set name="cost" currency="gp">0</set>
			<set name="weight" lb="0">0 lb.</set>
			<set name="type">Wondrous Item</set>
			<set name="rarity">Uncommon</set>
			<set name="slot">misc</set>
		</setters>
		<rules>
			<stat name="unarmed:attack" value="1" />
			<stat name="unarmed:damage" value="1" />
			<stat name="natural:attack" value="1" />			
			<stat name="natural:damage" value="1" />
		</rules>
	</element> 
	<element name="Wand of Winter" type="Magic Item" source="Hoard of the Dragon Queen" id="ID_WOTC_HOTDQ_MAGIC_ITEM_WAND_OF_WINTER">		
		<description>
			<p>This wand looks and feels like an icicle. You must be attuned to the wand to use it.</p>
			<p class="indent">The wand has 7 charges, which are used to fuel the spells within it. With the wand in hand, you can use your action to cast one of the following spells from the wand, even if you are incapable of casting spells: <em>ray of frost</em> (no charges, or 1 charge to cast at 5th level; +5 to hit with ranged spell attack), <em>sleet storm</em> (3 charges; spell save DC15), or <em>ice storm</em> (4 charges; spell save DC15). No components are required.</p>
			<p class="indent">The wand regains 1d6 + 1 expended charges each day at dawn. If you expend the wand’s last charge, roll a d20. On a 20, the wand melts away, forever destroyed.</p>
		</description>
		<setters>
			<set name="category">Wands</set>
			<set name="cost" currency="gp">0</set>
			<set name="weight" lb="1">1 lb.</set>
			<set name="type">Wand</set>
			<set name="rarity">Rare</set>
			<set name="slot">onehand</set>
			<set name="attunement">true</set>
			<set name="charges">7</set>
		</setters>
	</element>
</elements>
