<?xml version="1.0" encoding="utf-8" ?>
<elements>
    <info>
        <name>Lost Vaults: Holy Symbols</name>
        <description>Lost Vaults: Holy Symbols</description>
        <author url="https://www.reddit.com/user/MrBakudan/">u/MrBakudan</author>
        <update version="0.0.1">
            <file name="holy-symbols.xml" url="https://raw.githubusercontent.com/community-elements/elements-reddit/master/reddit/reddit-unearthed-arcana/lost-vaults/holy-symbols.xml" />
        </update>
    </info>

</elements>