<?xml version="1.0" encoding="utf-8" ?>
<elements>
	<info>
		<name>Languages</name>
		<description></description>
		<author url="http://dnd.wizards.com/products/tabletop-games/rpg-products/guildmasters-guide-ravnica">Guildmasters’ Guide to Ravnica</author>
		<update version="0.0.3">
			<file name="languages.xml" url="https://raw.githubusercontent.com/aurorabuilder/elements/master/supplements/guildmasters-guide-to-ravnica/languages.xml" />
		</update>
	</info>
	<element name="Kraul" type="Language" source="Guildmasters’ Guide to Ravnica" id="ID_GGTR_LANGUAGE_KRAUL">
		<supports>Standard</supports>
		<description>
			<p>Typically spoken by Kraul.</p>
		</description>
		<setters>
			<set name="standard">true</set>
			<set name="speakers">Kraul</set>
			<set name="script">Kraul</set>
		</setters>
	</element>
	<element name="Loxodon" type="Language" source="Guildmasters’ Guide to Ravnica" id="ID_GGTR_LANGUAGE_LOXODON">
		<supports>Standard</supports>
		<description>
			<p>Typically spoken by Loxodons.</p>
		</description>
		<setters>
			<set name="standard">true</set>
			<set name="speakers">Loxodons</set>
			<set name="script">Elvish</set>
		</setters>
	</element>
	<element name="Merfolk" type="Language" source="Guildmasters’ Guide to Ravnica" id="ID_GGTR_LANGUAGE_MERFOLK">
		<supports>Standard</supports>
		<description>
			<p>Typically spoken by Merfolk.</p>
		</description>
		<setters>
			<set name="standard">true</set>
			<set name="speakers">Merfolk</set>
			<set name="script">Merfolk</set>
		</setters>
	</element>
	<element name="Minotaur" type="Language" source="Guildmasters’ Guide to Ravnica" id="ID_GGTR_LANGUAGE_MINOTAUR">
		<supports>Standard</supports>
		<description>
			<p>Typically spoken by Minotaurs.</p>
		</description>
		<setters>
			<set name="standard">true</set>
			<set name="speakers">Minotaurs</set>
			<set name="script">Minotaur</set>
		</setters>
	</element>
	<element name="Sphinx" type="Language" source="Guildmasters’ Guide to Ravnica" id="ID_GGTR_LANGUAGE_SPHINX">
		<supports>Standard</supports>
		<description>
			<p>Typically spoken by Sphinxes.</p>
		</description>
		<setters>
			<set name="standard">true</set>
			<set name="speakers">Sphinxes</set>
			<set name="script"></set>
		</setters>
	</element>
	<element name="Vedalken" type="Language" source="Guildmasters’ Guide to Ravnica" id="ID_GGTR_LANGUAGE_VEDALKEN">
		<supports>Standard</supports>
		<description>
			<p>Typically spoken by Vedalken.</p>
		</description>
		<setters>
			<set name="standard">true</set>
			<set name="speakers">Vedalken</set>
			<set name="script">Vedalken</set>
		</setters>
	</element>
</elements>