<?xml version="1.0" encoding="utf-8" ?>
<elements>
    <info>
        <name>Spells</name>
        <description></description>
		<author url="http://dnd.wizards.com/products/tabletop-games/rpg-products/guildmasters-guide-ravnica">Guildmasters’ Guide to Ravnica</author>
        <update version="0.0.3">
            <file name="spells.xml" url="https://raw.githubusercontent.com/aurorabuilder/elements/master/supplements/guildmasters-guide-to-ravnica/spells.xml" />
        </update>
    </info>	
    <element name="Encode Thoughts" type="Spell" source="Guildmasters’ Guide to Ravnica" id="ID_GGTR_SPELL_ENCODE_THOUGHTS">
        <description>
			<p>Putting a finger to your head, you pull a memory, an idea, or a message from your mind and transform it into a tangible string of glowing energy called a thought strand, which persists for the duration or until you cast this spell again. The thought strand appears in an unoccupied space within 5 feet of you as a Tiny, weightless, semisolid object that can be held and carried like a ribbon. It is otherwise stationary.</p>
			<p class="indent">If you cast this spell while concentrating on a spell or an ability that allows you to read or manipulate the thoughts of others (such as detect thoughts or modify memory), you can transform the thoughts or memories you read, rather than your own, into a thought strand.</p>
			<p class="indent">Casting this spell while holding a thought strand allows you to instantly receive whatever memory, idea, or message the thought strand contains. (Casting detect thoughts on the strand has the same effect.)</p>
        </description>
        <setters>
            <set name="keywords">memory</set>
            <set name="level">0</set>
            <set name="school">Enchantment</set>
            <set name="time">1 action</set>
            <set name="duration">Up to 8 hours</set>
            <set name="range">Self</set>
            <set name="hasVerbalComponent">false</set>
            <set name="hasSomaticComponent">true</set>
            <set name="hasMaterialComponent">false</set>
            <set name="materialComponent"></set>
            <set name="isConcentration">false</set>
            <set name="isRitual">false</set>
        </setters>
    </element>
	<element name="Chaos Bolt" type="Spell" source="Guildmasters’ Guide to Ravnica" id="ID_GGTR_SPELL_CHAOS_BOLT">
        <description>
            <p>You hurl an undulating, warbling mass of chaotic energy at one creature in range. Make a ranged spell attack against the target. On a hit, the target takes 2d8 + 1d6 damage. Choose one of the d8s. The number rolled on that die determines the attack's damage type, as shown below.</p>
            <table>
                <thead>
                    <tr><td class="col-10">d8</td><td>Damage Type</td></tr>
                </thead>
                <tr><td>1</td><td>Acid</td></tr>
                <tr><td>2</td><td>Cold</td></tr>
                <tr><td>3</td><td>Fire</td></tr>
                <tr><td>4</td><td>Force</td></tr>
                <tr><td>5</td><td>Lightning</td></tr>
                <tr><td>6</td><td>Poison</td></tr>
                <tr><td>7</td><td>Psychic</td></tr>
                <tr><td>8</td><td>Thunder</td></tr>
            </table>
            <p class="indent">If you roll the same number on both d8s, the chaotic energy leaps from the target to a different creature of your choice within 30 feet of it. Make a new attack roll against the new target, and make a new damage roll, which could cause the chaotic energy to leap again. A creature can be targeted only once by each casting of this spell.</p>
            <p class="indent"><b><i>At Higher Levels.</i></b> When you cast this spell using a spell slot of 2nd level or higher, each target takes 1d6 extra damage of the type rolled for each slot level above 1st.</p>
        </description>
        <setters>
            <set name="keywords">acid,cold,fire,force,lightning,poison,psychic,thunder</set>
            <set name="level">1</set>
            <set name="school">Evocation</set>
            <set name="time">1 action</set>
            <set name="duration">Instantaneous</set>
            <set name="range">120 feet</set>
            <set name="hasVerbalComponent">true</set>
            <set name="hasSomaticComponent">true</set>
            <set name="hasMaterialComponent">false</set>
            <set name="materialComponent"></set>
            <set name="isConcentration">false</set>
            <set name="isRitual">false</set>
        </setters>
    </element>
</elements>