<?xml version="1.0" encoding="utf-8" ?>
<elements>
	<info>
		<name>Supernatural Gifts</name>
		<update version="0.0.1">
			<file name="items-gifts.xml" url="https://raw.githubusercontent.com/aurorabuilder/elements/master/core/dungeon-masters-guide/items/items-gifts.xml" />
		</update>
	</info>
	<element name="Blessing of Health" type="Magic Item" source="Dungeon Master’s Guide" id="ID_WOTC_DMG_MAGIC_ITEM_BLESSING_OF_HEALTH">
		<description>
			<p>Your Constitution score increases by 2, up to a maximum of 22.</p>
		</description>
		<setters>
			<set name="category">Supernatural Gifts</set>
			<set name="type">Blessing</set>
			<set name="slot">gift</set>
		</setters>
		<rules>
			<stat name="constitution" value="2" />
			<stat name="constitution:max" value="22" bonus="base" />
		</rules>
	</element>
	<element name="Blessing of Magic Resistance" type="Magic Item" source="Dungeon Master’s Guide" id="ID_WOTC_DMG_MAGIC_ITEM_BLESSING_OF_MAGIC_RESISTANCE">
		<description>
			<p>You have advantage on saving throws against spells and other magical effects.</p>
		</description>
		<setters>
			<set name="category">Supernatural Gifts</set>
			<set name="type">Blessing</set>
			<set name="slot">gift</set>
		</setters>
	</element>
	<element name="Blessing of Protection" type="Magic Item" source="Dungeon Master’s Guide" id="ID_WOTC_DMG_MAGIC_ITEM_BLESSING_OF_PROTECTION">
		<description>
			<p>You gain a +1 bonus to AC and saving throws.</p>
		</description>
		<setters>
			<set name="category">Supernatural Gifts</set>
			<set name="type">Blessing</set>
			<set name="slot">gift</set>
		</setters>
		<rules>
			<stat name="ac:misc" value="1" />	
			<stat name="strength:save:misc" value="1" />
			<stat name="dexterity:save:misc" value="1" />
			<stat name="constitution:save:misc" value="1" />
			<stat name="intelligence:save:misc" value="1" />
			<stat name="wisdom:save:misc" value="1" />
			<stat name="charisma:save:misc" value="1" />
		</rules>
	</element>
	<element name="Blessing of Understanding" type="Magic Item" source="Dungeon Master’s Guide" id="ID_WOTC_DMG_MAGIC_ITEM_BLESSING_OF_UNDERSTANDING">
		<description>
			<p>Your Wisdom score increases by 2, up to a maximum of 22.</p>
		</description>
		<setters>
			<set name="category">Supernatural Gifts</set>
			<set name="type">Blessing</set>
			<set name="slot">gift</set>
		</setters>
		<rules>
			<stat name="wisdom" value="2" />
			<stat name="wisdom:max" value="22" bonus="base" />
		</rules>
	</element>
	<element name="Blessing of Valhalla" type="Magic Item" source="Dungeon Master’s Guide" id="ID_WOTC_DMG_MAGIC_ITEM_BLESSING_OF_VALHALLA">
		<description>
			<p>This blessing grants you the power to summon spirit warriors, as if you had blown a silver horn of Valhalla. Once you use this blessing, you can’t use it again until 7 days have passed.</p>
			<div class="reference">
				<div element="ID_WOTC_DMG_MAGIC_ITEM_HORN_OF_VALHALLA_SILVER" />
			</div>
		</description>
		<setters>
			<set name="category">Supernatural Gifts</set>
			<set name="type">Blessing</set>
			<set name="slot">gift</set>
		</setters>
	</element>
	<element name="Blessing of Weapon Enhancement" type="Magic Item" source="Dungeon Master’s Guide" id="ID_WOTC_DMG_MAGIC_ITEM_BLESSING_OF_WEAPON_ENHANCEMENT">
		<description>
			<p>One nonmagical weapon in your possession becomes a weapon +1 whenever you wield it.</p>
		</description>
		<setters>
			<set name="category">Supernatural Gifts</set>
			<set name="type">Blessing</set>
			<set name="slot">gift</set>
		</setters>
	</element>
	<element name="Blessing of Wound Closure" type="Magic Item" source="Dungeon Master’s Guide" id="ID_WOTC_DMG_MAGIC_ITEM_BLESSING_OF_WOUND_CLOSURE">
		<description>
			<p>This blessing grants you the benefits of a periapt of wound closure.</p>
			<div class="reference">
				<div element="ID_WOTC_DMG_MAGIC_ITEM_PERIAPT_OF_WOUND_CLOSURE" />
			</div>
		</description>
		<setters>
			<set name="category">Supernatural Gifts</set>
			<set name="type">Blessing</set>
			<set name="slot">gift</set>
		</setters>
	</element>
	<element name="Charm of Animal Conjuring" type="Magic Item" source="Dungeon Master’s Guide" id="ID_WOTC_DMG_MAGIC_ITEM_CHARM_OF_ANIMAL_CONJURING">
		<description>
			<p>This charm allows you to cast the conjure animals spell (3rd-level version) as an action. Once used three times, the charm vanishes from you.</p>
		</description>
		<setters>
			<set name="category">Supernatural Gifts</set>
			<set name="type">Charm</set>
			<set name="slot">gift</set>
		</setters>
	</element>
	<element name="Charm of Darkvision" type="Magic Item" source="Dungeon Master’s Guide" id="ID_WOTC_DMG_MAGIC_ITEM_CHARM_OF_DARKVISION">
		<description>
			<p>This charm allows you to cast the darkvision spell as an action, no components required. Once used three times, the charm goes away.</p>
		</description>
		<setters>
			<set name="category">Supernatural Gifts</set>
			<set name="type">Charm</set>
			<set name="slot">gift</set>
		</setters>
	</element>
	<element name="Charm of Feather Falling" type="Magic Item" source="Dungeon Master’s Guide" id="ID_WOTC_DMG_MAGIC_ITEM_CHARM_OF_FEATHER_FALLING">
		<description>
			<p>This charm grants you the benefits of a ring of feather falling. These benefits last for 10 days, after which the charm vanishes from you.</p>
			<div class="reference">
				<div element="ID_WOTC_DMG_MAGIC_ITEM_RING_OF_FEATHER_FALLING" />
			</div>
		</description>
		<setters>
			<set name="category">Supernatural Gifts</set>
			<set name="type">Charm</set>
			<set name="slot">gift</set>
		</setters>
	</element>
	<element name="Charm of Heroism" type="Magic Item" source="Dungeon Master’s Guide" id="ID_WOTC_DMG_MAGIC_ITEM_CHARM_OF_HEROISM">
		<description>
			<p>This charm allows you to give yourself the benefit of a potion of heroism as an action. Once you do so, the charm vanishes from you.</p>
			<div class="reference">
				<div element="ID_WOTC_DMG_MAGIC_ITEM_POTION_OF_HEROISM" />
			</div>
		</description>
		<setters>
			<set name="category">Supernatural Gifts</set>
			<set name="type">Charm</set>
			<set name="slot">gift</set>
		</setters>
	</element>
	<element name="Charm of Restoration" type="Magic Item" source="Dungeon Master’s Guide" id="ID_WOTC_DMG_MAGIC_ITEM_CHARM_OF_RESTORATION">
		<description>
			<p>This charm has 6 charges. You can use an action to expend some of its charges to cast one of the following spells: greater restoration (4 charges) or lesser restoration (2 charges). Once all its charges have been expended, the charm vanishes from you.</p>
		</description>
		<setters>
			<set name="category">Supernatural Gifts</set>
			<set name="type">Charm</set>
			<set name="slot">gift</set>
			<set name="charges">6</set>
		</setters>
	</element>
	<element name="Charm of the Slayer" type="Magic Item" source="Dungeon Master’s Guide" id="ID_WOTC_DMG_MAGIC_ITEM_CHARM_OF_THE_SLAYER">
		<description>
			<p>One sword in your possession becomes a dragon slayer or giant slayer (DM’s choice) for the next 9 days. The charm then vanishes from you and the weapon returns to normal.</p>
		</description>
		<setters>
			<set name="category">Supernatural Gifts</set>
			<set name="type">Charm</set>
			<set name="slot">gift</set>
		</setters>
	</element>
	<element name="Charm of Vitality" type="Magic Item" source="Dungeon Master’s Guide" id="ID_WOTC_DMG_MAGIC_ITEM_CHARM_OF_VITALITY">
		<description>
			<p>This charm allows you to give yourself the benefit of a potion of vitality as an action. Once you do so, the charm vanishes from you.</p>
			<div class="reference">
				<div element="ID_WOTC_DMG_MAGIC_ITEM_POTION_OF_VITALITY" />
			</div>
		</description>
		<setters>
			<set name="category">Supernatural Gifts</set>
			<set name="type">Charm</set>
			<set name="slot">gift</set>
		</setters>
	</element>
	<element name="Boon of Combat Prowess" type="Magic Item" source="Dungeon Master’s Guide" id="ID_WOTC_DMG_MAGIC_ITEM_BOON_OF_COMBAT_PROWESS">
		<description>
			<p>When you miss with a melee weapon attack, you can choose to hit instead. Once you use this boon, you can’t use it again until you finish a short rest.</p>
		</description>
		<setters>
			<set name="category">Supernatural Gifts</set>
			<set name="type">Epic Boon</set>
			<set name="slot">gift</set>
		</setters>
	</element>
	<element name="Boon of Dimensional Travel" type="Magic Item" source="Dungeon Master’s Guide" id="ID_WOTC_DMG_MAGIC_ITEM_BOON_OF_DIMENSIONAL_TRAVEL">
		<description>
			<p>As an action, you can cast the misty step spell, without using a spell slot or any components. Once you do so, you can’t use this boon again until you finish a short rest.</p>
		</description>
		<setters>
			<set name="category">Supernatural Gifts</set>
			<set name="type">Epic Boon</set>
			<set name="slot">gift</set>
		</setters>
	</element>
	<element name="Boon of Fate" type="Magic Item" source="Dungeon Master’s Guide" id="ID_WOTC_DMG_MAGIC_ITEM_BOON_OF_FATE">
		<description>
			<p>When another creature that you can see within 60 feet of you makes an ability check, an attack roll, or a saving throw, you can roll a d10 and apply the result as a bonus or penalty to the roll. Once you use this boon, you can’t use it again until you finish a short rest.</p>
		</description>
		<setters>
			<set name="category">Supernatural Gifts</set>
			<set name="type">Epic Boon</set>
			<set name="slot">gift</set>
		</setters>
	</element>
	<element name="Boon of Fortitude" type="Magic Item" source="Dungeon Master’s Guide" id="ID_WOTC_DMG_MAGIC_ITEM_BOON_OF_FORTITUDE">
		<description>
			<p>Your hit point maximum increases by 40.</p>
		</description>
		<setters>
			<set name="category">Supernatural Gifts</set>
			<set name="type">Epic Boon</set>
			<set name="slot">gift</set>
		</setters>
		<rules>
			<stat name="hp" value="40" />
		</rules>
	</element>
	<element name="Boon of High Magic" type="Magic Item" source="Dungeon Master’s Guide" id="ID_WOTC_DMG_MAGIC_ITEM_BOON_OF_HIGH_MAGIC">
		<description>
			<p>You gain one 9th-level spell slot, provided that you already have one.</p>
		</description>
		<setters>
			<set name="category">Supernatural Gifts</set>
			<set name="type">Epic Boon</set>
			<set name="slot">gift</set>
		</setters>
	</element>
	<element name="Boon of Immortality" type="Magic Item" source="Dungeon Master’s Guide" id="ID_WOTC_DMG_MAGIC_ITEM_BOON_OF_IMMORTALITY">
		<description>
			<p>You stop aging. You are immune to any effect that would age you, and you can’t die from old age.</p>
		</description>
		<setters>
			<set name="category">Supernatural Gifts</set>
			<set name="type">Epic Boon</set>
			<set name="slot">gift</set>
		</setters>
	</element>
	<element name="Boon of Invincibility" type="Magic Item" source="Dungeon Master’s Guide" id="ID_WOTC_DMG_MAGIC_ITEM_BOON_OF_INVINCIBILITY">
		<description>
			<p>When you take damage from any source, you can reduce that damage to 0. Once you use this boon, you can’t use it again until you finish a short rest.</p>
		</description>
		<setters>
			<set name="category">Supernatural Gifts</set>
			<set name="type">Epic Boon</set>
			<set name="slot">gift</set>
		</setters>
	</element>
	<element name="Boon of Irresistible Offense" type="Magic Item" source="Dungeon Master’s Guide" id="ID_WOTC_DMG_MAGIC_ITEM_BOON_OF_IRRESISTIBLE_OFFENSE">
		<description>
			<p>You can bypass the damage resistances of any creature.</p>
		</description>
		<setters>
			<set name="category">Supernatural Gifts</set>
			<set name="type">Epic Boon</set>
			<set name="slot">gift</set>
		</setters>
	</element>
	<element name="Boon of Luck" type="Magic Item" source="Dungeon Master’s Guide" id="ID_WOTC_DMG_MAGIC_ITEM_BOON_OF_LUCK">
		<description>
			<p>You can add a d10 roll to any ability check, attack roll, or saving throw you make. Once you use this boon, you can’t use it again until you finish a short rest.</p>
		</description>
		<setters>
			<set name="category">Supernatural Gifts</set>
			<set name="type">Epic Boon</set>
			<set name="slot">gift</set>
		</setters>
	</element>
	<element name="Boon of Magic Resistance" type="Magic Item" source="Dungeon Master’s Guide" id="ID_WOTC_DMG_MAGIC_ITEM_BOON_OF_MAGIC_RESISTANCE">
		<description>
			<p>You have advantage on saving throws against spells and other magical effects.</p>
		</description>
		<setters>
			<set name="category">Supernatural Gifts</set>
			<set name="type">Epic Boon</set>
			<set name="slot">gift</set>
		</setters>
	</element>
	<element name="Boon of Peerless Aim" type="Magic Item" source="Dungeon Master’s Guide" id="ID_WOTC_DMG_MAGIC_ITEM_BOON_OF_PEERLESS_AIM">
		<description>
			<p>You can give yourself a +20 bonus to a ranged attack roll you make. Once you use this boon, you can’t use it again until you finish a short rest.</p>
		</description>
		<setters>
			<set name="category">Supernatural Gifts</set>
			<set name="type">Epic Boon</set>
			<set name="slot">gift</set>
		</setters>
	</element>
	<element name="Boon of Perfect Health" type="Magic Item" source="Dungeon Master’s Guide" id="ID_WOTC_DMG_MAGIC_ITEM_BOON_OF_PERFECT_HEALTH">
		<description>
			<p>You are immune to all diseases and poisons, and you have advantage on Constitution saving throws.</p>
		</description>
		<setters>
			<set name="category">Supernatural Gifts</set>
			<set name="type">Epic Boon</set>
			<set name="slot">gift</set>
		</setters>
	</element>
	<element name="Boon of Planar Travel" type="Magic Item" source="Dungeon Master’s Guide" id="ID_WOTC_DMG_MAGIC_ITEM_BOON_OF_PLANAR_TRAVEL">
		<description>
			<p>When you gain this boon, choose a plane of existence other than the Material Plane. You can now use an action to cast the plane shift spell (no spell slot or components required), targeting yourself only, and travel to the chosen plane, or from that plane back to the Material Plane. Once you use this boon, you can’t use it again until you finish a short rest.</p>
		</description>
		<setters>
			<set name="category">Supernatural Gifts</set>
			<set name="type">Epic Boon</set>
			<set name="slot">gift</set>
		</setters>
	</element>
	<element name="Boon of Quick Casting" type="Magic Item" source="Dungeon Master’s Guide" id="ID_WOTC_DMG_MAGIC_ITEM_BOON_OF_QUICK_CASTING">
		<description>
			<p>Choose one of your spells of 1st through 3rd level that has a casting time of 1 action. That spell’s casting time is now 1 bonus action for you.</p>
		</description>
		<setters>
			<set name="category">Supernatural Gifts</set>
			<set name="type">Epic Boon</set>
			<set name="slot">gift</set>
		</setters>
	</element>
	<element name="Boon of Recovery" type="Magic Item" source="Dungeon Master’s Guide" id="ID_WOTC_DMG_MAGIC_ITEM_BOON_OF_RECOVERY">
		<description>
			<p>You can use a bonus action to regain a number of hit points equal to half your hit point maximum. Once you use this boon, you can’t use it again until you finish a long rest.</p>
		</description>
		<setters>
			<set name="category">Supernatural Gifts</set>
			<set name="type">Epic Boon</set>
			<set name="slot">gift</set>
		</setters>
	</element>
	<element name="Boon of Resilience" type="Magic Item" source="Dungeon Master’s Guide" id="ID_WOTC_DMG_MAGIC_ITEM_BOON_OF_RESILIENCE">
		<description>
			<p>You have resistance to bludgeoning, piercing, and slashing damage from nonmagical weapons.</p>
		</description>
		<setters>
			<set name="category">Supernatural Gifts</set>
			<set name="type">Epic Boon</set>
			<set name="slot">gift</set>
		</setters>
	</element>
	<element name="Boon of Skill Proficiency" type="Magic Item" source="Dungeon Master’s Guide" id="ID_WOTC_DMG_MAGIC_ITEM_BOON_OF_SKILL_PROFICIENCY">
		<description>
			<p>You gain proficiency in all skills.</p>
		</description>
		<setters>
			<set name="category">Supernatural Gifts</set>
			<set name="type">Epic Boon</set>
			<set name="slot">gift</set>
		</setters>
		<rules>
			<grant type="Proficiency" id="ID_PROFICIENCY_SKILL_ACROBATICS" />
			<grant type="Proficiency" id="ID_PROFICIENCY_SKILL_ANIMALHANDLING" />
			<grant type="Proficiency" id="ID_PROFICIENCY_SKILL_ARCANA" />
			<grant type="Proficiency" id="ID_PROFICIENCY_SKILL_ATHLETICS" />
			<grant type="Proficiency" id="ID_PROFICIENCY_SKILL_DECEPTION" />
			<grant type="Proficiency" id="ID_PROFICIENCY_SKILL_HISTORY" />
			<grant type="Proficiency" id="ID_PROFICIENCY_SKILL_INSIGHT" />
			<grant type="Proficiency" id="ID_PROFICIENCY_SKILL_INTIMIDATION" />
			<grant type="Proficiency" id="ID_PROFICIENCY_SKILL_INVESTIGATION" />
			<grant type="Proficiency" id="ID_PROFICIENCY_SKILL_MEDICINE" />
			<grant type="Proficiency" id="ID_PROFICIENCY_SKILL_NATURE" />
			<grant type="Proficiency" id="ID_PROFICIENCY_SKILL_PERCEPTION" />
			<grant type="Proficiency" id="ID_PROFICIENCY_SKILL_PERFORMANCE" />
			<grant type="Proficiency" id="ID_PROFICIENCY_SKILL_PERSUASION" />
			<grant type="Proficiency" id="ID_PROFICIENCY_SKILL_RELIGION" />
			<grant type="Proficiency" id="ID_PROFICIENCY_SKILL_SLEIGHTOFHAND" />
			<grant type="Proficiency" id="ID_PROFICIENCY_SKILL_STEALTH" />
			<grant type="Proficiency" id="ID_PROFICIENCY_SKILL_SURVIVAL" />
		</rules>
	</element>
	<element name="Boon of Speed" type="Magic Item" source="Dungeon Master’s Guide" id="ID_WOTC_DMG_MAGIC_ITEM_BOON_OF_SPEED">
		<description>
			<p>Your walking speed increases by 30 feet. In addition, you can use a bonus action to take the Dash or Disengage action. Once you do so, you can’t do so again until you finish a short rest.</p>
		</description>
		<setters>
			<set name="category">Supernatural Gifts</set>
			<set name="type">Epic Boon</set>
			<set name="slot">gift</set>
		</setters>
		<rules>
			<stat name="speed:misc" value="30" />
		</rules>
	</element>
	<element name="Boon of Spell Mastery" type="Magic Item" source="Dungeon Master’s Guide" id="ID_WOTC_DMG_MAGIC_ITEM_BOON_OF_SPELL_MASTERY">
		<description>
			<p>Choose one 1st-level sorcerer, warlock, or wizard spell that you can cast. You can now cast that spell at its lowest level without expending a spell slot.</p>
		</description>
		<setters>
			<set name="category">Supernatural Gifts</set>
			<set name="type">Epic Boon</set>
			<set name="slot">gift</set>
		</setters>
	</element>
	<element name="Boon of Spell Recall" type="Magic Item" source="Dungeon Master’s Guide" id="ID_WOTC_DMG_MAGIC_ITEM_BOON_OF_SPELL_RECALL">
		<description>
			<p>You can cast any spell you know or have prepared without expending a spell slot. Once you do so, you can’t use this boon again until you finish a long rest.</p>
		</description>
		<setters>
			<set name="category">Supernatural Gifts</set>
			<set name="type">Epic Boon</set>
			<set name="slot">gift</set>
		</setters>
	</element>
	<element name="Boon of the Fire Soul" type="Magic Item" source="Dungeon Master’s Guide" id="ID_WOTC_DMG_MAGIC_ITEM_BOON_OF_THE_FIRE_SOUL">
		<description>
			<p>You have immunity to fire damage. You can also cast burning hands (save DC 15) at will, without using a spell slot or any components.</p>
		</description>
		<setters>
			<set name="category">Supernatural Gifts</set>
			<set name="type">Epic Boon</set>
			<set name="slot">gift</set>
		</setters>
		<rules>
			<grant type="Condition" id="ID_INTERNAL_CONDITION_DAMAGE_IMMUNITY_FIRE" />
			<grant type="Spell" id="ID_PHB_SPELL_BURNING_HANDS" />
		</rules>
	</element>
	<element name="Boon of the Night Spirit" type="Magic Item" source="Dungeon Master’s Guide" id="ID_WOTC_DMG_MAGIC_ITEM_BOON_OF_THE_NIGHT_SPIRIT">
		<description>
			<p>While completely in an area of dim light or darkness, you can become invisible as an action. You remain invisible until you take an action or a reaction.</p>
		</description>
		<setters>
			<set name="category">Supernatural Gifts</set>
			<set name="type">Epic Boon</set>
			<set name="slot">gift</set>
		</setters>
	</element>
	<element name="Boon of the Stormborn" type="Magic Item" source="Dungeon Master’s Guide" id="ID_WOTC_DMG_MAGIC_ITEM_BOON_OF_THE_STORMBORN">
		<description>
			<p>You have immunity to lightning and thunder damage. You can also cast thunderwave (save DC 15) at will, without using a spell slot or any components.</p>
		</description>
		<setters>
			<set name="category">Supernatural Gifts</set>
			<set name="type">Epic Boon</set>
			<set name="slot">gift</set>
		</setters>
		<rules>
			<grant type="Condition" id="ID_INTERNAL_CONDITION_DAMAGE_IMMUNITY_LIGHTNING" />
			<grant type="Condition" id="ID_INTERNAL_CONDITION_DAMAGE_IMMUNITY_THUNDER" />
			<grant type="Spell" id="ID_PHB_SPELL_THUNDERWAVE" />
		</rules>
	</element>
	<element name="Boon of the Unfettered" type="Magic Item" source="Dungeon Master’s Guide" id="ID_WOTC_DMG_MAGIC_ITEM_BOON_OF_THE_UNFETTERED">
		<description>
			<p>You have advantage on ability checks made to resist being grappled. In addition, you can use an action to automatically escape a grapple or free yourself of restraints of any kind.</p>
		</description>
		<setters>
			<set name="category">Supernatural Gifts</set>
			<set name="type">Epic Boon</set>
			<set name="slot">gift</set>
		</setters>
	</element>
	<element name="Boon of Truesight" type="Magic Item" source="Dungeon Master’s Guide" id="ID_WOTC_DMG_MAGIC_ITEM_BOON_OF_TRUESIGHT">
		<description>
			<p>You have truesight out to a range of 60 feet.</p>
		</description>
		<setters>
			<set name="category">Supernatural Gifts</set>
			<set name="type">Epic Boon</set>
			<set name="slot">gift</set>
		</setters>
		<rules>
			<grant type="Vision" id="ID_VISION_TRUESIGHT" />
		</rules>
	</element>
	<element name="Boon of Undetectability" type="Magic Item" source="Dungeon Master’s Guide" id="ID_WOTC_DMG_MAGIC_ITEM_BOON_OF_UNDETECTABILITY">
		<description>
			<p>You gain a +10 bonus to Dexterity (Stealth) checks, and you can’t be detected or targeted by divination magic, including scrying sensors.</p>
		</description>
		<setters>
			<set name="category">Supernatural Gifts</set>
			<set name="type">Epic Boon</set>
			<set name="slot">gift</set>
		</setters>
		<rules>
			<stat name="stealth:misc" value="10" />
		</rules>
	</element>
</elements>