<?xml version="1.0" encoding="utf-8" ?>
<elements>
	<info>
		<name>Treasure</name>
		<update version="0.0.2">
			<file name="items-treasure.xml" url="https://raw.githubusercontent.com/aurorabuilder/elements/master/core/dungeon-masters-guide/items/items-treasure.xml" />
		</update>
	</info>
	
	<!-- 10 gp -->
	<element name="Azurite" type="Item" source="Dungeon Master’s Guide" id="ID_WOTC_DMG_ITEM_GEMSTONE_AZURITE">
		<description>
			<p>Opaque mottled deep blue.</p>
		</description>
		<setters>
			<set name="keywords">gemstone</set>
			<set name="category">Treasure</set>
			<set name="cost" currency="gp">10</set>
			<set name="stackable">true</set>
			<set name="valuable">true</set>
		</setters>
	</element>
	<element name="Banded Agate" type="Item" source="Dungeon Master’s Guide" id="ID_WOTC_DMG_ITEM_GEMSTONE_BANDED_AGATE">
		<description>
			<p>Translucent striped brown, blue, white, or red.</p>
		</description>
		<setters>
			<set name="keywords">gemstone</set>
			<set name="category">Treasure</set>
			<set name="cost" currency="gp">10</set>
			<set name="stackable">true</set>
			<set name="valuable">true</set>
		</setters>
	</element>
	<element name="Blue Quartz" type="Item" source="Dungeon Master’s Guide" id="ID_WOTC_DMG_ITEM_GEMSTONE_BLUE_QUARTZ">
		<description>
			<p>Transparent pale blue.</p>
		</description>
		<setters>
			<set name="keywords">gemstone</set>
			<set name="category">Treasure</set>
			<set name="cost" currency="gp">10</set>
			<set name="stackable">true</set>
			<set name="valuable">true</set>
		</setters>
	</element>
	<element name="Eye Agate" type="Item" source="Dungeon Master’s Guide" id="ID_WOTC_DMG_ITEM_GEMSTONE_EYE_AGATE">
		<description>
			<p>Translucent circles of gray, white, brown , blue, or green.</p>
		</description>
		<setters>
			<set name="keywords">gemstone</set>
			<set name="category">Treasure</set>
			<set name="cost" currency="gp">10</set>
			<set name="stackable">true</set>
			<set name="valuable">true</set>
		</setters>
	</element>
	<element name="Hematite" type="Item" source="Dungeon Master’s Guide" id="ID_WOTC_DMG_ITEM_GEMSTONE_HEMATITE">
		<description>
			<p>Opaque gray-black.</p>
		</description>
		<setters>
			<set name="keywords">gemstone</set>
			<set name="category">Treasure</set>
			<set name="cost" currency="gp">10</set>
			<set name="stackable">true</set>
			<set name="valuable">true</set>
		</setters>
	</element>
	<element name="Lapis Lazuli" type="Item" source="Dungeon Master’s Guide" id="ID_WOTC_DMG_ITEM_GEMSTONE_LAPIS_LAZULI">
		<description>
			<p>Opaque light and dark blue with yellow flecks.</p>
		</description>
		<setters>
			<set name="keywords">gemstone</set>
			<set name="category">Treasure</set>
			<set name="cost" currency="gp">10</set>
			<set name="stackable">true</set>
			<set name="valuable">true</set>
		</setters>
	</element>
	<element name="Malachite" type="Item" source="Dungeon Master’s Guide" id="ID_WOTC_DMG_ITEM_GEMSTONE_MALACHITE">
		<description>
			<p>Opaque striated light and dark green.</p>
		</description>
		<setters>
			<set name="keywords">gemstone</set>
			<set name="category">Treasure</set>
			<set name="cost" currency="gp">10</set>
			<set name="stackable">true</set>
			<set name="valuable">true</set>
		</setters>
	</element>
	<element name="Moss Agate" type="Item" source="Dungeon Master’s Guide" id="ID_WOTC_DMG_ITEM_GEMSTONE_MOSS_AGATE">
		<description>
			<p>Translucent pink or yellow-white with mossy gray or green markings.</p>
		</description>
		<setters>
			<set name="keywords">gemstone</set>
			<set name="category">Treasure</set>
			<set name="cost" currency="gp">10</set>
			<set name="stackable">true</set>
			<set name="valuable">true</set>
		</setters>
	</element>
	<element name="Obsidian" type="Item" source="Dungeon Master’s Guide" id="ID_WOTC_DMG_ITEM_GEMSTONE_OBSIDIAN">
		<description>
			<p>Opaque black.</p>
		</description>
		<setters>
			<set name="keywords">gemstone</set>
			<set name="category">Treasure</set>
			<set name="cost" currency="gp">10</set>
			<set name="stackable">true</set>
			<set name="valuable">true</set>
		</setters>
	</element>
	<element name="Rhodochrosite" type="Item" source="Dungeon Master’s Guide" id="ID_WOTC_DMG_ITEM_GEMSTONE_RHODOCHROSITE">
		<description>
			<p>Opaque light pink.</p>
		</description>
		<setters>
			<set name="keywords">gemstone</set>
			<set name="category">Treasure</set>
			<set name="cost" currency="gp">10</set>
			<set name="stackable">true</set>
			<set name="valuable">true</set>
		</setters>
	</element>
	<element name="Tiger Eye" type="Item" source="Dungeon Master’s Guide" id="ID_WOTC_DMG_ITEM_GEMSTONE_TIGER_EYE">
		<description>
			<p>Translucent brown with golden center.</p>
		</description>
		<setters>
			<set name="keywords">gemstone</set>
			<set name="category">Treasure</set>
			<set name="cost" currency="gp">10</set>
			<set name="stackable">true</set>
			<set name="valuable">true</set>
		</setters>
	</element>
	<element name="Turquoise" type="Item" source="Dungeon Master’s Guide" id="ID_WOTC_DMG_ITEM_GEMSTONE_TURQUOISE">
		<description>
			<p>Opaque light blue-green.</p>
		</description>
		<setters>
			<set name="keywords">gemstone</set>
			<set name="category">Treasure</set>
			<set name="cost" currency="gp">10</set>
			<set name="stackable">true</set>
			<set name="valuable">true</set>
		</setters>
	</element>

    <!-- 50gp -->
	<element name="Bloodstone" type="Item" source="Dungeon Master’s Guide" id="ID_WOTC_DMG_ITEM_GEMSTONE_BLOODSTONE">
		<description>
			<p>Opaque dark gray with red flecks.</p>
		</description>
		<setters>
			<set name="keywords">gemstone</set>
			<set name="category">Treasure</set>
			<set name="cost" currency="gp">50</set>
			<set name="stackable">true</set>
			<set name="valuable">true</set>
		</setters>
	</element>
	<element name="Carnelian" type="Item" source="Dungeon Master’s Guide" id="ID_WOTC_DMG_ITEM_GEMSTONE_CARNELIAN">
		<description>
			<p>Opaque orange to red-brown.</p>
		</description>
		<setters>
			<set name="keywords">gemstone</set>
			<set name="category">Treasure</set>
			<set name="cost" currency="gp">50</set>
			<set name="stackable">true</set>
			<set name="valuable">true</set>
		</setters>
	</element>
	<element name="Chalcedony" type="Item" source="Dungeon Master’s Guide" id="ID_WOTC_DMG_ITEM_GEMSTONE_CHALCEDONY">
		<description>
			<p>Opaque white.</p>
		</description>
		<setters>
			<set name="keywords">gemstone</set>
			<set name="category">Treasure</set>
			<set name="cost" currency="gp">50</set>
			<set name="stackable">true</set>
			<set name="valuable">true</set>
		</setters>
	</element>
	<element name="Chrysoprase" type="Item" source="Dungeon Master’s Guide" id="ID_WOTC_DMG_ITEM_GEMSTONE_CHRYSOPRASE">
		<description>
			<p>Translucent green.</p>
		</description>
		<setters>
			<set name="keywords">gemstone</set>
			<set name="category">Treasure</set>
			<set name="cost" currency="gp">50</set>
			<set name="stackable">true</set>
			<set name="valuable">true</set>
		</setters>
	</element>
	<element name="Citrine" type="Item" source="Dungeon Master’s Guide" id="ID_WOTC_DMG_ITEM_GEMSTONE_CITRINE">
		<description>
			<p>Transparent pale yellow-brown.</p>
		</description>
		<setters>
			<set name="keywords">gemstone</set>
			<set name="category">Treasure</set>
			<set name="cost" currency="gp">50</set>
			<set name="stackable">true</set>
			<set name="valuable">true</set>
		</setters>
	</element>
	<element name="Jasper" type="Item" source="Dungeon Master’s Guide" id="ID_WOTC_DMG_ITEM_GEMSTONE_JASPER">
		<description>
			<p>Opaque blue, black, or brown.</p>
		</description>
		<setters>
			<set name="keywords">gemstone</set>
			<set name="category">Treasure</set>
			<set name="cost" currency="gp">50</set>
			<set name="stackable">true</set>
			<set name="valuable">true</set>
		</setters>
	</element>
	<element name="Moonstone" type="Item" source="Dungeon Master’s Guide" id="ID_WOTC_DMG_ITEM_GEMSTONE_MOONSTONE">
		<description>
			<p>Translucent white with pale blue glow.</p>
		</description>
		<setters>
			<set name="keywords">gemstone</set>
			<set name="category">Treasure</set>
			<set name="cost" currency="gp">50</set>
			<set name="stackable">true</set>
			<set name="valuable">true</set>
		</setters>
	</element>
	<element name="Onyx" type="Item" source="Dungeon Master’s Guide" id="ID_WOTC_DMG_ITEM_GEMSTONE_ONYX">
		<description>
			<p>Opaque bands of black and white, or pure black or white.</p>
		</description>
		<setters>
			<set name="keywords">gemstone</set>
			<set name="category">Treasure</set>
			<set name="cost" currency="gp">50</set>
			<set name="stackable">true</set>
			<set name="valuable">true</set>
		</setters>
	</element>
	<element name="Quartz" type="Item" source="Dungeon Master’s Guide" id="ID_WOTC_DMG_ITEM_GEMSTONE_QUARTZ">
		<description>
			<p>Transparent white, smoky gray, or yellow.</p>
		</description>
		<setters>
			<set name="keywords">gemstone</set>
			<set name="category">Treasure</set>
			<set name="cost" currency="gp">50</set>
			<set name="stackable">true</set>
			<set name="valuable">true</set>
		</setters>
	</element>
	<element name="Sardonyx" type="Item" source="Dungeon Master’s Guide" id="ID_WOTC_DMG_ITEM_GEMSTONE_SARDONYX">
		<description>
			<p>Opaque bands of red and white.</p>
		</description>
		<setters>
			<set name="keywords">gemstone</set>
			<set name="category">Treasure</set>
			<set name="cost" currency="gp">50</set>
			<set name="stackable">true</set>
			<set name="valuable">true</set>
		</setters>
	</element>
	<element name="Star Rose Quartz" type="Item" source="Dungeon Master’s Guide" id="ID_WOTC_DMG_ITEM_GEMSTONE_STAR_ROSE_QUARTZ">
		<description>
			<p>Translucent rosy stone with white star-shaped center.</p>
		</description>
		<setters>
			<set name="keywords">gemstone</set>
			<set name="category">Treasure</set>
			<set name="cost" currency="gp">50</set>
			<set name="stackable">true</set>
			<set name="valuable">true</set>
		</setters>
	</element>
	<element name="Zircon" type="Item" source="Dungeon Master’s Guide" id="ID_WOTC_DMG_ITEM_GEMSTONE_ZIRCON">
		<description>
			<p>Transparent pale blue-green.</p>
		</description>
		<setters>
			<set name="keywords">gemstone</set>
			<set name="category">Treasure</set>
			<set name="cost" currency="gp">50</set>
			<set name="stackable">true</set>
			<set name="valuable">true</set>
		</setters>
	</element>

    <!-- 100gp -->
	<element name="Amber" type="Item" source="Dungeon Master’s Guide" id="ID_WOTC_DMG_ITEM_GEMSTONE_AMBER">
		<description>
			<p>Transparent watery gold to rich gold.</p>
		</description>
		<setters>
			<set name="keywords">gemstone</set>
			<set name="category">Treasure</set>
			<set name="cost" currency="gp">100</set>
			<set name="stackable">true</set>
			<set name="valuable">true</set>
		</setters>
	</element>
	<element name="Amethyst" type="Item" source="Dungeon Master’s Guide" id="ID_WOTC_DMG_ITEM_GEMSTONE_AMETHYST">
		<description>
			<p>Transparent deep purple.</p>
		</description>
		<setters>
			<set name="keywords">gemstone</set>
			<set name="category">Treasure</set>
			<set name="cost" currency="gp">100</set>
			<set name="stackable">true</set>
			<set name="valuable">true</set>
		</setters>
	</element>
	<element name="Chrysoberyl" type="Item" source="Dungeon Master’s Guide" id="ID_WOTC_DMG_ITEM_GEMSTONE_CHRYSOBERYL">
		<description>
			<p>Transparent yellow-green to pale green.</p>
		</description>
		<setters>
			<set name="keywords">gemstone</set>
			<set name="category">Treasure</set>
			<set name="cost" currency="gp">50</set>
			<set name="stackable">true</set>
			<set name="valuable">true</set>
		</setters>
	</element>
	<element name="Coral" type="Item" source="Dungeon Master’s Guide" id="ID_WOTC_DMG_ITEM_GEMSTONE_CORAL">
		<description>
			<p>Opaque crimson.</p>
		</description>
		<setters>
			<set name="keywords">gemstone</set>
			<set name="category">Treasure</set>
			<set name="cost" currency="gp">50</set>
			<set name="stackable">true</set>
			<set name="valuable">true</set>
		</setters>
	</element>
	<element name="Garnet" type="Item" source="Dungeon Master’s Guide" id="ID_WOTC_DMG_ITEM_GEMSTONE_GARNET">
		<description>
			<p>Transparent red, brown-green, or violet.</p>
		</description>
		<setters>
			<set name="keywords">gemstone</set>
			<set name="category">Treasure</set>
			<set name="cost" currency="gp">50</set>
			<set name="stackable">true</set>
			<set name="valuable">true</set>
		</setters>
	</element>
	<element name="Jade" type="Item" source="Dungeon Master’s Guide" id="ID_WOTC_DMG_ITEM_GEMSTONE_JADE">
		<description>
			<p>Translucent light green, deep green, or white.</p>
		</description>
		<setters>
			<set name="keywords">gemstone</set>
			<set name="category">Treasure</set>
			<set name="cost" currency="gp">50</set>
			<set name="stackable">true</set>
			<set name="valuable">true</set>
		</setters>
	</element>
	<element name="Jet" type="Item" source="Dungeon Master’s Guide" id="ID_WOTC_DMG_ITEM_GEMSTONE_JET">
		<description>
			<p>Opaque deep black.</p>
		</description>
		<setters>
			<set name="keywords">gemstone</set>
			<set name="category">Treasure</set>
			<set name="cost" currency="gp">50</set>
			<set name="stackable">true</set>
			<set name="valuable">true</set>
		</setters>
	</element>
	<element name="Pearl" type="Item" source="Dungeon Master’s Guide" id="ID_WOTC_DMG_ITEM_GEMSTONE_PEARL">
		<description>
			<p>Opaque lustrous white, yellow, or pink.</p>
		</description>
		<setters>
			<set name="keywords">gemstone</set>
			<set name="category">Treasure</set>
			<set name="cost" currency="gp">50</set>
			<set name="stackable">true</set>
			<set name="valuable">true</set>
		</setters>
	</element>
	<element name="Spinel" type="Item" source="Dungeon Master’s Guide" id="ID_WOTC_DMG_ITEM_GEMSTONE_SPINEL">
		<description>
			<p>Transparent red, red-brown, or deep green.</p>
		</description>
		<setters>
			<set name="keywords">gemstone</set>
			<set name="category">Treasure</set>
			<set name="cost" currency="gp">50</set>
			<set name="stackable">true</set>
			<set name="valuable">true</set>
		</setters>
	</element>
	<element name="Tourmaline" type="Item" source="Dungeon Master’s Guide" id="ID_WOTC_DMG_ITEM_GEMSTONE_TOURMALINE">
		<description>
			<p>Transparent pale green, blue, brown, or red.</p>
		</description>
		<setters>
			<set name="keywords">gemstone</set>
			<set name="category">Treasure</set>
			<set name="cost" currency="gp">50</set>
			<set name="stackable">true</set>
			<set name="valuable">true</set>
		</setters>
	</element>

    <!-- 500gp -->
	<element name="Alexandrite" type="Item" source="Dungeon Master’s Guide" id="ID_WOTC_DMG_ITEM_GEMSTONE_ALEXANDRITE">
		<description>
			<p>Transparent dark green.</p>
		</description>
		<setters>
			<set name="keywords">gemstone</set>
			<set name="category">Treasure</set>
			<set name="cost" currency="gp">500</set>
			<set name="stackable">true</set>
			<set name="valuable">true</set>
		</setters>
	</element>
	<element name="Aquamarine" type="Item" source="Dungeon Master’s Guide" id="ID_WOTC_DMG_ITEM_GEMSTONE_AQUAMARINE">
		<description>
			<p>Transparent pale blue-green.</p>
		</description>
		<setters>
			<set name="keywords">gemstone</set>
			<set name="category">Treasure</set>
			<set name="cost" currency="gp">500</set>
			<set name="stackable">true</set>
			<set name="valuable">true</set>
		</setters>
	</element>
	<element name="Black Pearl" type="Item" source="Dungeon Master’s Guide" id="ID_WOTC_DMG_ITEM_GEMSTONE_BLACK_PEARL">
		<description>
			<p>Opaque pure black.</p>
		</description>
		<setters>
			<set name="keywords">gemstone</set>
			<set name="category">Treasure</set>
			<set name="cost" currency="gp">50</set>
			<set name="stackable">true</set>
			<set name="valuable">true</set>
		</setters>
	</element>
	<element name="Blue Spinel" type="Item" source="Dungeon Master’s Guide" id="ID_WOTC_DMG_ITEM_GEMSTONE_BLUE_SPINEL">
		<description>
			<p>Transparent deep blue.</p>
		</description>
		<setters>
			<set name="keywords">gemstone</set>
			<set name="category">Treasure</set>
			<set name="cost" currency="gp">50</set>
			<set name="stackable">true</set>
			<set name="valuable">true</set>
		</setters>
	</element>
	<element name="Peridot" type="Item" source="Dungeon Master’s Guide" id="ID_WOTC_DMG_ITEM_GEMSTONE_PERIDOT">
		<description>
			<p>Transparent rich olive green.</p>
		</description>
		<setters>
			<set name="keywords">gemstone</set>
			<set name="category">Treasure</set>
			<set name="cost" currency="gp">50</set>
			<set name="stackable">true</set>
			<set name="valuable">true</set>
		</setters>
	</element>
	<element name="Topaz" type="Item" source="Dungeon Master’s Guide" id="ID_WOTC_DMG_ITEM_GEMSTONE_TOPAZ">
		<description>
			<p>Transparent golden yellow.</p>
		</description>
		<setters>
			<set name="keywords">gemstone</set>
			<set name="category">Treasure</set>
			<set name="cost" currency="gp">50</set>
			<set name="stackable">true</set>
			<set name="valuable">true</set>
		</setters>
	</element>

    <!-- 1000gp -->
	<element name="Black Opal" type="Item" source="Dungeon Master’s Guide" id="ID_WOTC_DMG_ITEM_GEMSTONE_BLACK_OPAL">
		<description>
			<p>Translucent dark green with black mottling and golden flecks.</p>
		</description>
		<setters>
			<set name="keywords">gemstone</set>
			<set name="category">Treasure</set>
			<set name="cost" currency="gp">1000</set>
			<set name="stackable">true</set>
			<set name="valuable">true</set>
		</setters>
	</element>
	<element name="Blue Sapphire" type="Item" source="Dungeon Master’s Guide" id="ID_WOTC_DMG_ITEM_GEMSTONE_BLUE_SAPPHIRE">
		<description>
			<p>Transparent blue-white to medium blue.</p>
		</description>
		<setters>
			<set name="keywords">gemstone</set>
			<set name="category">Treasure</set>
			<set name="cost" currency="gp">1000</set>
			<set name="stackable">true</set>
			<set name="valuable">true</set>
		</setters>
	</element>
	<element name="Emerald" type="Item" source="Dungeon Master’s Guide" id="ID_WOTC_DMG_ITEM_GEMSTONE_EMERALD">
		<description>
			<p>Transparent deep bright green.</p>
		</description>
		<setters>
			<set name="keywords">gemstone</set>
			<set name="category">Treasure</set>
			<set name="cost" currency="gp">50</set>
			<set name="stackable">true</set>
			<set name="valuable">true</set>
		</setters>
	</element>
	<element name="Fire Opal" type="Item" source="Dungeon Master’s Guide" id="ID_WOTC_DMG_ITEM_GEMSTONE_FIRE_OPAL">
		<description>
			<p>Translucent fiery red.</p>
		</description>
		<setters>
			<set name="keywords">gemstone</set>
			<set name="category">Treasure</set>
			<set name="cost" currency="gp">50</set>
			<set name="stackable">true</set>
			<set name="valuable">true</set>
		</setters>
	</element>
	<element name="Opal" type="Item" source="Dungeon Master’s Guide" id="ID_WOTC_DMG_ITEM_GEMSTONE_OPAL">
		<description>
			<p>Translucent pale blue with green and golden mottling.</p>
		</description>
		<setters>
			<set name="keywords">gemstone</set>
			<set name="category">Treasure</set>
			<set name="cost" currency="gp">50</set>
			<set name="stackable">true</set>
			<set name="valuable">true</set>
		</setters>
	</element>
	<element name="Star Ruby" type="Item" source="Dungeon Master’s Guide" id="ID_WOTC_DMG_ITEM_GEMSTONE_STAR_RUBY">
		<description>
			<p>Translucent ruby with white star-shaped center.</p>
		</description>
		<setters>
			<set name="keywords">gemstone</set>
			<set name="category">Treasure</set>
			<set name="cost" currency="gp">50</set>
			<set name="stackable">true</set>
			<set name="valuable">true</set>
		</setters>
	</element>
	<element name="Star Sapphire" type="Item" source="Dungeon Master’s Guide" id="ID_WOTC_DMG_ITEM_GEMSTONE_STAR_SAPPHIRE">
		<description>
			<p>Translucent blue sapphire with white star-shaped center.</p>
		</description>
		<setters>
			<set name="keywords">gemstone</set>
			<set name="category">Treasure</set>
			<set name="cost" currency="gp">50</set>
			<set name="stackable">true</set>
			<set name="valuable">true</set>
		</setters>
	</element>
	<element name="Yellow Sapphire" type="Item" source="Dungeon Master’s Guide" id="ID_WOTC_DMG_ITEM_GEMSTONE_YELLOW_SAPPHIRE">
		<description>
			<p>Transparent fiery yellow or yellow· green.</p>
		</description>
		<setters>
			<set name="keywords">gemstone</set>
			<set name="category">Treasure</set>
			<set name="cost" currency="gp">50</set>
			<set name="stackable">true</set>
			<set name="valuable">true</set>
		</setters>
	</element>

    <!-- 5000gp -->
	<element name="Black Sapphire" type="Item" source="Dungeon Master’s Guide" id="ID_WOTC_DMG_ITEM_GEMSTONE_BLACK_SAPPHIRE">
		<description>
			<p>Translucent lustrous black with glowing highlights.</p>
		</description>
		<setters>
			<set name="keywords">gemstone</set>
			<set name="category">Treasure</set>
			<set name="cost" currency="gp">5000</set>
			<set name="stackable">true</set>
			<set name="valuable">true</set>
		</setters>
	</element>
	<element name="Diamond" type="Item" source="Dungeon Master’s Guide" id="ID_WOTC_DMG_ITEM_GEMSTONE_DIAMOND">
		<description>
			<p>Transparent blue-white, canary, pink, brown, or blue.</p>
		</description>
		<setters>
			<set name="keywords">gemstone</set>
			<set name="category">Treasure</set>
			<set name="cost" currency="gp">5000</set>
			<set name="stackable">true</set>
			<set name="valuable">true</set>
		</setters>
	</element>
	<element name="Jacinth" type="Item" source="Dungeon Master’s Guide" id="ID_WOTC_DMG_ITEM_GEMSTONE_JACINTH">
		<description>
			<p>Transparent fiery orange.</p>
		</description>
		<setters>
			<set name="keywords">gemstone</set>
			<set name="category">Treasure</set>
			<set name="cost" currency="gp">50</set>
			<set name="stackable">true</set>
			<set name="valuable">true</set>
		</setters>
	</element>
	<element name="Ruby" type="Item" source="Dungeon Master’s Guide" id="ID_WOTC_DMG_ITEM_GEMSTONE_RUBY">
		<description>
			<p>Transparent clear red to deep crimson.</p>
		</description>
		<setters>
			<set name="keywords">gemstone</set>
			<set name="category">Treasure</set>
			<set name="cost" currency="gp">50</set>
			<set name="stackable">true</set>
			<set name="valuable">true</set>
		</setters>
	</element>
	
	<!-- 25gp -->
	<element name="Silver Ewer" type="Item" source="Dungeon Master’s Guide" id="ID_WOTC_DMG_ITEM_ART_OBJECT_25GP_1">
		<description>
			<p>A silver ewer.</p>
		</description>
		<setters>
			<set name="keywords">art object</set>
			<set name="category">Treasure</set>
			<set name="cost" currency="gp">25</set>
			<set name="stackable">true</set>
			<set name="valuable">true</set>
		</setters>
	</element>
	<element name="Carved Bone Statuette" type="Item" source="Dungeon Master’s Guide" id="ID_WOTC_DMG_ITEM_ART_OBJECT_25GP_2">
		<description>
			<p>A carved bone statuette.</p>
		</description>
		<setters>
			<set name="keywords">art object</set>
			<set name="category">Treasure</set>
			<set name="cost" currency="gp">25</set>
			<set name="stackable">true</set>
			<set name="valuable">true</set>
		</setters>
	</element>
	<element name="Small Gold Bracelet" type="Item" source="Dungeon Master’s Guide" id="ID_WOTC_DMG_ITEM_ART_OBJECT_25GP_3">
		<description>
			<p>A small gold bracelet.</p>
		</description>
		<setters>
			<set name="keywords">art object</set>
			<set name="category">Treasure</set>
			<set name="cost" currency="gp">25</set>
			<set name="stackable">true</set>
			<set name="valuable">true</set>
		</setters>
	</element>
	<element name="Cloth-of-Gold Vestments" type="Item" source="Dungeon Master’s Guide" id="ID_WOTC_DMG_ITEM_ART_OBJECT_25GP_4">
		<description>
			<p>Cloth-of-gold vestments.</p>
		</description>
		<setters>
			<set name="keywords">art object</set>
			<set name="category">Treasure</set>
			<set name="cost" currency="gp">25</set>
			<set name="stackable">true</set>
			<set name="valuable">true</set>
		</setters>
	</element>
	<element name="Black Velvet Mask" type="Item" source="Dungeon Master’s Guide" id="ID_WOTC_DMG_ITEM_ART_OBJECT_25GP_5">
		<description>
			<p>A black velvet mask stitched with silver thread.</p>
		</description>
		<setters>
			<set name="keywords">art object,silver</set>
			<set name="category">Treasure</set>
			<set name="cost" currency="gp">25</set>
			<set name="stackable">true</set>
			<set name="valuable">true</set>
		</setters>
	</element>
	<element name="Copper Chalice" type="Item" source="Dungeon Master’s Guide" id="ID_WOTC_DMG_ITEM_ART_OBJECT_25GP_6">
		<description>
			<p>A copper chalice with silver filigree.</p>
		</description>
		<setters>
			<set name="keywords">art object,silver</set>
			<set name="category">Treasure</set>
			<set name="cost" currency="gp">25</set>
			<set name="stackable">true</set>
			<set name="valuable">true</set>
		</setters>
	</element>
	<element name="Engraved Bone Dice" type="Item" source="Dungeon Master’s Guide" id="ID_WOTC_DMG_ITEM_ART_OBJECT_25GP_7">
		<description>
			<p>a pair of engraved bone dice.</p>
		</description>
		<setters>
			<set name="keywords">art object</set>
			<set name="category">Treasure</set>
			<set name="cost" currency="gp">25</set>
			<set name="stackable">true</set>
			<set name="valuable">true</set>
		</setters>
	</element>
	<element name="Small Mirror" type="Item" source="Dungeon Master’s Guide" id="ID_WOTC_DMG_ITEM_ART_OBJECT_25GP_8">
		<description>
			<p>A small mirror set in a painted wooden frame.</p>
		</description>
		<setters>
			<set name="keywords">art object,wooden</set>
			<set name="category">Treasure</set>
			<set name="cost" currency="gp">25</set>
			<set name="stackable">true</set>
			<set name="valuable">true</set>
		</setters>
	</element>
	<element name="Embroidered Handkerchief" type="Item" source="Dungeon Master’s Guide" id="ID_WOTC_DMG_ITEM_ART_OBJECT_25GP_9">
		<description>
			<p>An embroidered silk handkerchief.</p>
		</description>
		<setters>
			<set name="keywords">art object,silk</set>
			<set name="category">Treasure</set>
			<set name="cost" currency="gp">25</set>
			<set name="stackable">true</set>
			<set name="valuable">true</set>
		</setters>
	</element>
	<element name="Gold Locket" type="Item" source="Dungeon Master’s Guide" id="ID_WOTC_DMG_ITEM_ART_OBJECT_25GP_10">
		<description>
			<p>A gold locket with a painted portrait inside.</p>
		</description>
		<setters>
			<set name="keywords">art object,portrait</set>
			<set name="category">Treasure</set>
			<set name="cost" currency="gp">25</set>
			<set name="stackable">true</set>
			<set name="valuable">true</set>
		</setters>
	</element>

	<!-- 250gp -->
	<element name="Gold Ring" type="Item" source="Dungeon Master’s Guide" id="ID_WOTC_DMG_ITEM_ART_OBJECT_250GP_1">
		<description>
			<p>A gold ring set with bloodstones.</p>
		</description>
		<setters>
			<set name="keywords">art object,bloodstones</set>
			<set name="category">Treasure</set>
			<set name="cost" currency="gp">250</set>
			<set name="stackable">true</set>
			<set name="valuable">true</set>
		</setters>
	</element>
	<element name="Ivory Statuette" type="Item" source="Dungeon Master’s Guide" id="ID_WOTC_DMG_ITEM_ART_OBJECT_250GP_2">
		<description>
			<p>A carved ivory statuette.</p>
		</description>
		<setters>
			<set name="keywords">art object</set>
			<set name="category">Treasure</set>
			<set name="cost" currency="gp">250</set>
			<set name="stackable">true</set>
			<set name="valuable">true</set>
		</setters>
	</element>
	<element name="Gold Bracelet" type="Item" source="Dungeon Master’s Guide" id="ID_WOTC_DMG_ITEM_ART_OBJECT_250GP_3">
		<description>
			<p>A large gold bracelet.</p>
		</description>
		<setters>
			<set name="keywords">art object</set>
			<set name="category">Treasure</set>
			<set name="cost" currency="gp">250</set>
			<set name="stackable">true</set>
			<set name="valuable">true</set>
		</setters>
	</element>
	<element name="Silver Necklace" type="Item" source="Dungeon Master’s Guide" id="ID_WOTC_DMG_ITEM_ART_OBJECT_250GP_4">
		<description>
			<p>A silver necklace with a gemstone pendant.</p>
		</description>
		<setters>
			<set name="keywords">art object,gemstone,pendant</set>
			<set name="category">Treasure</set>
			<set name="cost" currency="gp">250</set>
			<set name="stackable">true</set>
			<set name="valuable">true</set>
		</setters>
	</element>
	<element name="Bronze Crown" type="Item" source="Dungeon Master’s Guide" id="ID_WOTC_DMG_ITEM_ART_OBJECT_250GP_5">
		<description>
			<p>A bronze crown.</p>
		</description>
		<setters>
			<set name="keywords">art object</set>
			<set name="category">Treasure</set>
			<set name="cost" currency="gp">250</set>
			<set name="stackable">true</set>
			<set name="valuable">true</set>
		</setters>
	</element>
	<element name="Silk Robe" type="Item" source="Dungeon Master’s Guide" id="ID_WOTC_DMG_ITEM_ART_OBJECT_250GP_6">
		<description>
			<p>A silk robe with gold embroidery.</p>
		</description>
		<setters>
			<set name="keywords">art object, gold embroidery</set>
			<set name="category">Treasure</set>
			<set name="cost" currency="gp">250</set>
			<set name="stackable">true</set>
			<set name="valuable">true</set>
		</setters>
	</element>
	<element name="Well-Made Tapestry" type="Item" source="Dungeon Master’s Guide" id="ID_WOTC_DMG_ITEM_ART_OBJECT_250GP_7">
		<description>
			<p>A large well-made tapestry.</p>
		</description>
		<setters>
			<set name="keywords">art object</set>
			<set name="category">Treasure</set>
			<set name="cost" currency="gp">250</set>
			<set name="stackable">true</set>
			<set name="valuable">true</set>
		</setters>
	</element>
	<element name="Brass Mug" type="Item" source="Dungeon Master’s Guide" id="ID_WOTC_DMG_ITEM_ART_OBJECT_250GP_8">
		<description>
			<p>A brass mug with jade inlay.</p>
		</description>
		<setters>
			<set name="keywords">art object,jade</set>
			<set name="category">Treasure</set>
			<set name="cost" currency="gp">250</set>
			<set name="stackable">true</set>
			<set name="valuable">true</set>
		</setters>
	</element>
	<element name="Box of Animal Figurines" type="Item" source="Dungeon Master’s Guide" id="ID_WOTC_DMG_ITEM_ART_OBJECT_250GP_9">
		<description>
			<p>A box of turquoise animal figurines.</p>
		</description>
		<setters>
			<set name="keywords">art object,turquoise</set>
			<set name="category">Treasure</set>
			<set name="cost" currency="gp">250</set>
			<set name="stackable">true</set>
			<set name="valuable">true</set>
		</setters>
	</element>
	<element name="Gold Bird Cage" type="Item" source="Dungeon Master’s Guide" id="ID_WOTC_DMG_ITEM_ART_OBJECT_250GP_10">
		<description>
			<p>A gold bird cage with electrum filigree.</p>
		</description>
		<setters>
			<set name="keywords">art object,electrum</set>
			<set name="category">Treasure</set>
			<set name="cost" currency="gp">250</set>
			<set name="stackable">true</set>
			<set name="valuable">true</set>
		</setters>
	</element>

	<!-- 750gp -->
	<element name="Silver Chalice" type="Item" source="Dungeon Master’s Guide" id="ID_WOTC_DMG_ITEM_ART_OBJECT_750GP_1">
		<description>
			<p>A silver chalice set with moonstones.</p>
		</description>
		<setters>
			<set name="keywords">art object,moonstones</set>
			<set name="category">Treasure</set>
			<set name="cost" currency="gp">750</set>
			<set name="stackable">true</set>
			<set name="valuable">true</set>
		</setters>
	</element>
	<element name="Silver-Plated Longsword" type="Item" source="Dungeon Master’s Guide" id="ID_WOTC_DMG_ITEM_ART_OBJECT_750GP_2">
		<description>
			<p>A silver-plated steel longsword with jet set in hilt.</p>
		</description>
		<setters>
			<set name="keywords">art object, jet</set>
			<set name="category">Treasure</set>
			<set name="cost" currency="gp">750</set>
			<set name="stackable">true</set>
			<set name="valuable">true</set>
		</setters>
	</element>
	<element name="Harp of Exotic Wood" type="Item" source="Dungeon Master’s Guide" id="ID_WOTC_DMG_ITEM_ART_OBJECT_750GP_3">
		<description>
			<p>A carved harp of exotic wood with ivory inlay and zircon gems.</p>
		</description>
		<setters>
			<set name="keywords">art object,ivory,zircon gems</set>
			<set name="category">Treasure</set>
			<set name="cost" currency="gp">750</set>
			<set name="stackable">true</set>
			<set name="valuable">true</set>
		</setters>
	</element>
	<element name="Gold Idol" type="Item" source="Dungeon Master’s Guide" id="ID_WOTC_DMG_ITEM_ART_OBJECT_750GP_4">
		<description>
			<p>A small gold idol.</p>
		</description>
		<setters>
			<set name="keywords">art object</set>
			<set name="category">Treasure</set>
			<set name="cost" currency="gp">750</set>
			<set name="stackable">true</set>
			<set name="valuable">true</set>
		</setters>
	</element>
	<element name="Gold Dragon Comb" type="Item" source="Dungeon Master’s Guide" id="ID_WOTC_DMG_ITEM_ART_OBJECT_750GP_5">
		<description>
			<p>A gold dragon comb set with red garnets as eyes.</p>
		</description>
		<setters>
			<set name="keywords">art object</set>
			<set name="category">Treasure</set>
			<set name="cost" currency="gp">750</set>
			<set name="stackable">true</set>
			<set name="valuable">true</set>
		</setters>
	</element>
	<element name="Bottle Stopper Cork" type="Item" source="Dungeon Master’s Guide" id="ID_WOTC_DMG_ITEM_ART_OBJECT_750GP_6">
		<description>
			<p>A bottle stopper cork embossed with gold leaf and set with amethysts.</p>
		</description>
		<setters>
			<set name="keywords">art object,gold,amethysts</set>
			<set name="category">Treasure</set>
			<set name="cost" currency="gp">750</set>
			<set name="stackable">true</set>
			<set name="valuable">true</set>
		</setters>
	</element>
	<element name="Electrum Dagger" type="Item" source="Dungeon Master’s Guide" id="ID_WOTC_DMG_ITEM_ART_OBJECT_750GP_7">
		<description>
			<p>A ceremonial electrum dagger with a black pearl in the pommel.</p>
		</description>
		<setters>
			<set name="keywords">art object, pearl</set>
			<set name="category">Treasure</set>
			<set name="cost" currency="gp">750</set>
			<set name="stackable">true</set>
			<set name="valuable">true</set>
		</setters>
	</element>
	<element name="Silver and Gold Brooch" type="Item" source="Dungeon Master’s Guide" id="ID_WOTC_DMG_ITEM_ART_OBJECT_750GP_8">
		<description>
			<p>A silver and gold brooch.</p>
		</description>
		<setters>
			<set name="keywords">art object</set>
			<set name="category">Treasure</set>
			<set name="cost" currency="gp">750</set>
			<set name="stackable">true</set>
			<set name="valuable">true</set>
		</setters>
	</element>
	<element name="Obsidian Statuette" type="Item" source="Dungeon Master’s Guide" id="ID_WOTC_DMG_ITEM_ART_OBJECT_750GP_9">
		<description>
			<p>An obsidian statuette with gold fittings and inlay.</p>
		</description>
		<setters>
			<set name="keywords">art object,gold</set>
			<set name="category">Treasure</set>
			<set name="cost" currency="gp">750</set>
			<set name="stackable">true</set>
			<set name="valuable">true</set>
		</setters>
	</element>
	<element name="Painted Gold War Mask" type="Item" source="Dungeon Master’s Guide" id="ID_WOTC_DMG_ITEM_ART_OBJECT_750GP_10">
		<description>
			<p>A painted gold war mask.</p>
		</description>
		<setters>
			<set name="keywords">art object</set>
			<set name="category">Treasure</set>
			<set name="cost" currency="gp">750</set>
			<set name="stackable">true</set>
			<set name="valuable">true</set>
		</setters>
	</element>

	<!-- 2500gp -->
	<element name="Fine Gold Chain Set" type="Item" source="Dungeon Master’s Guide" id="ID_WOTC_DMG_ITEM_ART_OBJECT_2500GP_1">
		<description>
			<p>A fine gold chain set with a fire opal.</p>
		</description>
		<setters>
			<set name="keywords">art object,fire opal</set>
			<set name="category">Treasure</set>
			<set name="cost" currency="gp">2500</set>
			<set name="stackable">true</set>
			<set name="valuable">true</set>
		</setters>
	</element>
	<element name="Masterpiece Painting" type="Item" source="Dungeon Master’s Guide" id="ID_WOTC_DMG_ITEM_ART_OBJECT_2500GP_2">
		<description>
			<p>An old masterpiece painting.</p>
		</description>
		<setters>
			<set name="keywords">art object</set>
			<set name="category">Treasure</set>
			<set name="cost" currency="gp">2500</set>
			<set name="stackable">true</set>
			<set name="valuable">true</set>
		</setters>
	</element>
	<element name="Silk and Velvet Mantle" type="Item" source="Dungeon Master’s Guide" id="ID_WOTC_DMG_ITEM_ART_OBJECT_2500GP_3">
		<description>
			<p>An embroidered silk and velvet mantle set with numerous moonstones.</p>
		</description>
		<setters>
			<set name="keywords">art object,moonstones</set>
			<set name="category">Treasure</set>
			<set name="cost" currency="gp">2500</set>
			<set name="stackable">true</set>
			<set name="valuable">true</set>
		</setters>
	</element>
	<element name="Platinum Bracelet" type="Item" source="Dungeon Master’s Guide" id="ID_WOTC_DMG_ITEM_ART_OBJECT_2500GP_4">
		<description>
			<p>A platinum bracelet set with a sapphire.</p>
		</description>
		<setters>
			<set name="keywords">art object,sapphire</set>
			<set name="category">Treasure</set>
			<set name="cost" currency="gp">2500</set>
			<set name="stackable">true</set>
			<set name="valuable">true</set>
		</setters>
	</element>
	<element name="Embroidered Glove Set" type="Item" source="Dungeon Master’s Guide" id="ID_WOTC_DMG_ITEM_ART_OBJECT_2500GP_5">
		<description>
			<p>An embroidered glove set with jewel chips.</p>
		</description>
		<setters>
			<set name="keywords">art object</set>
			<set name="category">Treasure</set>
			<set name="cost" currency="gp">2500</set>
			<set name="stackable">true</set>
			<set name="valuable">true</set>
		</setters>
	</element>
	<element name="Jeweled Anklet" type="Item" source="Dungeon Master’s Guide" id="ID_WOTC_DMG_ITEM_ART_OBJECT_2500GP_6">
		<description>
			<p>A jeweled anklet.</p>
		</description>
		<setters>
			<set name="keywords">art object</set>
			<set name="category">Treasure</set>
			<set name="cost" currency="gp">2500</set>
			<set name="stackable">true</set>
			<set name="valuable">true</set>
		</setters>
	</element>
	<element name="Gold Music Box" type="Item" source="Dungeon Master’s Guide" id="ID_WOTC_DMG_ITEM_ART_OBJECT_2500GP_7">
		<description>
			<p>A gold music box.</p>
		</description>
		<setters>
			<set name="keywords">art object</set>
			<set name="category">Treasure</set>
			<set name="cost" currency="gp">2500</set>
			<set name="stackable">true</set>
			<set name="valuable">true</set>
		</setters>
	</element>
	<element name="Gold Circlet" type="Item" source="Dungeon Master’s Guide" id="ID_WOTC_DMG_ITEM_ART_OBJECT_2500GP_8">
		<description>
			<p>A gold circlet set with four aquamarines.</p>
		</description>
		<setters>
			<set name="keywords">art object,aquamarines</set>
			<set name="category">Treasure</set>
			<set name="cost" currency="gp">2500</set>
			<set name="stackable">true</set>
			<set name="valuable">true</set>
		</setters>
	</element>
	<element name="Eye Patch" type="Item" source="Dungeon Master’s Guide" id="ID_WOTC_DMG_ITEM_ART_OBJECT_2500GP_9">
		<description>
			<p>An eye patch with a mock eye set in blue sapphire and moonstone.</p>
		</description>
		<setters>
			<set name="keywords">art object,sapphire,moonstone</set>
			<set name="category">Treasure</set>
			<set name="cost" currency="gp">2500</set>
			<set name="stackable">true</set>
			<set name="valuable">true</set>
		</setters>
	</element>
	<element name="Pearl Necklace" type="Item" source="Dungeon Master’s Guide" id="ID_WOTC_DMG_ITEM_ART_OBJECT_2500GP_10">
		<description>
			<p>A necklace string of small pink pearls.</p>
		</description>
		<setters>
			<set name="keywords">art object,pearls</set>
			<set name="category">Treasure</set>
			<set name="cost" currency="gp">2500</set>
			<set name="stackable">true</set>
			<set name="valuable">true</set>
		</setters>
	</element>

	<!-- 7500gp -->
	<element name="Jeweled Gold Crown" type="Item" source="Dungeon Master’s Guide" id="ID_WOTC_DMG_ITEM_ART_OBJECT_7500GP_1">
		<description>
			<p>A jeweled gold crown.</p>
		</description>
		<setters>
			<set name="keywords">art object</set>
			<set name="category">Treasure</set>
			<set name="cost" currency="gp">7500</set>
			<set name="stackable">true</set>
			<set name="valuable">true</set>
		</setters>
	</element>
	<element name="Jeweled Platinum Ring" type="Item" source="Dungeon Master’s Guide" id="ID_WOTC_DMG_ITEM_ART_OBJECT_7500GP_2">
		<description>
			<p>A jeweled platinum ring.</p>
		</description>
		<setters>
			<set name="keywords">art object</set>
			<set name="category">Treasure</set>
			<set name="cost" currency="gp">7500</set>
			<set name="stackable">true</set>
			<set name="valuable">true</set>
		</setters>
	</element>
	<element name="Gold Statuette" type="Item" source="Dungeon Master’s Guide" id="ID_WOTC_DMG_ITEM_ART_OBJECT_7500GP_3">
		<description>
			<p>A small gold statuette set with rubies.</p>
		</description>
		<setters>
			<set name="keywords">art object,ruby</set>
			<set name="category">Treasure</set>
			<set name="cost" currency="gp">7500</set>
			<set name="stackable">true</set>
			<set name="valuable">true</set>
		</setters>
	</element>
	<element name="Gold Cup" type="Item" source="Dungeon Master’s Guide" id="ID_WOTC_DMG_ITEM_ART_OBJECT_7500GP_4">
		<description>
			<p>A gold cup set with emeralds.</p>
		</description>
		<setters>
			<set name="keywords">art object,emeralds</set>
			<set name="category">Treasure</set>
			<set name="cost" currency="gp">7500</set>
			<set name="stackable">true</set>
			<set name="valuable">true</set>
		</setters>
	</element>
	<element name="Gold Jewelry Box" type="Item" source="Dungeon Master’s Guide" id="ID_WOTC_DMG_ITEM_ART_OBJECT_7500GP_5">
		<description>
			<p>A gold jewelry box with platinum filigree.</p>
		</description>
		<setters>
			<set name="keywords">art object</set>
			<set name="category">Treasure</set>
			<set name="cost" currency="gp">7500</set>
			<set name="stackable">true</set>
			<set name="valuable">true</set>
		</setters>
	</element>
	<element name="Child's Sarcophagus" type="Item" source="Dungeon Master’s Guide" id="ID_WOTC_DMG_ITEM_ART_OBJECT_7500GP_6">
		<description>
			<p>A painted gold child's sarcophagus.</p>
		</description>
		<setters>
			<set name="keywords">art object,gold</set>
			<set name="category">Treasure</set>
			<set name="cost" currency="gp">7500</set>
			<set name="stackable">true</set>
			<set name="valuable">true</set>
		</setters>
	</element>
	<element name="Jade Game Board" type="Item" source="Dungeon Master’s Guide" id="ID_WOTC_DMG_ITEM_ART_OBJECT_7500GP_7">
		<description>
			<p>A jade game board with solid gold playing pieces.</p>
		</description>
		<setters>
			<set name="keywords">art object,gold</set>
			<set name="category">Treasure</set>
			<set name="cost" currency="gp">7500</set>
			<set name="stackable">true</set>
			<set name="valuable">true</set>
		</setters>
	</element>
	<element name="Bejeweled Drinking Horn" type="Item" source="Dungeon Master’s Guide" id="ID_WOTC_DMG_ITEM_ART_OBJECT_7500GP_8">
		<description>
			<p>A bejeweled ivory drinking horn with gold filigree.</p>
		</description>
		<setters>
			<set name="keywords">art object,gold</set>
			<set name="category">Treasure</set>
			<set name="cost" currency="gp">7500</set>
			<set name="stackable">true</set>
			<set name="valuable">true</set>
		</setters>
	</element>
</elements>