<?xml version="1.0" encoding="utf-8" ?>
<elements>
	<info>
		<name>Poison</name>
		<description></description>
		<author url="http://dnd.wizards.com/products/tabletop-games/rpg-products/rpg_playershandbook">Wizards of the Coast</author>
		<update version="0.0.2">
			<file name="items-poison.xml" url="https://raw.githubusercontent.com/aurorabuilder/elements/master/core/dungeon-masters-guide/items/items-poison.xml" />
		</update>
	</info>
	<!-- poison -->
	<element name="Assassin’s Blood" type="Item" source="Dungeon Master’s Guide" id="ID_WOTC_DMG_ITEM_POISON_ASSASSINS_BLOOD">
		<description>
			<p>A creature subjected to this poison must make a DC 10 Constitution saving throw. On a failed save, it takes 6 (1d12) poison damage and is poisoned for 24 hours. On a successful save, the creature takes half damage and isn't poisoned.</p>
			<div class="reference">
				<div element="ID_INTERNAL_SUPPORT_POISON_INGESTED" />
			</div>
		</description>
		<setters>
			<set name="keywords">poison,ingest</set>
			<set name="category">Poison</set>
			<set name="cost" currency="gp">150</set>
			<set name="weight" lb="0.5">½ lb.</set>
			<set name="stackable">true</set>
		</setters>
		<sheet alt="Assassin’s Blood (Ingested)" />
	</element>
	<element name="Burnt Othur Fumes" type="Item" source="Dungeon Master’s Guide" id="ID_WOTC_DMG_ITEM_POISON_BURNT_OTHUR_FUMES">
		<description>
			<p>A creature subjected to this poison must succeed on a DC 13 Constitution saving throw or take 10 (3d6) poison damage, and must repeat the saving throw at the start of each of its turns. On each successive failed save, the character takes 3 (1d6) poison damage. After three successful saves, the poison ends.</p>
			<div class="reference">
				<div element="ID_INTERNAL_SUPPORT_POISON_INHALED" />
			</div>
		</description>
		<setters>
			<set name="keywords">poison,inhale</set>
			<set name="category">Poison</set>
			<set name="cost" currency="gp">500</set>
			<set name="weight" lb="0.5">½ lb.</set>
			<set name="stackable">true</set>
		</setters>
		<sheet alt="Burnt Othur Fumes (Inhaled)" />
	</element>
	<element name="Carrion Crawler Mucus" type="Item" source="Dungeon Master’s Guide" id="ID_WOTC_DMG_ITEM_POISON_CARRION_CRAWLER_MUCUS">
		<description>
			<p>This poison must be harvested from a dead or incapacitated carrion crawler. A creature subjected to this poison must succeed on a DC 13 Constitution saving throw or be poisoned for 1 minute. The poisoned creature is paralyzed. The creature can repeat the saving throw at the end of each of its turns, ending the effect on itself on a success.</p>
			<div class="reference">
				<div element="ID_INTERNAL_SUPPORT_POISON_CONTACT" />
			</div>
		</description>
		<setters>
			<set name="keywords">poison,contact</set>
			<set name="category">Poison</set>
			<set name="cost" currency="gp">200</set>
			<set name="weight" lb="0.5">½ lb.</set>
			<set name="stackable">true</set>
		</setters>
		<sheet alt="Carrion Crawler Mucus (Contact)" />
	</element>
	<element name="Drow Poison" type="Item" source="Dungeon Master’s Guide" id="ID_WOTC_DMG_ITEM_POISON_DROW_POISON">
		<description>
			<p>This poison is typically made only by the draw, and only in a place far removed from sunlight. A creature subjected to this poison must succeed on a DC 13 Constitution saving throw or be poisoned for 1 hour. If the saving throw fails by 5 or more, the creature is also unconscious while poisoned in this way. The creature wakes up if it takes damage or if another creature takes an action to shake it awake.</p>
			<div class="reference">
				<div element="ID_INTERNAL_SUPPORT_POISON_INJURY" />
			</div>
		</description>
		<setters>
			<set name="keywords">poison,injure,injury</set>
			<set name="category">Poison</set>
			<set name="cost" currency="gp">200</set>
			<set name="weight" lb="0.5">½ lb.</set>
			<set name="stackable">true</set>
		</setters>
		<sheet alt="Drow Poison (Injury)" />
	</element>
	<element name="Essence of Ether" type="Item" source="Dungeon Master’s Guide" id="ID_WOTC_DMG_ITEM_POISON_ESSENCE_OF_ETHER">
		<description>
			<p>A creature subjected to this poison must succeed on a DC 15 Constitution saving throw or become poisoned for 8 hours. The poisoned creature is unconscious. The creature wakes up if it takes damage or if another creature takes an action to shake it awake.</p>
			<div class="reference">
				<div element="ID_INTERNAL_SUPPORT_POISON_INHALED" />
			</div>
		</description>
		<setters>
			<set name="keywords">poison,inhale</set>
			<set name="category">Poison</set>
			<set name="cost" currency="gp">300</set>
			<set name="weight" lb="0.5">½ lb.</set>
			<set name="stackable">true</set>
		</setters>
		<sheet alt="Essence of Ether (Inhaled)" />
	</element>
	<element name="Malice" type="Item" source="Dungeon Master’s Guide" id="ID_WOTC_DMG_ITEM_POISON_MALICE">
		<description>
			<p>A creature subjected to this poison must succeed on a DC 15 Constitution saving throw or become poisoned for 1 hour. The poisoned creature is blinded.</p>
			<div class="reference">
				<div element="ID_INTERNAL_SUPPORT_POISON_INHALED" />
			</div>
		</description>
		<setters>
			<set name="keywords">poison,inhale</set>
			<set name="category">Poison</set>
			<set name="cost" currency="gp">250</set>
			<set name="weight" lb="0.5">½ lb.</set>
			<set name="stackable">true</set>
		</setters>
		<sheet alt="Malice (Inhaled)" />
	</element>
	<element name="Midnight Tears" type="Item" source="Dungeon Master’s Guide" id="ID_WOTC_DMG_ITEM_POISON_MIDNIGHT_TEARS">
		<description>
			<p>A creature that ingests this poison suffers no effect until the stroke of midnight. If the poison has not been neutralized before then, the creature must succeed on a DC 17 Constitution saving throw, taking 31 (9d6) poison damage on a failed save, or half as much damage on a successful one.</p>
			<div class="reference">
				<div element="ID_INTERNAL_SUPPORT_POISON_INGESTED" />
			</div>
		</description>
		<setters>
			<set name="keywords">poison,ingest</set>
			<set name="category">Poison</set>
			<set name="cost" currency="gp">1500</set>
			<set name="weight" lb="0.5">½ lb.</set>
			<set name="stackable">true</set>
		</setters>
		<sheet alt="Midnight Tears (Ingested)" />
	</element>
	<element name="Oil of Taggit" type="Item" source="Dungeon Master’s Guide" id="ID_WOTC_DMG_ITEM_POISON_OIL_OF_TAGGIT">
		<description>
			<p>A creature subjected to this poison must succeed on a DC 13 Constitution saving throw or become poisoned for 24 hours. The poisoned creature is unconscious. The creature wakes up if it takes damage.</p>
			<div class="reference">
				<div element="ID_INTERNAL_SUPPORT_POISON_CONTACT" />
			</div>
		</description>
		<setters>
			<set name="keywords">poison,contact</set>
			<set name="category">Poison</set>
			<set name="cost" currency="gp">400</set>
			<set name="weight" lb="0.5">½ lb.</set>
			<set name="stackable">true</set>
		</setters>
		<sheet alt="Oil of Taggit (Contact)" />
	</element>
	<element name="Pale Tincture" type="Item" source="Dungeon Master’s Guide" id="ID_WOTC_DMG_ITEM_POISON_PALE_TINCTURE">
		<description>
			<p>A creature subjected to this poison must succeed on a DC 16 Constitution saving throw or take 3 (1d6) poison damage and become poisoned. The poisoned creature must repeat the saving throw every 24 hours, taking 3 (1d6) poison damage on a failed save. Until this poison ends, the damage the poison deals can’t be healed by any means. After seven successful saving throws, the effect ends and the creature can heal normally.</p>
			<div class="reference">
				<div element="ID_INTERNAL_SUPPORT_POISON_INGESTED" />
			</div>
		</description>
		<setters>
			<set name="keywords">poison,ingest</set>
			<set name="category">Poison</set>
			<set name="cost" currency="gp">250</set>
			<set name="weight" lb="0.5">½ lb.</set>
			<set name="stackable">true</set>
		</setters>
		<sheet alt="Pale Tincture (Ingested)" />
	</element>
	<element name="Purple Worm Poison" type="Item" source="Dungeon Master’s Guide" id="ID_WOTC_DMG_ITEM_POISON_PURPLE_WORM_POISON">
		<description>
			<p>This poison must be harvested from a dead or incapacitated purple worm. A creature subjected to this poison must make a DC 19 Constitution saving throw, taking 42 (12d6) poison damage on a failed save, or half as much damage on a successful one.</p>
			<div class="reference">
				<div element="ID_INTERNAL_SUPPORT_POISON_INJURY" />
			</div>
		</description>
		<setters>
			<set name="keywords">poison,injure,injury</set>
			<set name="category">Poison</set>
			<set name="cost" currency="gp">2000</set>
			<set name="weight" lb="0.5">½ lb.</set>
			<set name="stackable">true</set>
		</setters>
		<sheet alt="Purple Worm Poison (Injury)" />
	</element>
	<element name="Serpent Venom" type="Item" source="Dungeon Master’s Guide" id="ID_WOTC_DMG_ITEM_POISON_SERPENT_VENOM">
		<description>
			<p>This poison must be harvested from a dead or incapacitated giant poisonou snake. A creature subjected to this poison must succeed on a DC 11 Constitution saving throw, taking 10 (3d6) poison damage on a failed save, or half as much damage on a successful one.</p>
			<div class="reference">
				<div element="ID_INTERNAL_SUPPORT_POISON_INJURY" />
			</div>
		</description>
		<setters>
			<set name="keywords">poison,injure,injury</set>
			<set name="category">Poison</set>
			<set name="cost" currency="gp">200</set>
			<set name="weight" lb="0.5">½ lb.</set>
			<set name="stackable">true</set>
		</setters>
		<sheet alt="Serpent Venom (Injury)" />
	</element>
	<element name="Torpor" type="Item" source="Dungeon Master’s Guide" id="ID_WOTC_DMG_ITEM_POISON_TORPOR">
		<description>
			<p>A creature subjected to this poison must succeed on a DC 15 Constitution saving throw or become poisoned for 4d6 hours. The poisoned creature is incapacitated.</p>
			<div class="reference">
				<div element="ID_INTERNAL_SUPPORT_POISON_INGESTED" />
			</div>
		</description>
		<setters>
			<set name="keywords">poison,ingest</set>
			<set name="category">Poison</set>
			<set name="cost" currency="gp">600</set>
			<set name="weight" lb="0.5">½ lb.</set>
			<set name="stackable">true</set>
		</setters>
		<sheet alt="Torpor (Ingested)" />
	</element>
	<element name="Truth Serum" type="Item" source="Dungeon Master’s Guide" id="ID_WOTC_DMG_ITEM_POISON_TRUTH_SERUM">
		<description>
			<p>creature subjected to thi poison must succeed on a DC 11 Constitution saving throw or become poisoned for 1 hour. The poisoned creature can't knowingly speak a lie, as if under the effect of a zone of truth spell.</p>
			<div class="reference">
				<div element="ID_INTERNAL_SUPPORT_POISON_INGESTED" />
			</div>
		</description>
		<setters>
			<set name="keywords">poison,ingest</set>
			<set name="category">Poison</set>
			<set name="cost" currency="gp">150</set>
			<set name="weight" lb="0.5">½ lb.</set>
			<set name="stackable">true</set>
		</setters>
		<sheet alt="Truth Serum (Ingested)" />
	</element>
	<element name="Wyvern Poison" type="Item" source="Dungeon Master’s Guide" id="ID_WOTC_DMG_ITEM_POISON_WYVERN_POISON">
		<description>
			<p>This poison must be harvested from a dead or incapacitated wyvern. A creature subjected to this poison must make a DC 15 Constitution saving throw, taking 24 (7d6) poison damage on a failed save, or half as much damage on a successful one.</p>
			<div class="reference">
				<div element="ID_INTERNAL_SUPPORT_POISON_INJURY" />
			</div>
		</description>
		<setters>
			<set name="keywords">poison,injure,injury</set>
			<set name="category">Poison</set>
			<set name="cost" currency="gp">1200</set>
			<set name="weight" lb="0.5">½ lb.</set>
			<set name="stackable">true</set>
		</setters>
		<sheet alt="Wyvern Poison (Injury)" />
	</element>

	<!-- poison types -->
	<element name="Contact" type="Support" source="Internal" id="ID_INTERNAL_SUPPORT_POISON_CONTACT">
		<description>
			<p>Contact poison can be smeared on an object and remains potent until it is touched or washed off. A creature that touches contact poison with exposed skin suffers its effects.</p>
		</description>
	</element>
	<element name="Ingested" type="Support" source="Internal" id="ID_INTERNAL_SUPPORT_POISON_INGESTED">
		<description>
			<p>A creature must swallow an entire dose of ingested poison to suffer its effects. The dose can be delivered in food or a liquid. You might decide that a partial dose has a reduced effect, such as allowing advantage on the saving throw or dealing only half damage on a failed save.</p>
		</description>
	</element>
	<element name="Inhaled" type="Support" source="Internal" id="ID_INTERNAL_SUPPORT_POISON_INHALED">
		<description>
			<p>These poisons are powders or gases that take effect when inhaled. Blowing the powder or releasing the gas subjects creatures in a 5-foot cube to its effect. The resulting cloud dissipates immediately afterward. Holding one’s breath is ineffective against inhaled poisons, as they affect nasal membranes, tear ducts, and other parts of the body.</p>
		</description>
	</element>
	<element name="Injury" type="Support" source="Internal" id="ID_INTERNAL_SUPPORT_POISON_INJURY">
		<description>
			<p>Injury poison can be applied to weapons, ammunition, trap components, and other objects that deal piercing or slashing damage and remains potent until delivered through a wound or washed off. A creature that takes piercing or slashing damage from an object coated with the poison is exposed to its effects.</p>
		</description>
	</element>
</elements>