<?xml version="1.0" encoding="utf-8" ?>
<elements>
	<info>
		<update version="0.0.2">
			<file name="sources.xml" url="https://raw.githubusercontent.com/aurorabuilder/elements/master/core/dungeon-masters-guide/source.xml" />
		</update>
	</info>
	<element name="Dungeon Master’s Guide" type="Source" source="Core" id="ID_WOTC_SOURCE_DUNGEON_MASTERS_GUIDE">
		<description>
			<![CDATA[<p><strong>Everything a Dungeon Master needs to weave legendary stories for the world’s greatest roleplaying game.</strong></p><p>The Dungeon Master’s Guide provides the inspiration and the guidance you need to spark your imagination and create worlds of adventure for your players to explore and enjoy.</p><p>Inside you’ll find world-building tools, tips and tricks for creating memorable dungeons and adventures, optional game rules, hundreds of classic D&amp;D magic items, and much more!</p>]]>
		</description>
		<setters>
			<set name="abbreviation">DMG</set>
			<set name="url">http://dnd.wizards.com/products/tabletop-games/rpg-products/dungeon-masters-guide</set>
			<set name="image">https://media.dnd.wizards.com/styles/product_tabletop_left/public/images/product/DnD_DMG.png</set>
			<set name="errata">https://media.wizards.com/2018/dnd/downloads/DMG-Errata.pdf</set>
			<set name="author" abbreviation="WOTC" url="http://dnd.wizards.com">Wizards of the Coast</set>
			<set name="official">true</set>
			<set name="core">true</set>
			<set name="release">20140930</set>
		</setters>
	</element>
</elements>