<?xml version="1.0" encoding="utf-8" ?>
<elements>
	<info>
		<name>Eladrin</name>
		<description>Subrace from the Dungeon Master’s Guide".</description>
		<author url="http://dnd.wizards.com/products/tabletop-games/rpg-products/dungeon-masters-guide">Wizards of the Coast</author>
		<update version="0.0.7">
			<file name="subrace-eladrin.xml" url="https://raw.githubusercontent.com/aurorabuilder/elements/master/dungeon-masters-guide/races/subrace-eladrin.xml" />
		</update>
	</info>
	<element name="Eladrin" type="Sub Race" source="Dungeon Master’s Guide" id="ID_DMG_SUBRACE_ELADRIN">
		<supports>Elf</supports>
		<description>
			<p>Creatures of magic with strong ties to nature, eladrin live in the twilight realm of the Feywild. Their cities sometimes cross over to the Material Plane, appearing briefly in mountain valleys or deep forest glades before fading back into the Feywild.</p>
			<p class="indent"><strong><em>Ability Score Increase.</em></strong> Your Intelligence score increases by 1.</p>
			<p class="indent"><strong><em>Elf Weapon Training.</em></strong> You have proficiency with the longsword, shortsword, shortbow, and longbow.</p>
			<p class="indent"><strong><em>Fey Step.</em></strong> You can cast the misty step spell once using this trait. You regain the ability to do so when you finish a short or long rest.</p>
		</description>
		<sheet display="false" />
		<rules>
			<stat name="intelligence" value="1" />
			<grant type="Racial Trait" id="ID_RACIAL_TRAIT_ELF_WEAPON_TRAINING" />
			<grant type="Racial Trait" id="ID_DMG_RACIAL_TRAIT_FEY_STEP" />
		</rules>
	</element>
	<element name="Fey Step" type="Racial Trait" source="Dungeon Master’s Guide" id="ID_DMG_RACIAL_TRAIT_FEY_STEP">
		<description>
			<p>You can cast the misty step spell once using this trait. You regain the ability to do so when you finish a short or long rest.</p>
			<div element="ID_PHB_SPELL_MISTY_STEP" />
		</description>
		<sheet usage="1/Short Rest">
			<description>You can cast the misty step spell once using this trait.</description>
		</sheet>
		<rules>
			<grant type="Spell" id="ID_PHB_SPELL_MISTY_STEP" />
		</rules>
	</element>
</elements>