<?xml version="1.0" encoding="utf-8" ?>
<elements>
	<info>
		<name>Languages</name>
		<description>Languages from the Monster Manual.</description>
		<author url="http://dnd.wizards.com/products/tabletop-games/rpg-products/monster-manual">Wizards of the Coast</author>
		<update version="0.0.4">
			<file name="languages.xml" url="https://raw.githubusercontent.com/aurorabuilder/elements/master/core/monster-manual/languages.xml" />
		</update>
	</info>
	<element name="Auran" type="Language" source="Monster Manual" id="ID_MM_LANGUAGE_AURAN">
		<supports>Monster</supports>
		<description>
			<p>Typically spoken by elementals.</p>
		</description>
		<setters>
			<set name="monster">true</set>
			<set name="speakers">Air elementals</set>
			<set name="script"></set>
		</setters>
	</element>
	<element name="Terran" type="Language" source="Monster Manual" id="ID_MM_LANGUAGE_TERRAN">
		<supports>Monster</supports>
		<description>
			<p>Typically spoken by elementals.</p>
		</description>
		<setters>
			<set name="monster">true</set>
			<set name="speakers">Earth elementals</set>
			<set name="script"></set>
		</setters>
	</element>
	<element name="Aquan" type="Language" source="Monster Manual" id="ID_MM_LANGUAGE_AQUAN">
		<supports>Monster</supports>
		<description>
			<p>Typically spoken by elementals.</p>
		</description>
		<setters>
			<set name="monster">true</set>
			<set name="speakers">Water elementals</set>
			<set name="script"></set>
		</setters>
	</element>
	<element name="Ignan" type="Language" source="Monster Manual" id="ID_MM_LANGUAGE_IGNAN">
		<supports>Monster</supports>
		<description>
			<p>Typically spoken by elementals.</p>
		</description>
		<setters>
			<set name="monster">true</set>
			<set name="speakers">Fire elementals</set>
			<set name="script"></set>
		</setters>
	</element>
	<element name="Bullywug" type="Language" source="Monster Manual" id="ID_MM_LANGUAGE_BULLYWUG">
		<supports>Monster</supports>
		<description>
			<p>Typically spoken by bullywugs.</p>
		</description>
		<setters>
			<set name="monster">true</set>
			<set name="speakers">Bullywugs</set>
			<set name="script"></set>
		</setters>
	</element>
	<element name="Thri-kreen" type="Language" source="Monster Manual" id="ID_MM_LANGUAGE_THRIKREEN">
		<supports>Monster</supports>
		<description>
			<p>Thri-kreen employ a language without words. To show emotion and reaction, a thri-kreen clacks its mandibles and waves its antennae, giving other thri-kreen a sense of what it is thinking and feeling. Other creatures find this manner of communication difficult to interpret and impossible to duplicate.</p>
		</description>
		<setters>
			<set name="monster">true</set>
			<set name="speakers">Thri-kreen</set>
			<set name="script"></set>
		</setters>
	</element>
	<element name="Troglodyte" type="Language" source="Monster Manual" id="ID_MM_LANGUAGE_TROGLODYTE">
		<supports>Monster</supports>
		<description>
			<p>Typically spoken by troglodytes.</p>
		</description>
		<setters>
			<set name="monster">true</set>
			<set name="speakers">Troglodyte</set>
			<set name="script"></set>
		</setters>
	</element>
	<element name="Gith" type="Language" source="Monster Manual" id="ID_MM_LANGUAGE_GITH">
		<supports>Monster</supports>
		<description>
			<p>Typically spoken by gith.</p>
		</description>
	</element>
	<element name="Gnoll" type="Language" source="Monster Manual" id="ID_MM_LANGUAGE_GNOLL">
		<supports>Monster</supports>
		<description>
			<p>Typically spoken by gnoll.</p>
		</description>
	</element>
	<element name="Sahuagin" type="Language" source="Monster Manual" id="ID_MM_LANGUAGE_SAHUAGIN">
		<supports>Monster</supports>
		<description>
			<p>Typically spoken by sahuagin.</p>
		</description>
	</element>
	<element name="Grell" type="Language" source="Monster Manual" id="ID_MM_LANGUAGE_GRELL">
		<supports>Monster</supports>
		<description>
			<p>Typically spoken by grell.</p>
		</description>
	</element>
	<element name="Hook Horror" type="Language" source="Monster Manual" id="ID_MM_LANGUAGE_HOOK_HORROR">
		<supports>Monster</supports>
		<description>
			<p>Typically spoken by hook horrors.</p>
		</description>
	</element>
	<element name="Modron" type="Language" source="Monster Manual" id="ID_MM_LANGUAGE_MODRON">
		<supports>Monster</supports>
		<description>
			<p>Typically spoken by modrons.</p>
		</description>
	</element>
	<element name="Otyugh" type="Language" source="Monster Manual" id="ID_MM_LANGUAGE_OTYUGH">
		<supports>Monster</supports>
		<description>
			<p>Typically spoken by otyugh.</p>
		</description>
	</element>
	<element name="Slaad" type="Language" source="Monster Manual" id="ID_MM_LANGUAGE_SLAAD">
		<supports>Monster</supports>
		<description>
			<p>Typically spoken by slaad.</p>
		</description>
	</element>
	<element name="Sphinx" type="Language" source="Monster Manual" id="ID_MM_LANGUAGE_SPHINX">
		<supports>Monster</supports>
		<description>
			<p>Typically spoken by sphinx.</p>
		</description>
	</element>
	<element name="Umber Hulk" type="Language" source="Monster Manual" id="ID_MM_LANGUAGE_UMBER_HULK">
		<supports>Monster</supports>
		<description>
			<p>Typically spoken by umber hulk.</p>
		</description>
	</element>
	<element name="Yeti" type="Language" source="Monster Manual" id="ID_MM_LANGUAGE_YETI">
		<supports>Monster</supports>
		<description>
			<p>Typically spoken by yeti.</p>
		</description>
	</element>
	<element name="Blink Dog" type="Language" source="Monster Manual" id="ID_MM_LANGUAGE_BLINK_DOG">
		<supports>Monster</supports>
		<description>
			<p>Typically spoken by blink dogs.</p>
		</description>
	</element>
	<element name="Giant Eagle" type="Language" source="Monster Manual" id="ID_MM_LANGUAGE_GIANT_EAGLE">
		<supports>Monster</supports>
		<description>
			<p>Typically spoken by giant eagles.</p>
		</description>
	</element>
	<element name="Giant Elk" type="Language" source="Monster Manual" id="ID_MM_LANGUAGE_GIANT_ELK">
		<supports>Monster</supports>
		<description>
			<p>Typically spoken by giant elks.</p>
		</description>
	</element>
	<element name="Giant Owl" type="Language" source="Monster Manual" id="ID_MM_LANGUAGE_GIANT_OWL">
		<supports>Monster</supports>
		<description>
			<p>Typically spoken by giant owls.</p>
		</description>
	</element>
	<element name="Winter Wolf" type="Language" source="Monster Manual" id="ID_MM_LANGUAGE_WINTER_WOLF">
		<supports>Monster</supports>
		<description>
			<p>Typically spoken by winter wolves.</p>
		</description>
	</element>
	<element name="Worg" type="Language" source="Monster Manual" id="ID_MM_LANGUAGE_WORG">
		<supports>Monster</supports>
		<description>
			<p>Typically spoken by worgs.</p>
		</description>
	</element>
</elements>