<?xml version="1.0" encoding="utf-8" ?>
<elements>
	<info>
		<update version="0.0.1">
			<file name="sources.xml" url="https://raw.githubusercontent.com/aurorabuilder/elements/master/core/monster-manual/source.xml" />
		</update>
	</info>
	<element name="Monster Manual" type="Source" source="Core" id="ID_WOTC_SOURCE_MONSTER_MANUAL">
		<description>
			<![CDATA[<p><strong>A menagerie of deadly monsters for the world’s greatest roleplaying game.</strong></p><p>The Monster Manual presents a horde of classic Dungeons &amp; Dragons creatures, including dragons, giants, mind flayers, and beholders—a monstrous feast for Dungeon Masters ready to challenge their players and populate their adventures.</p><p>The monsters contained herein are culled from the D&amp;D game’s illustrious history, with easy-to-use game statistics and thrilling stories to feed your imagination.</p>]]>
		</description>
		<setters>
			<set name="abbreviation">MM</set>
			<set name="url">http://dnd.wizards.com/products/tabletop-games/rpg-products/monster-manual</set>
			<set name="image">https://media.dnd.wizards.com/styles/product_tabletop_left/public/images/product/DnD_MonsterManual.png</set>
			<set name="errata">http://media.wizards.com/2018/dnd/downloads/DMG-Errata.pdf</set>
			<set name="author" abbreviation="WOTC" url="http://dnd.wizards.com">Wizards of the Coast</set>
			<set name="official">true</set>
			<set name="core">true</set>
			<set name="release">20141209</set>
		</setters>
	</element>
</elements>