<?xml version="1.0" encoding="utf-8" ?>
<elements>
	<info>
		<update version="0.0.3">
			<file name="items.xml" url="https://raw.githubusercontent.com/aurorabuilder/elements/master/supplements/lost-mines-phandelver/items.xml" />
		</update>
	</info>	
	<element name="Dragonguard" type="Magic Item" source="Lost Mine of Phandelver" id="ID_WOTC_LMOP_MAGIC_ITEM_DRAGONGUARD">
		<description>
			<p>This +1 breastplate has a gold dragon motif worked into its design. Created for a human hero of Neverwinter named Tergon, it grants its wearer advantage on saving throws against the breath weapons of creatures that have the dragon type.</p>
		</description>
		<setters>
			<set name="category">Magic Armor</set>
			<set name="cost" currency="gp">0</set>
			<set name="weight" lb="0">0 lb.</set>
			<set name="slot">body</set>
			<set name="type" addition="breastplate">Armor</set>
			<set name="rarity">Uncommon</set>
			<set name="enhancement">1</set>
			<set name="armor">Breastplate</set>
		</setters>
		<rules>
			<stat name="ac:armored:enhancement" value="1" bonus="enhancement" />
		</rules>
	</element>
	<element name="Hew" type="Magic Item" source="Lost Mine of Phandelver" id="ID_WOTC_LMOP_MAGIC_ITEM_HEW">
		<description>
			<p>This +1 battleaxe deals maximum damage when the wielder hits a plant creature or an object made of wood. The axe’s creator was a dwarf smith who feuded with the dryads of a forest where he cut firewood. Whoever carries the axe feels uneasy whenever he or she travels through a forest.</p>
		</description>
		<setters>
			<set name="keywords">battleaxe</set>
			<set name="category">Magic Weapons</set>
			<set name="cost" currency="gp">0</set>
			<set name="type" addition="battleaxe">Weapon</set>
			<set name="rarity"></set>
			<set name="weapon">Battleaxe</set>
			<set name="enhancement">1</set>
		</setters>
	</element>
	<element name="Lightbringer" type="Magic Item" source="Lost Mine of Phandelver" id="ID_WOTC_LMOP_MAGIC_ITEM_LIGHTBRINGER">
		<description>
			<p>This +1 mace was made for a cleric of Lathander, the god of dawn. The head of the mace is shaped like a sunburst and made of solid brass. Named Lightbringer, this weapon glows as bright as a torch when its wielder commands. While glowing, the mace deals an extra 1d6 radiant damage to undead creatures.</p>
		</description>
		<setters>
			<set name="keywords">mace</set>
			<set name="category">Magic Weapons</set>
			<set name="cost" currency="gp">0</set>
			<set name="type" addition="mace">Weapon</set>
			<set name="rarity">Uncommon</set>
			<set name="weapon">Mace</set>
			<set name="enhancement">1</set>
		</setters>
	</element>
	<element name="Staff of Defense" type="Magic Item" source="Lost Mine of Phandelver" id="ID_WOTC_LMOP_MAGIC_ITEM_STAFF_OF_DEFENSE">
		<description>
			<p>This slender, hollow staff is made of glass yet is as strong as oak. It weighs 3 pounds. You must be attuned to the staff to gain its benefits and cast its spells.</p>
			<p class="indent">While holding the staff, you have a +1 bonus to your Armor Class.</p>
			<p class="indent">The staff has 10 charges, which are used to fuel the spells within it. With the staff in hand, you can use your action to cast one of the following spells from the staff if the spell is on your class’s spell list: <em>mage armor</em> (1 charge) or <em>shield</em> (2 charges). No components are required.</p>
			<p class="indent">The staff regains 1d6+4 expended charges each day at dawn. If you expend the staff’s last charge, roll a d20. On a 1, the staff shatters and is destroyed.</p>
		</description>
		<setters>
			<set name="keywords">ac, armor class, mage armor, shield</set>
			<set name="category">Staffs</set>
			<set name="cost" currency="gp">0</set>
			<set name="weight" lb="3">3 lb.</set>
			<set name="slot">onehand</set>
			<set name="weapon">Quarterstaff</set>
			<set name="type">Staff</set>
			<set name="attunement">true</set>
			<set name="rarity">Rare</set>
			<set name="charges">10</set>
		</setters>
		<rules>
			<stat name="ac:misc" value="1" />
		</rules>
	</element>
	<element name="Spider Staff" type="Magic Item" source="Lost Mine of Phandelver" id="ID_WOTC_LMOP_MAGIC_ITEM_SPIDER_STAFF">
		<description>
			<p>The top of this black, adamantine staff is shaped like a spider. The staff weighs 6 pounds. You must be attuned to the staff to gain its benefits and cast its spells. The staff can be wielded as a quarterstaff. It deals 1d6 extra poison damage on a hit when used to make a weapon attack.</p>
			<p class="indent">The staff has 10 charges, which are used to fuel the spells within it. With the staff in hand, you can use your action to cast one of the following spells from the staff if the spell is on your class’s spell list: <em>spider climb</em> (1 charge) or <em>web</em> (2 charges, spell save DC 15). No components are required.</p>
			<p class="indent">The staff regains 1d6+4 expended charges each day at dusk. If you expend the staff’s last charge, roll a d20. On a 1, the staff crumbles to dust and is destroyed.</p>
		</description>
		<setters>
			<set name="keywords">poison, spider climb, web</set>
			<set name="category">Staffs</set>
			<set name="cost" currency="gp">0</set>
			<set name="weight" lb="6">6 lb.</set>
			<set name="slot">onehand</set>
			<set name="weapon">Quarterstaff</set>
			<set name="type">Staff</set>
			<set name="attunement">true</set>
			<set name="rarity">Rare</set>
			<set name="charges">10</set>
		</setters>
	</element>
</elements>