<?xml version="1.0" encoding="utf-8" ?>
<elements>
	<info>
		<update version="0.0.1">
			<file name="source.xml" url="https://raw.githubusercontent.com/aurorabuilder/elements/master/supplements/lost-mines-phandelver/source.xml" />
		</update>
	</info>	
	<element name="Lost Mine of Phandelver" type="Source" source="Core" id="ID_WOTC_SOURCE_LOST_MINE_OF_PHANDELVER">
		<description>			
			<![CDATA[<p>Lost Mine of Phandelver is an adventure for four to five characters of 1st level. During the course of the adventure, the characters will advance to 5th level. The adventure is set a short distance from the city of Neverwinter in the Sword Coast region of the Forgotten Realms setting. The Sword Coast is part of the North—a vast realm of free settlements surrounded by wilderness and adventure.</p>]]>
		</description>
		<setters>
			<set name="abbreviation">LMOP</set>
			<set name="url">https://dnd.wizards.com/products/tabletop-games/rpg-products/rpg_starterset</set>
			<set name="image">https://media.dnd.wizards.com/styles/product_tabletop_left/public/images/product/DnD_StarterBox.png</set>
			<set name="author" abbreviation="WOTC" url="http://dnd.wizards.com">Wizards of the Coast</set>
			<set name="official">true</set>
			<set name="supplement">true</set>
			<set name="release">20140715</set>
		</setters>
	</element>
</elements>