<?xml version="1.0" encoding="utf-8" ?>
<elements>
    <info>
        <name>Cirlce of Twilight Druid Circle</name>
		<author url="https://drive.google.com/file/d/1Kr3ZKYy3Me0ZFOhOQAmKBZlB9JUauhW5/view">Jonoman3000</author>
        <update version="0.0.1">
            <file name="druid-circle-of-twilight.xml" url="https://raw.githubusercontent.com/community-elements/elements-reddit/master/reddit/reddit-unearthed-arcana/dark-arts-players-companion/druid-circle-of-twilight.xml" />
        </update>
    </info>
    
    <element name="Circle of Twilight" type="Archetype" source="Dark Arts Player’s Companion" id="ID_JONOMAN3000_DAPC_ARCHETYPE_DRUID_CIRCLE_OF_TWILIGHT">
        <supports>Druid Circle</supports>
        <description>
            <p>The Circle of Twilight is an ancient sect of druids, long estranged from other druidic circles due to their differing outlooks on the natural world. The Circle of Twilight believes that the spirits of nature need regular sacrifices of beasts, natural and unnatural, and even the occasional human sacrifice. These druids meet in old, dying forests to perform secret blood rituals - rituals which they hope will appease the cruelest gods of the Old Faith. As a member of this circle, you realize nature’s will is not of kindness and spirituality - it is of cruelty and sacrifice.</p>
            <div element="ID_JONOMAN3000_DAPC_ARCHETYPE_FEATURE_CIRCLE_OF_TWILIGHT_RITUAL_SACRIFICE" />
            <div element="ID_JONOMAN3000_DAPC_ARCHETYPE_FEATURE_CIRCLE_OF_TWILIGHT_CIRCLE_SPELLS" />
            <div element="ID_JONOMAN3000_DAPC_ARCHETYPE_FEATURE_CIRCLE_OF_TWILIGHT_EYES_OF_TWILIGHT" />
            <div element="ID_JONOMAN3000_DAPC_ARCHETYPE_FEATURE_CIRCLE_OF_TWILIGHT_SOULSEEING" />
            <div element="ID_JONOMAN3000_DAPC_ARCHETYPE_FEATURE_CIRCLE_OF_TWILIGHT_RITUALIST" />
        </description>
        <sheet display="false">
            <description>The Circle of Twilight is an ancient sect of druids, long estranged from other druidic circles due to their differing outlooks on the natural world. The Circle of Twilight believes that the spirits of nature need regular sacrifices of beasts, natural and unnatural, and even the occasional human sacrifice.</description>
        </sheet>
        <rules>
            <grant type="Archetype Feature" id="ID_JONOMAN3000_DAPC_ARCHETYPE_FEATURE_CIRCLE_OF_TWILIGHT_RITUAL_SACRIFICE" level="1" />
            <grant type="Archetype Feature" id="ID_JONOMAN3000_DAPC_ARCHETYPE_FEATURE_CIRCLE_OF_TWILIGHT_CIRCLE_SPELLS" level="1" />
            <grant type="Archetype Feature" id="ID_JONOMAN3000_DAPC_ARCHETYPE_FEATURE_CIRCLE_OF_TWILIGHT_EYES_OF_TWILIGHT" level="1" />
            <grant type="Archetype Feature" id="ID_JONOMAN3000_DAPC_ARCHETYPE_FEATURE_CIRCLE_OF_TWILIGHT_SOULSEEING" level="1" />
            <grant type="Archetype Feature" id="ID_JONOMAN3000_DAPC_ARCHETYPE_FEATURE_CIRCLE_OF_TWILIGHT_RITUALIST" level="1" />
        </rules>
    </element>
    
    <element name="Ritual Sacrifice" type="Archetype Feature" source="Dark Arts Player’s Companion" id="ID_JONOMAN3000_DAPC_ARCHETYPE_FEATURE_CIRCLE_OF_TWILIGHT_RITUAL_SACRIFICE">
        <description>
            <p>When you choose this circle at 2nd level, you learn how to perform rituals using the blood sacrifices of powerful foes. By using the body of a creature that has died within the last hour as one of your spell components, you can cast any spell with the ritual tag from any class spell list without needing to prepare it. You still need to use the other components of the ritual as normal.</p>
            <p class="indent">In order to cast a ritual in this manner, you need the body of a creature of a CR greater than or equal to the spell level of the ritual to be cast, and the spell must be of a level you have spell slots for. The creature used cannot be a construct, an undead, or an elemental. Once you complete the ritual, that creature cannot be used in any other rituals.</p>
        </description>
        <sheet>
            <description>By using the body of a creature that has died within the last hour as one of your spell components, you can cast any spell with the ritual tag from any class spell list without needing to prepare it. You still need to use the other components of the ritual as normal. You need the body of a creature of a CR greater than or equal to the spell level of the ritual to be cast, and the spell must be of a level you have spell slots for. The creature used cannot be a construct, an undead, or an elemental. Once you complete the ritual, that creature cannot be used in any other rituals.</description>
        </sheet>
    </element>
    
    <element name="Circle Spells" type="Archetype Feature" source="Dark Arts Player’s Companion" id="ID_JONOMAN3000_DAPC_ARCHETYPE_FEATURE_CIRCLE_OF_TWILIGHT_CIRCLE_SPELLS">
        <description>
            <p>The dark powers of twilight infuse you with the ability to cast certain spells. At 3rd, 5th, 7th, and 9th level you gain access to a number of circle spells, listed below in the twilight table.</p>
            <p class="indent">Once you gain access to a circle spell, you always have it prepared, and it doesn’t count against the number of spells you can prepare each day. If you gain access to a spell that doesn’t appear on the druid spell list, the spell is nonetheless a druid spell for you.</p>
            <table>
                <thead>
                    <tr><td>Druid Level</td><td>Circle Spells</td></tr>
                </thead>
                <tr><td>3rd</td><td><i>darkness, gentle repose</i></td></tr>
                <tr><td>5th</td><td><i>speak with dead, tides of blood</i></td></tr>
                <tr><td>7th</td><td><i>dominate beast, draining thread</i></td></tr>
                <tr><td>9th</td><td><i>dominate person, insect plague</i></td></tr>
            </table>
        </description>
        <sheet display="false">
            <description></description>
        </sheet>
        <rules>
            <grant type="Spell" id="ID_PHB_SPELL_DARKNESS" prepared="true" spellcasting="Druid" />
            <grant type="Spell" id="ID_PHB_SPELL_GENTLE_REPOSE" prepared="true" spellcasting="Druid" />
            <grant type="Spell" id="ID_PHB_SPELL_SPEAK_WITH_DEAD" prepared="true" spellcasting="Druid" />
            <grant type="Spell" id="ID_JONOMAN3000_DAPC_SPELL_TIDES_OF_BLOOD" prepared="true" spellcasting="Druid" />
            <grant type="Spell" id="ID_PHB_SPELL_DOMINATE_BEAST" prepared="true" spellcasting="Druid" />
            <grant type="Spell" id="ID_JONOMAN3000_DAPC_SPELL_DRAINING_THREAD" prepared="true" spellcasting="Druid" />
            <grant type="Spell" id="ID_PHB_SPELL_DOMINATE_PERSON" prepared="true" spellcasting="Druid" />
            <grant type="Spell" id="ID_PHB_SPELL_INSECT_PLAGUE" prepared="true" spellcasting="Druid" />
        </rules>
    </element>
    
    <element name="Eyes of Twilight" type="Archetype Feature" source="Dark Arts Player’s Companion" id="ID_JONOMAN3000_DAPC_ARCHETYPE_FEATURE_CIRCLE_OF_TWILIGHT_EYES_OF_TWILIGHT">
        <description>
            <p>Starting at 6th level, you gain darkvision with a radius of 60 feet, or you increase the radius of your darkvision by 30 feet if you already have it. Additionally, you can see through magical darkness for the radius of your darkvision.</p>
        </description>
        <sheet>
            <description>You gain darkvision with a radius of 60 feet, or you increase the radius of your darkvision by 30 feet if you already have it. Additionally, you can see through magical darkness for the radius of your darkvision.</description>
        </sheet>
        <rules>
            <grant type="Vision" id="ID_VISION_DARKVISION" />
        </rules>
    </element>
    
    <element name="Soulseeing" type="Archetype Feature" source="Dark Arts Player’s Companion" id="ID_JONOMAN3000_DAPC_ARCHETYPE_FEATURE_CIRCLE_OF_TWILIGHT_SOULSEEING">
        <description>
            <p>At 10th level, you gain the ability to see the souls of living creatures. As an action on your turn, you hone your senses to allow you to see the faint outline of any living creature or creature that has died within the last hour. This allows you to see any creature within the radius of your darkvision, including invisible creatures, as well as creatures that are obscured in some manner, such as being behind a wall or in murky water. This sight can penetrate most barriers, but it is blocked by 1 foot of stone, 1 inch of common metal, a thin sheet of lead, or 3 feet of wood or dirt. The magical sight lasts until the end of your next turn.</p>
            <p class="indent">You can use this feature a number of times equal to your Wisdom modifier (a minimum of once). You regain all expended uses when you finish a long rest.</p>
        </description>
        <sheet action="Action" usage="{{soulseeing:uses}}/Long Rest">
            <description>You hone your senses to allow you to see the faint outline of any living creature or creature that has died within the last hour. This allows you to see any creature within the radius of your darkvision, including invisible creatures, as well as creatures that are obscured in some manner, such as being behind a wall or in murky water. This sight can penetrate most barriers, but it is blocked by 1 foot of stone, 1 inch of common metal, a thin sheet of lead, or 3 feet of wood or dirt. The magical sight lasts until the end of your next turn.</description>
        </sheet>
        <rules>
            <stat name="soulseeing:uses" value="1" bonus="uses" />
            <stat name="soulseeing:uses" value="wisdom:modifier" bonus="uses" />
        </rules>
    </element>
    
    <element name="Ritualist" type="Archetype Feature" source="Dark Arts Player’s Companion" id="ID_JONOMAN3000_DAPC_ARCHETYPE_FEATURE_CIRCLE_OF_TWILIGHT_RITUALIST">
        <description>
            <p>When you reach 14th level, you become a master at performing rituals. Casting a spell as a ritual now only adds 1 minute to the cast time.</p>
            <p class="indent">Additionally, when you cast a ritual using your ritual sacrifice feature, the CR of the creature only needs to be half of the spell level of the ritual to be cast, and you may use the same creature in up to two different rituals.</p>
        </description>
        <sheet>
            <description>Casting a spell as a ritual now only adds 1 minute to the cast time. Additionally, when you cast a ritual using your ritual sacrifice feature, the CR of the creature only needs to be half of the spell level of the ritual to be cast, and you may use the same creature in up to two different rituals.</description>
        </sheet>
    </element>
    
</elements>