<?xml version="1.0" encoding="utf-8" ?>
<elements>
    <info>
        <name>Dark Arts Player’s Companion Spells</name>
		<set name="author" url="https://drive.google.com/file/d/1Kr3ZKYy3Me0ZFOhOQAmKBZlB9JUauhW5/view">Jonoman3000</set>
        <update version="0.0.1">
            <file name="spells.xml" url="https://raw.githubusercontent.com/community-elements/elements-reddit/master/reddit/reddit-unearthed-arcana/dark-arts-players-companion/spells.xml" />
        </update>
    </info>

    <element name="Animate Blood" type="Spell" source="Dark Arts Player’s Companion" id="ID_JONOMAN3000_DAPC_SPELL_ANIMATE_BLOOD">
        <supports>DAPC_Hemomancy,Cleric,Sorcerer,Wizard</supports>
        <description>
            <p class="flavor">Hemomancy HP cost min/max: 7/20</p>
            <p>You animate droplets of your own blood to act under your command. For every three hit points expended in the casting of this spell, you create a droplet of animated blood.</p>
            <p class="indent">On each of your turns, you can use a bonus action to mentally command the droplets to move as long as they are within 120 feet of you. The droplets have a speed of 30 feet, and a climbing speed of 15 feet.</p>
            <p class="indent">As an action on your turn, you can choose to see and hear from the location of one of the blood droplets until the end of your turn, becoming blinded and deafened to your own surroundings. Additionally, you may instead use your action to cause one of the droplets to explode in a burst of necromantic energy, destroying the droplet and damaging surrounding creatures. Each creature within 5 feet of the droplet must make a Dexterity saving throw. The creature takes 5d4 necrotic damage on a failed save, or half damage on a successful one.</p>
            <p class="indent"><span class="feature">At Higher Levels. </span>When you cast this spell using a spell slot of 5th level or higher, the damage increases to 6d4. When you use a spell slot of 7th level or higher, the damage increases to 7d4. When you use a 9th level spell slot, the damage increases to 8d4.</p>
        </description>
        <setters>
            <set name="keywords"></set>
            <set name="level">3</set>
            <set name="school" addition="Hemomancy">Necromancy</set>
            <set name="time">1 action</set>
            <set name="duration">Concentration, up to 10 minutes</set>
            <set name="range">10 feet</set>
            <set name="hasVerbalComponent">true</set>
            <set name="hasSomaticComponent">true</set>
            <set name="hasMaterialComponent">true</set>
            <set name="materialComponent">droplets of blood</set>
            <set name="isConcentration">true</set>
            <set name="isRitual">false</set>
        </setters>
    </element>   
    
    <element name="Aura of Shade" type="Spell" source="Dark Arts Player’s Companion" id="ID_JONOMAN3000_DAPC_SPELL_AURA_OF_SHADE">
        <supports>Bard,Druid,Ranger,Sorcerer,Warlock,Wizard</supports>
        <description>
            <p>You create a 15-foot cube of shadow magic centered on a point within range. The area appears to be wreathed in swirling shadows and darkness, and is easily identifiable when it is in an area of bright or dim light. The sphere spreads around corners, and each creature within the radius becomes invisible at the start of each of their turns. This invisibility ends if they attack, cast a spell, or leave the area. Anything they are wearing or carrying is also invisible as long as they are.</p>
        </description>
        <setters>
            <set name="keywords"></set>
            <set name="level">2</set>
            <set name="school">Illusion</set>
            <set name="time">1 action</set>
            <set name="duration">1 minute</set>
            <set name="range">30 feet</set>
            <set name="hasVerbalComponent">true</set>
            <set name="hasSomaticComponent">true</set>
            <set name="hasMaterialComponent">true</set>
            <set name="materialComponent">a deep black stone</set>
            <set name="isConcentration">false</set>
            <set name="isRitual">false</set>
        </setters>
    </element>   
    
    <element name="Banshee’s Wail" type="Spell" source="Dark Arts Player’s Companion" id="ID_JONOMAN3000_DAPC_SPELL_BANSHEES_WAIL">
        <supports>Bard,Cleric,Warlock,Wizard</supports>
        <description>
            <p>You release a mournful wail that pierces into the mind of those that hear it. Each creature within 20 feet of you must make a Constitution saving throw. On a failed save, a creature takes 4d8 psychic damage, and falls unconscious. On a success, it takes half damage and suffers no other effect. An unconscious creature wakes up if it takes any damage or if another creature uses its action to shake them awake. A deafened creature automatically succeeds on the save.</p>
        </description>
        <setters>
            <set name="keywords"></set>
            <set name="level">6</set>
            <set name="school">Necromancy</set>
            <set name="time">1 action</set>
            <set name="duration">Instantaneous</set>
            <set name="range">Self (30-foot radius)</set>
            <set name="hasVerbalComponent">true</set>
            <set name="hasSomaticComponent">true</set>
            <set name="hasMaterialComponent">true</set>
            <set name="materialComponent">a strand of banshee hair</set>
            <set name="isConcentration">false</set>
            <set name="isRitual">false</set>
        </setters>
    </element>   
    
    <element name="Beacon of False Life" type="Spell" source="Dark Arts Player’s Companion" id="ID_JONOMAN3000_DAPC_SPELL_BEACON_OF_FALSE_LIFE">
        <supports>Cleric,Sorcerer,Warlock,Wizard</supports>
        <description>
            <p>Necromantic energy emanates from you in a 30-foot radius area. Until the spell ends, the area moves with you, centered on you. While within the area, you and every creature that you have under your control (such as through an <i>animate dead</i> spell) gains 2d4 temporary hit points at the start of each of their turns. These temporary hit points last until they leave the area.</p>
        </description>
        <setters>
            <set name="keywords"></set>
            <set name="level">3</set>
            <set name="school">Necromancy</set>
            <set name="time">1 action</set>
            <set name="duration">Concentration, up to 1 minute</set>
            <set name="range">Self (30-foot radius)</set>
            <set name="hasVerbalComponent">true</set>
            <set name="hasSomaticComponent">true</set>
            <set name="hasMaterialComponent">true</set>
            <set name="materialComponent">alcohol or distilled spirits</set>
            <set name="isConcentration">true</set>
            <set name="isRitual">false</set>
        </setters>
    </element>   
    
    <element name="Blackblood" type="Spell" source="Dark Arts Player’s Companion" id="ID_JONOMAN3000_DAPC_SPELL_BLACKBLOOD">
        <supports>DAPC_Hemomancy,Cleric,Sorcerer</supports>
        <description>
            <p class="flavor">Hemomancy HP cost min/max: 1/10</p>
            <p>You transform a portion of your blood into a poisonous substance. As you cast this spell, you must expend a number of hit points. You gain a number of temporary equal to the amount expended. For as long as these temporary hit points last, whenever a creature hits you with an attack while within 5 feet of you they become poisoned for 1 minute. A creature poisoned in this way makes a Constitution saving throw at the end of each of their turns, ending the effect on a success or taking 1d6 poison damage on a failure.</p>
            <p class="indent"><span class="feature">At Higher Levels. </span>When you cast this spell using a spell slot of 2nd level or higher, you gain 1d4 additional temporary hit points for each slot level above 1st.</p>
        </description>
        <setters>
            <set name="keywords"></set>
            <set name="level">1</set>
            <set name="school" addition="Hemomancy">Transmutation</set>
            <set name="time">1 action</set>
            <set name="duration">1 hour</set>
            <set name="range">Self</set>
            <set name="hasVerbalComponent">true</set>
            <set name="hasSomaticComponent">true</set>
            <set name="hasMaterialComponent">false</set>
            <set name="materialComponent">component</set>
            <set name="isConcentration">false</set>
            <set name="isRitual">false</set>
        </setters>
    </element>   
    
    <element name="Blackflame" type="Spell" source="Dark Arts Player’s Companion" id="ID_JONOMAN3000_DAPC_SPELL_BLACKFLAME">
        <supports>Bard,Cleric,Sorcerer,Warlock,Wizard</supports>
        <description>
            <p>You choose a flame that you can see within range and that fits within a 5-foot cube. The flame momentarily changes color into a deep black, and then lashes out at surrounding creatures. Each creature within a 5-foot radius of the flame must make a Dexterity saving throw. The creature takes 1d6 necrotic damage and 2d6 fire damage on a failed save, or half damage on a successful one.</p>
            <p class="indent"><span class="feature">At Higher Levels. </span>When you cast this spell using a spell slot of 2nd level or higher, the necrotic damage increases by 1d6 for each slot level above 1st.</p>
        </description>
        <setters>
            <set name="keywords"></set>
            <set name="level">1</set>
            <set name="school">Transmutation</set>
            <set name="time">1 action</set>
            <set name="duration">Instantaneous</set>
            <set name="range">60 feet</set>
            <set name="hasVerbalComponent">true</set>
            <set name="hasSomaticComponent">true</set>
            <set name="hasMaterialComponent">false</set>
            <set name="materialComponent">component</set>
            <set name="isConcentration">false</set>
            <set name="isRitual">false</set>
        </setters>
    </element>   
    
    <element name="Bloodburn" type="Spell" source="Dark Arts Player’s Companion" id="ID_JONOMAN3000_DAPC_SPELL_BLOODBURN">
        <supports>DAPC_Hemomancy,Sorcerer,Wizard</supports>
        <description>
            <p class="flavor">Hemomancy HP cost min/max: 1/10</p>
            <p>You inflict a burning pain upon yourself, causing another creature that you can see within range to feel an even more excruciating pain as their blood boils. As you cast the spell, you must expend a number of hit points. The creature must then make a Constitution saving throw. On a failed save, the creature takes 2d6 + the number of hit points spent as fire damage, and immediately falls prone as they become wracked with pain. On a successful save, the target takes half as much damage and doesn’t fall prone.</p>
            <p class="indent"><span class="feature">At Higher Levels. </span>When you cast this spell using a spell slot of 2nd level or higher, the damage increases by 1d6 for each slot level above 1st.</p>
        </description>
        <setters>
            <set name="keywords"></set>
            <set name="level">1</set>
            <set name="school" addition="Hemomancy">Necromancy</set>
            <set name="time">1 action</set>
            <set name="duration">Instantaneous</set>
            <set name="range">120 feet</set>
            <set name="hasVerbalComponent">true</set>
            <set name="hasSomaticComponent">true</set>
            <set name="hasMaterialComponent">false</set>
            <set name="materialComponent">component</set>
            <set name="isConcentration">false</set>
            <set name="isRitual">false</set>
        </setters>
    </element>   
    
    <element name="Bloodcurse" type="Spell" source="Dark Arts Player’s Companion" id="ID_JONOMAN3000_DAPC_SPELL_BLOODCURSE">
        <supports>DAPC_Hemomancy,Cleric,Sorcerer,Wizard</supports>
        <description>
            <p class="flavor">Hemomancy HP cost min/max: 13/30</p>
            <p>You touch a creature’s open wound and bestow a curse. As you expend a number of hit points to cast the spell, that creature must succeed on a Wisdom saving throw or become cursed. During the casting of the spell, you can make a Charisma (Deception) check against the target’s Wisdom (Insight) check to attempt to conceal the spell’s true nature, such as pretending to bandage their wound.</p>
            <p class="indent">For the duration of the curse, which is a number of days equal to the amount of hit points spent, the creature can’t regain hit points and is poisoned. When the creature completes a long rest, they take 4d10 necrotic damage as the curse rots away at them.</p>
            <p class="indent">A <i>remove curse</i> spell ends this effect.</p>
            <p class="indent"><span class="feature">At Higher Levels. </span>When you cast this spell using a spell slot of 6th level or higher, the damage increases by 1d10 for each slot level above 1st.</p>
        </description>
        <setters>
            <set name="keywords"></set>
            <set name="level">5</set>
            <set name="school" addition="Hemomancy">Necromancy</set>
            <set name="time">1 minute</set>
            <set name="duration">Varies (see below)</set>
            <set name="range">Touch</set>
            <set name="hasVerbalComponent">false</set>
            <set name="hasSomaticComponent">true</set>
            <set name="hasMaterialComponent">false</set>
            <set name="materialComponent">component</set>
            <set name="isConcentration">false</set>
            <set name="isRitual">false</set>
        </setters>
    </element>   
    
    <element name="Bloodletting" type="Spell" source="Dark Arts Player’s Companion" id="ID_JONOMAN3000_DAPC_SPELL_BLOODLETTING">
        <supports>DAPC_Hemomancy,Sorcerer,Wizard</supports>
        <description>
            <p class="flavor">Hemomancy HP cost: 1</p>
            <p>You touch a creature and expend 1 hit point, opening a wound where you touch. Make a melee spell attack against the target. You have advantage on the attack roll if the target is below half its hit point maximum. On a hit, the target takes 1d12 necrotic damage. If this damage reduces the target to 0 hit points, you gain temporary hit points equal to the damage dealt. These temporary hit points last for 1 minute.</p>
            <p class="indent">The spell’s damage increases by 1d12 when you reach 5th level (2d12), 11th level (3d12), and 17th level (4d12).</p>
        </description>
        <setters>
            <set name="keywords"></set>
            <set name="level">0</set>
            <set name="school" addition="Hemomancy">Necromancy</set>
            <set name="time">1 action</set>
            <set name="duration">Instantaneous</set>
            <set name="range">Touch</set>
            <set name="hasVerbalComponent">true</set>
            <set name="hasSomaticComponent">true</set>
            <set name="hasMaterialComponent">false</set>
            <set name="materialComponent">component</set>
            <set name="isConcentration">false</set>
            <set name="isRitual">false</set>
        </setters>
    </element>   
    
    <element name="Blood Seal" type="Spell" source="Dark Arts Player’s Companion" id="ID_JONOMAN3000_DAPC_SPELL_BLOOD_SEAL">
        <supports>DAPC_Hemomancy,Cleric,Sorcerer,Wizard</supports>
        <description>
            <p class="flavor">Hemomancy HP cost min/max: 4/15</p>
            <p>You inflict a wound upon yourself to create a protective seal on another creature within range. As you cast the spell, you expend a number of hit points and the target gains 1d8 + the number of hit points spent as temporary hit points for the duration.</p>
            <p class="indent"><span class="feature">At Higher Levels. </span>When you cast this spell using a spell slot of 3rd level or higher, the target gains 1d8 additional temporary hit points for each slot level above 2nd.</p>
        </description>
        <setters>
            <set name="keywords"></set>
            <set name="level">2</set>
            <set name="school" addition="Hemomancy">Necromancy</set>
            <set name="time">1 action</set>
            <set name="duration">1 hour</set>
            <set name="range">30 feet</set>
            <set name="hasVerbalComponent">true</set>
            <set name="hasSomaticComponent">true</set>
            <set name="hasMaterialComponent">true</set>
            <set name="materialComponent">an ornate dagger worth at least 25 gp</set>
            <set name="isConcentration">false</set>
            <set name="isRitual">false</set>
        </setters>
    </element>   
    
    <element name="Bloodsight" type="Spell" source="Dark Arts Player’s Companion" id="ID_JONOMAN3000_DAPC_SPELL_BLOODSIGHT">
        <supports>DAPC_Hemomancy,Sorcerer,Wizard</supports>
        <description>
            <p class="flavor">Hemomancy HP cost min/max: 7/20</p>
            <p>You draw out a portion of your blood, causing your eyes to take on a crimson hue. For the duration, you can see the life force of nearby creatures. The range of this vision is a number of feet equal to 5 times the number of hit points spent on this spell.</p>
            <p class="indent">When a creature is at full health, they appear perfectly normal, but as they become more wounded a red aura begins to surround them. You can notice when a creature’s current hit points are below one of these three thresholds: 3/4, 1/2, or 1/4 of their hit point maximum. Once a creature is below 1/4 of their hit point maximum, you can see them even through walls and invisibility.</p>
        </description>
        <setters>
            <set name="keywords"></set>
            <set name="level">3</set>
            <set name="school" addition="Hemomancy">Necromancy</set>
            <set name="time">1 action</set>
            <set name="duration">Concentration, up to 10 minutes</set>
            <set name="range">Self</set>
            <set name="hasVerbalComponent">true</set>
            <set name="hasSomaticComponent">true</set>
            <set name="hasMaterialComponent">false</set>
            <set name="materialComponent">component</set>
            <set name="isConcentration">true</set>
            <set name="isRitual">false</set>
        </setters>
    </element>   
    
    <element name="Clinging Shadows" type="Spell" source="Dark Arts Player’s Companion" id="ID_JONOMAN3000_DAPC_SPELL_CLINGING_SHADOWS">
        <supports>Bard,Sorcerer,Warlock,Wizard</supports>
        <description>
            <p>You choose an area of dim light or darkness that you can see within range and that fits within a 20-foot cube. Each creature within the area must succeed on Strength saving throw or be restrained by shadows until the spell ends. A creature restrained by the shadows can use its action to make a Strength check against your spell save DC. On a success, it frees itself.</p>
            <p class="indent">Until the spell ends, you can use an action on each of your turns to cause a tendril of shadow to reach out and grab a creature within 15 feet of the area. The creature must repeat the saving throw. On a failed save, the creature is pulled into the area and becomes restrained.</p>
            <p class="indent">If the area becomes bathed in bright light, the spell has no effect until the bright light fades.</p>
        </description>
        <setters>
            <set name="keywords"></set>
            <set name="level">2</set>
            <set name="school">Transmutation</set>
            <set name="time">1 action</set>
            <set name="duration">Concentration, up to 1 minute</set>
            <set name="range">60 feet</set>
            <set name="hasVerbalComponent">true</set>
            <set name="hasSomaticComponent">true</set>
            <set name="hasMaterialComponent">true</set>
            <set name="materialComponent">bat fur</set>
            <set name="isConcentration">true</set>
            <set name="isRitual">false</set>
        </setters>
    </element>   
    
    <element name="Cruorwhip" type="Spell" source="Dark Arts Player’s Companion" id="ID_JONOMAN3000_DAPC_SPELL_CRUORWHIP">
        <supports>DAPC_Hemomancy,Cleric,Sorcerer,Wizard</supports>
        <description>
            <p class="flavor">Hemomancy HP cost min/max: 1/10</p>
            <p>You create a whip out of your own blood in your free hand. By expending a number of hit points, you create a whip similar in size and shape to a normal whip. If you let go of the whip, it disappears, but you can recreate it again as a bonus action.</p>
            <p class="indent">You can use your action to make a melee spell attack with the whip. For every 5 hit points spent in the casting of this spell the reach increases by 5 feet, with a minimum health cost of 5 hit points. On a hit, the target takes 2d6 necrotic damage.</p>
            <p class="indent"><span class="feature">At Higher Levels. </span>When you cast this spell using a spell slot of 2nd level or higher, the damage increases by 1d6 for each slot level above 1st.</p>
        </description>
        <setters>
            <set name="keywords"></set>
            <set name="level">1</set>
            <set name="school" addition="Hemomancy">Necromancy</set>
            <set name="time">1 bonus action</set>
            <set name="duration">1 minute</set>
            <set name="range">Self</set>
            <set name="hasVerbalComponent">true</set>
            <set name="hasSomaticComponent">true</set>
            <set name="hasMaterialComponent">false</set>
            <set name="materialComponent">component</set>
            <set name="isConcentration">false</set>
            <set name="isRitual">false</set>
        </setters>
    </element>   
    
    <element name="Danse Macrabre" type="Spell" source="Dark Arts Player’s Companion" id="ID_JONOMAN3000_DAPC_SPELL_DANSE_MACABRE">
        <supports>DAPC_Hemomancy,Sorcerer,Wizard</supports>
        <description>
            <p class="flavor">Hemomancy HP cost min/max: 22/45</p>
            <p>This spell dominates the minds and bodies of humanoids, consuming them in a frenzy of death and destruction. As you cast the spell, you must expend a number of hit points. Roll 14d8 and add double the number of hit points expended to the roll; the total is how many hit points of creatures this spell can affect. Humanoids within 30 feet of a point you choose within range are affected in ascending order of their current hit points (ignoring unconscious creatures).</p>
            <p class="indent">Starting with the creature that has the lowest current hit points, each creature affected by this spell is under your control until the spell ends. Subtract each creature’s hit points from the total before moving on to the creature with the next lowest hit points. A creature’s hit points must be equal to or less than the remaining total for that creature to be affected. Creatures immune to being charmed aren’t affected by this spell.</p>
            <p class="indent">On each of your turns, you can issue commands to the creatures under your control, directing them where to move and attack. If a creature doesn’t receive orders from you, they attack the closest creature to them. If a creature hasn’t made an attack by the end of their turn, the spell ends for them.</p>
            <p class="indent">If you maintain your concentration on this spell for its whole duration, each creature that is still under the spell’s effect when the spell ends dies.</p>
        </description>
        <setters>
            <set name="keywords"></set>
            <set name="level">8</set>
            <set name="school" addition="Hemomancy">Necromancy</set>
            <set name="time">1 action</set>
            <set name="duration">Concentration, up to 1 minute</set>
            <set name="range">90 feet</set>
            <set name="hasVerbalComponent">true</set>
            <set name="hasSomaticComponent">true</set>
            <set name="hasMaterialComponent">false</set>
            <set name="materialComponent">component</set>
            <set name="isConcentration">true</set>
            <set name="isRitual">false</set>
        </setters>
    </element>   
    
    <element name="Dome of Night" type="Spell" source="Dark Arts Player’s Companion" id="ID_JONOMAN3000_DAPC_SPELL_DOME_OF_NIGHT">
        <supports>Bard,Druid,Ranger,Warlock,Wizard</supports>
        <description>
            <p>You create a 15-foot radius dome of magical darkness that lasts for the duration. A creature with darkvision cannot see through the walls of the dome, and nonmagical light can’t illuminate it. The dome is filled with dim light, and the inside of the dome shows an accurate representation of the night sky, including the current location of the stars and moon.</p>
            <p class="indent">If any of this spell’s area overlaps with an area of light created by a spell of 2nd level or lower, the spell that created the light is dispelled.</p>
        </description>
        <setters>
            <set name="keywords"></set>
            <set name="level">2</set>
            <set name="school">Transmutation</set>
            <set name="time">1 action</set>
            <set name="duration">Concentration, up to 1 minute</set>
            <set name="range">60 feet</set>
            <set name="hasVerbalComponent">true</set>
            <set name="hasSomaticComponent">true</set>
            <set name="hasMaterialComponent">true</set>
            <set name="materialComponent">owl feathers</set>
            <set name="isConcentration">true</set>
            <set name="isRitual">true</set>
        </setters>
    </element>   
    
    <element name="Draining Thread" type="Spell" source="Dark Arts Player’s Companion" id="ID_JONOMAN3000_DAPC_SPELL_DRAINING_THREAD">
        <supports>DAPC_Hemomancy,Cleric,Sorcerer,Wizard</supports>
        <description>
            <p class="flavor">Hemomancy HP cost min/max: 10/25</p>
            <p>You open a wound on your body, shooting out a thread of blood between yourself and a creature within range. As you cast the spell, you must expend a number of hit points. The creature must then succeed on a Dexterity saving throw or take 7d6 + the number of hit points spent as necrotic damage. If this damage brings the target to 0 hit points, half the hit point cost is refunded as blood drains through the thread back into your body.</p>
            <p class="indent"><span class="feature">At Higher Levels. </span>When you cast this spell using a spell slot of 5th level or higher, the damage increases by 2d6 for each slot level above 4th.</p>
        </description>
        <setters>
            <set name="keywords"></set>
            <set name="level">4</set>
            <set name="school" addition="Hemomancy">Necromancy</set>
            <set name="time">1 action</set>
            <set name="duration">Instantaneous</set>
            <set name="range">60 feet</set>
            <set name="hasVerbalComponent">true</set>
            <set name="hasSomaticComponent">true</set>
            <set name="hasMaterialComponent">false</set>
            <set name="materialComponent">component</set>
            <set name="isConcentration">false</set>
            <set name="isRitual">false</set>
        </setters>
    </element>   
    
    <element name="Drain Life" type="Spell" source="Dark Arts Player’s Companion" id="ID_JONOMAN3000_DAPC_SPELL_DRAIN_LIFE">
        <supports>DAPC_Hemomancy,Cleric,Sorcerer,Wizard</supports>
        <description>
            <p class="flavor">Hemomancy HP cost min/max: 25/50</p>
            <p>You open a deep wound on your body, draining the blood of another creature as your own blood leaves your body. As you cast the spell, you must expend a number of hit points. The creature must then make a Constitution saving throw. The creature takes 12d12 + double the number of hit points spent as necrotic damage on a failed save, or half damage on a successful one.</p>
        </description>
        <setters>
            <set name="keywords"></set>
            <set name="level">9</set>
            <set name="school" addition="Hemomancy">Necromancy</set>
            <set name="time">1 action</set>
            <set name="duration">Instantaneous</set>
            <set name="range">30 feet</set>
            <set name="hasVerbalComponent">true</set>
            <set name="hasSomaticComponent">true</set>
            <set name="hasMaterialComponent">false</set>
            <set name="materialComponent">component</set>
            <set name="isConcentration">false</set>
            <set name="isRitual">false</set>
        </setters>
    </element>   
    
    <element name="Dueling Shadows" type="Spell" source="Dark Arts Player’s Companion" id="ID_JONOMAN3000_DAPC_SPELL_DUELING_SHADOWS">
        <supports>Bard,Warlock,Wizard</supports>
        <description>
            <p>Choose two creatures within range that are within 5 feet of each other. Each target must succeed on a Dexterity saving throw or take 1d4 necrotic damage as their shadows lash out at each other. If one of the creatures moves before the start of your next turn, both targets must repeat the saving throw as the shadows lash out again, dealing another 1d4 necrotic damage.</p>
            <p class="indent">The spell’s damage increases by 1d4 when you reach 5th level (2d4), 11th level (3d4), and 17th level (4d4).</p>
        </description>
        <setters>
            <set name="keywords"></set>
            <set name="level">0</set>
            <set name="school">Transmutation</set>
            <set name="time">1 action</set>
            <set name="duration">Instantaneous</set>
            <set name="range">60 feet</set>
            <set name="hasVerbalComponent">true</set>
            <set name="hasSomaticComponent">true</set>
            <set name="hasMaterialComponent">false</set>
            <set name="materialComponent">component</set>
            <set name="isConcentration">false</set>
            <set name="isRitual">false</set>
        </setters>
    </element>   
    
    <element name="Flicker" type="Spell" source="Dark Arts Player’s Companion" id="ID_JONOMAN3000_DAPC_SPELL_FLICKER">
        <supports>Bard,Sorcerer,Wizard</supports>
        <description>
            <p>Your body begins to flicker in and out of existence as shadow magic envelops you. For the duration of the spell, you can use your bonus action to teleport 5 feet. Additionally, when you are targeted by an attack you can use your reaction to attempt to teleport out of harm’s way. Roll a d20. On a roll of 11 or higher, the attack automatically misses, and you teleport 5 feet. Otherwise, the attack is made as normal and you teleport 5 feet shortly after.</p>
        </description>
        <setters>
            <set name="keywords"></set>
            <set name="level">3</set>
            <set name="school">Transmutation</set>
            <set name="time">1 action</set>
            <set name="duration">Concentration, up to 1 minute</set>
            <set name="range">range</set>
            <set name="hasVerbalComponent">true</set>
            <set name="hasSomaticComponent">true</set>
            <set name="hasMaterialComponent">true</set>
            <set name="materialComponent">displacer beast fur</set>
            <set name="isConcentration">true</set>
            <set name="isRitual">false</set>
        </setters>
    </element>   
    
    <element name="Hand of the Grave" type="Spell" source="Dark Arts Player’s Companion" id="ID_JONOMAN3000_DAPC_SPELL_HAND_OF_THE_GRAVE">
        <supports>Bard,Cleric,Warlock,Wizard</supports>
        <description>
            <p>When you cast this spell, you bury a humanoid hand into a patch of loose earth at least 5 feet in diameter to conceal it. The area is nearly undisturbed and requires a successful Intelligence (Investigation) check against your spell save DC to be found.</p>
            <p class="indent">The hand animates when a medium or smaller creature walks over the area of earth. You can further refine the trigger so the spell activates only under certain circumstances or according to physical characteristics (such as height or weight), creature kind (for example, the spell could be set to affect aberrations or drow), or alignment. You can also set conditions for creatures that don’t trigger the spell, such as those who say a certain password.</p>
            <p class="indent">When the hand animates, it attempts to grab whatever creature triggered it. That creature must succeed on a Dexterity saving throw or take 2d6 bludgeoning damage and become restrained as the hand grasps it with an inhumanly strong grip. The creature can use an action on its turn to make a Strength check against your spell save DC, freeing itself on a success. Once the hand has animated for 1 minute, the spell ends, and the hand returns to normal. If the creature dies while restrained, the hand pulls it underground, burying it.</p>
        </description>
        <setters>
            <set name="keywords"></set>
            <set name="level">2</set>
            <set name="school">Necromancy</set>
            <set name="time">10 minutes</set>
            <set name="duration">24 hours</set>
            <set name="range">10 feet</set>
            <set name="hasVerbalComponent">true</set>
            <set name="hasSomaticComponent">true</set>
            <set name="hasMaterialComponent">true</set>
            <set name="materialComponent">hand of a humanoid</set>
            <set name="isConcentration">false</set>
            <set name="isRitual">false</set>
        </setters>
    </element>   
    
    <element name="Hemoplague" type="Spell" source="Dark Arts Player’s Companion" id="ID_JONOMAN3000_DAPC_SPELL_HEMOPLAGUE">
        <supports>DAPC_Hemomancy,Cleric,Sorcerer,Wizard</supports>
        <description>
            <p class="flavor">Hemomancy HP cost min/max: 19/40</p>
            <p>You infect a portion of your blood and splash it on creatures within range. As you cast this spell, you must expend a number of hit points, allowing you to target 1 creature for every 5 hit points spent. Each creature must make a Constitution saving throw. On a failed save, the target takes 6d8 necrotic damage and is also infected for the duration. On a success, the target takes half damage and suffers no additional effect. An infected target is poisoned, can’t regain hit points, and whenever they take bludgeoning, piercing, or slashing damage, they take an additional 2d8 necrotic damage as they bleed profusely. A creature repeats the saving throw at the start of each of its turns, ending the effect on a success.</p>
        </description>
        <setters>
            <set name="keywords"></set>
            <set name="level">7</set>
            <set name="school" addition="Hemomancy">Necromancy</set>
            <set name="time">1 action</set>
            <set name="duration">Concentration, up to 1 minute</set>
            <set name="range">60 feet</set>
            <set name="hasVerbalComponent">true</set>
            <set name="hasSomaticComponent">true</set>
            <set name="hasMaterialComponent">true</set>
            <set name="materialComponent">a poison or venom</set>
            <set name="isConcentration">true</set>
            <set name="isRitual">false</set>
        </setters>
    </element>   
    
    <element name="Ichorous Smite" type="Spell" source="Dark Arts Player’s Companion" id="ID_JONOMAN3000_DAPC_SPELL_ICHOROUS_SMITE">
        <supports>DAPC_Hemomancy,Paladin</supports>
        <description>
            <p class="flavor">Hemomancy HP cost min/max: 4/15</p>
            <p>You imbue a weapon with a portion of your life force, expending a number of hit points as you cast the spell. The first time you hit with a melee weapon attack during this spell’s duration, the attack deals additional necrotic damage equal to 2d4 + the number of hit points spent.</p>
            <p class="indent"><span class="feature">At Higher Levels. </span>When you cast this spell using a spell slot of 2nd level or higher, the damage increases by 1d4 for each slot level above 1st.</p>
        </description>
        <setters>
            <set name="keywords"></set>
            <set name="level">2</set>
            <set name="school" addition="Hemomancy">Necromancy</set>
            <set name="time">1 bonus action</set>
            <set name="duration">Concentration, up to 1 minute</set>
            <set name="range">Self</set>
            <set name="hasVerbalComponent">true</set>
            <set name="hasSomaticComponent">true</set>
            <set name="hasMaterialComponent">false</set>
            <set name="materialComponent">component</set>
            <set name="isConcentration">true</set>
            <set name="isRitual">false</set>
        </setters>
    </element>   
    
    <element name="Inflict Pain" type="Spell" source="Dark Arts Player’s Companion" id="ID_JONOMAN3000_DAPC_SPELL_INFLICT_PAIN">
        <supports>Bard,Cleric</supports>
        <description>
            <p>You touch a creature, inflicting them with negative energy and racking them with excruciating pain. The target must succeed on a Constitution saving throw or take 1d10 necrotic damage and become incapacitated with pain until the start of your next turn.</p>
        </description>
        <setters>
            <set name="keywords"></set>
            <set name="level">1</set>
            <set name="school">Necromancy</set>
            <set name="time">1 action</set>
            <set name="duration">Instantaneous</set>
            <set name="range">Touch</set>
            <set name="hasVerbalComponent">true</set>
            <set name="hasSomaticComponent">true</set>
            <set name="hasMaterialComponent">false</set>
            <set name="materialComponent">component</set>
            <set name="isConcentration">false</set>
            <set name="isRitual">false</set>
        </setters>
    </element>   
    
    <element name="Investiture of Shadow" type="Spell" source="Dark Arts Player’s Companion" id="ID_JONOMAN3000_DAPC_SPELL_INVESTITURE_OF_SHADOW">
        <supports>Sorcerer,Wizard</supports>
        <description>
            <p>Until the spell ends, shadows swirl around you, and you gain the following benefits:</p>
            <ul>
                <li>At the start of each of your turns, you turn invisible. If you attack or cast a spell, this invisibility ends.</li>
                <li>You can see normally in darkness, both magical and nonmagical, to a distance of 120 feet.</li>
                <li>You can use your action to create a 15-foot radius sphere of magical darkness centered on a point you can see within 60 feet of you, as per the darkness spell. This darkness lasts for the duration, or until you activate this ability again.</li>
            </ul>
        </description>
        <setters>
            <set name="keywords"></set>
            <set name="level">6</set>
            <set name="school">Transmutation</set>
            <set name="time">1 action</set>
            <set name="duration">Concentration, up to 10 minutes</set>
            <set name="range">Self</set>
            <set name="hasVerbalComponent">true</set>
            <set name="hasSomaticComponent">true</set>
            <set name="hasMaterialComponent">true</set>
            <set name="materialComponent">component</set>
            <set name="isConcentration">true</set>
            <set name="isRitual">false</set>
        </setters>
    </element>   
    
    <element name="Lacerate" type="Spell" source="Dark Arts Player’s Companion" id="ID_JONOMAN3000_DAPC_SPELL_LACERATE">
        <supports>Cleric,Sorcerer,Warlock,Wizard</supports>
        <description>
            <p>Two bolts of necrotic energy shoot from your fingertips towards a single creature within range. Make two ranged spell attacks against the target. On a hit, the target takes 1d4 necrotic damage. If both bolts hit the target, then the target’s hit point maximum is reduced by an amount equal to the necrotic damage it took. The target’s hit point maximum returns to normal after 10 minutes.</p>
            <p class="indent">The spell’s damage increases by 1d4 when you reach 5th level (2d4), 11th level (3d4), and 17th level (4d4).</p>
        </description>
        <setters>
            <set name="keywords"></set>
            <set name="level">0</set>
            <set name="school">Necromancy</set>
            <set name="time">1 action</set>
            <set name="duration">Instantaneous</set>
            <set name="range">30 feet</set>
            <set name="hasVerbalComponent">true</set>
            <set name="hasSomaticComponent">true</set>
            <set name="hasMaterialComponent">false</set>
            <set name="materialComponent">component</set>
            <set name="isConcentration">false</set>
            <set name="isRitual">false</set>
        </setters>
    </element>   
    
    <element name="Life Thread" type="Spell" source="Dark Arts Player’s Companion" id="ID_JONOMAN3000_DAPC_SPELL_LIFE_THREAD">
        <supports>Sorcerer,Warlock,Wizard</supports>
        <description>
            <p>You create a binding thread that ties your soul to the soul of creature within 5 feet of you. If either you or the creature moves more than 5 feet away from the other, the creature that moved takes 1d12 necrotic damage.</p>
            <p class="indent">The spell’s damage increases by 1d12 when you reach 5th level (2d12), 11th level (3d12), and 17th level (4d12).</p>
        </description>
        <setters>
            <set name="keywords"></set>
            <set name="level">0</set>
            <set name="school">Necromancy</set>
            <set name="time">1 action</set>
            <set name="duration">1 minute</set>
            <set name="range">5 feet</set>
            <set name="hasVerbalComponent">true</set>
            <set name="hasSomaticComponent">false</set>
            <set name="hasMaterialComponent">true</set>
            <set name="materialComponent">a red or black thread</set>
            <set name="isConcentration">false</set>
            <set name="isRitual">false</set>
        </setters>
    </element>   
    
    <element name="Maim" type="Spell" source="Dark Arts Player’s Companion" id="ID_JONOMAN3000_DAPC_SPELL_MAIM">
        <supports>Cleric</supports>
        <description>
            <p>You touch a creature, transferring a virulent disease into their body. The target must make a Constitution saving throw. On a failed save, it takes 8d4 necrotic damage, or half as much damage on a successful save. The damage can’t reduce a target’s hit points below 1. If the target fails the saving throw, it can’t take reactions for the next 10 minutes as the disease clouds their brain. Any effect that removes a disease allows a creature to remove the secondary effect.</p>
            <p class="indent"><span class="feature">At Higher Levels. </span>When you cast this spell using a spell slot of 4th level or higher, the damage increases by 2d4 for each slot level above 3rd.</p>
        </description>
        <setters>
            <set name="keywords"></set>
            <set name="level">3</set>
            <set name="school">Necromancy</set>
            <set name="time">1 action</set>
            <set name="duration">Instantaneous</set>
            <set name="range">Touch</set>
            <set name="hasVerbalComponent">true</set>
            <set name="hasSomaticComponent">true</set>
            <set name="hasMaterialComponent">true</set>
            <set name="materialComponent">flake of skin or bone from an undead</set>
            <set name="isConcentration">false</set>
            <set name="isRitual">false</set>
        </setters>
    </element>   
    
    <element name="Necromantic Burst" type="Spell" source="Dark Arts Player’s Companion" id="ID_JONOMAN3000_DAPC_SPELL_NECROMANTIC_BURST">
        <supports>Cleric,Wizard</supports>
        <description>
            <p>You cause the corpse of a creature to explode into a burst of necrotic energy. Choose a corpse within range. The creature and everything it is wearing and carrying, except magic items, are reduced to black dust. The creature can be restored to life only by means of a <i>reincarnate</i>, <i>true resurrection</i>, or a <i>wish</i> spell. Each creature within 5 feet of the target must succeed on a Dexterity saving throw or take 3d8 necrotic damage.</p>
            <p class="indent"><span class="feature">At Higher Levels. </span>When you cast this spell using a spell slot of 3rd level or higher, the damage increases by 1d8 for each slot level above 2nd.</p>
        </description>
        <setters>
            <set name="keywords"></set>
            <set name="level">2</set>
            <set name="school">Necromancy</set>
            <set name="time">1 action</set>
            <set name="duration">Instantaneous</set>
            <set name="range">30 feet</set>
            <set name="hasVerbalComponent">true</set>
            <set name="hasSomaticComponent">true</set>
            <set name="hasMaterialComponent">false</set>
            <set name="materialComponent">component</set>
            <set name="isConcentration">false</set>
            <set name="isRitual">false</set>
        </setters>
    </element>   
    
    <element name="Rain of Blood" type="Spell" source="Dark Arts Player’s Companion" id="ID_JONOMAN3000_DAPC_SPELL_RAIN_OF_BLOOD">
        <supports>DAPC_Hemomancy,Sorcerer,Wizard</supports>
        <description>
            <p class="flavor">Hemomancy HP cost min/max: 16/35</p>
            <p>You draw out your blood, turning it into rain that pours down over a 30-foot radius area. As you cast this spell, you must expend a number of hit points. A creature that starts its turn within the rain must make a Dexterity saving throw. On a failed save, a target takes 4d6 + half the number of hit points spent as necrotic damage, and its movement speed is slowed by 5 feet for the duration of the spell. On a success, the target takes half damage and is not slowed. The slow can stack with itself, but it cannot reduce a creature’s speed below half.</p>
            <p class="indent"><span class="feature">At Higher Levels. </span>When you cast this spell using a spell slot of 7th level or higher, the damage increases by 1d6 for each slot level above 6th.</p>
        </description>
        <setters>
            <set name="keywords"></set>
            <set name="level">6</set>
            <set name="school" addition="Hemomancy">Necromancy</set>
            <set name="time">1 action</set>
            <set name="duration">Concentration, up to 1 minute</set>
            <set name="range">150 feet</set>
            <set name="hasVerbalComponent">true</set>
            <set name="hasSomaticComponent">true</set>
            <set name="hasMaterialComponent">false</set>
            <set name="materialComponent">component</set>
            <set name="isConcentration">true</set>
            <set name="isRitual">false</set>
        </setters>
    </element>   
    
    <element name="Rary’s Rapid Replication" type="Spell" source="Dark Arts Player’s Companion" id="ID_JONOMAN3000_DAPC_SPELL_RARYS_RAPID_REPLICATION">
        <supports>Druid,Wizard</supports>
        <description>
            <p>You transform up to ten bats, rats, or ravens, three quippers, five insects, or one poisonous snake within range into swarms of shadowy replicas for the duration. Each creature becomes a swarm, as described in the monster manual.</p>
            <p class="indent">Each creature obeys your verbal commands, and in combat, they act on your tum each round. The DM has the statistics for these creatures and resolves their actions and movement.</p>
            <p class="indent">A creature remains a swarm for the duration, until it drops to 0 hit points, or until you use an action to dismiss the effect on it.</p>
        </description>
        <setters>
            <set name="keywords"></set>
            <set name="level">4</set>
            <set name="school">Conjuration</set>
            <set name="time">1 action</set>
            <set name="duration">Concentration, up to 10 minutes</set>
            <set name="range">20 feet</set>
            <set name="hasVerbalComponent">true</set>
            <set name="hasSomaticComponent">true</set>
            <set name="hasMaterialComponent">true</set>
            <set name="materialComponent">a poison or venom</set>
            <set name="isConcentration">true</set>
            <set name="isRitual">false</set>
        </setters>
    </element>   
    
    <element name="Ray of Fatigue" type="Spell" source="Dark Arts Player’s Companion" id="ID_JONOMAN3000_DAPC_SPELL_RAY_OF_FATIGUE">
        <supports>Wizard</supports>
        <description>
            <p>You cause a creature of your choice to be overtaken by exhaustion. The creature must make a Constitution saving throw. On a failed save, the creature gains a level of exhaustion. On a successful save, the creature suffers no effect and the spell ends. At the start of each of their turns, the creature must repeat the saving throw. It gains a level of exhaustion on a failed save, and the spell ends on a successful one. The spell ends early if the target’s exhaustion level becomes 4 or greater.</p>
        </description>
        <setters>
            <set name="keywords"></set>
            <set name="level">5</set>
            <set name="school">Necromancy</set>
            <set name="time">1 acion</set>
            <set name="duration">Concentration, up to 1 minute</set>
            <set name="range">10 feet</set>
            <set name="hasVerbalComponent">true</set>
            <set name="hasSomaticComponent">true</set>
            <set name="hasMaterialComponent">false</set>
            <set name="materialComponent">component</set>
            <set name="isConcentration">true</set>
            <set name="isRitual">false</set>
        </setters>
    </element>   
    
    <element name="Reaper’s Scythe" type="Spell" source="Dark Arts Player’s Companion" id="ID_JONOMAN3000_DAPC_SPELL_REAPERS_SCYTHE">
        <supports>Cleric,Warlock</supports>
        <description>
            <p>You create a scythe out of necrotic energy in your free hands. The scythe is a large weapon, requires both hands to wield, and lasts for the duration. If you let go of the scythe, it disappears, but you can conjure it again as a bonus action.</p>
            <p class="indent">You can use your action to make a melee spell attack with the scythe. On a hit, the target takes 2d4 necrotic damage, and you gain temporary hit points equal to half the damage dealt.</p>
            <p class="indent"><span class="feature">At Higher Levels. </span>When you cast this spell using a spell slot of 2nd level or higher, the damage increases by 1d4 for each slot level above 1st.</p>
        </description>
        <setters>
            <set name="keywords"></set>
            <set name="level">1</set>
            <set name="school">Necromancy</set>
            <set name="time">1 bonus action</set>
            <set name="duration">Concentration, up to 1 minute</set>
            <set name="range">Self</set>
            <set name="hasVerbalComponent">true</set>
            <set name="hasSomaticComponent">true</set>
            <set name="hasMaterialComponent">true</set>
            <set name="materialComponent">a piece of a scythe blad</set>
            <set name="isConcentration">true</set>
            <set name="isRitual">false</set>
        </setters>
    </element>   
    
    <element name="Rend Shadows" type="Spell" source="Dark Arts Player’s Companion" id="ID_JONOMAN3000_DAPC_SPELL_REND_SHADOWS">
        <supports>Wizard</supports>
        <description>
            <p>Choose up to 4 creatures within range. Each creature h s their shadow forcibly ripped from their body, conjuring a Shadow (<i>Monster Manual</i> pg. 269) in an unoccupied space next to them. As long as the shadow is separate from their body, they do not cast a shadow. A shadow created through this spell reforms with its host when it drops to 0 hit points or when the spell ends, and it disappears if it’s host dies. If it’s host dies, a new shadow does not rise from the corpse.</p>
            <p class="indent">The shadows seek only to attack the creature they were separated from, and disappear when that creature is killed. Roll initiative for the shadows as a group, which has its own turns. They spend their turns attacking their host, without any thought for strategy or tactics.</p>
            <p class="indent">The DM has the creature’s statistics.</p>
            <p class="indent"><span class="feature">At Higher Levels. </span>When you cast this spell using certain higher level spell slots, you can target more creatures: twice as many with a 6th-level slot and three times as many with an 8th-level slot.</p>
        </description>
        <setters>
            <set name="keywords"></set>
            <set name="level">4</set>
            <set name="school">Necromancy</set>
            <set name="time">1 action</set>
            <set name="duration">Concentration, up to 1 minute</set>
            <set name="range">60 feet</set>
            <set name="hasVerbalComponent">true</set>
            <set name="hasSomaticComponent">true</set>
            <set name="hasMaterialComponent">false</set>
            <set name="materialComponent">component</set>
            <set name="isConcentration">true</set>
            <set name="isRitual">false</set>
        </setters>
    </element>   
    
    <element name="Shadow Stride" type="Spell" source="Dark Arts Player’s Companion" id="ID_JONOMAN3000_DAPC_SPELL_SHADOW_STRIDE">
        <supports>Bard,Druid,Ranger,Sorcerer,Warlock,Wizard</supports>
        <description>
            <p>You gain the ability to blink from one shadow to another. When you are in dim light or darkness, you can use 5 feet of movement to teleport up to 30 feet to an unoccupied space you can see that is also in dim light or darkness.</p>
            <p class="indent">You can use this teleportation ability twice per round for the duration.</p>
        </description>
        <setters>
            <set name="keywords"></set>
            <set name="level">5</set>
            <set name="school">Conjuration</set>
            <set name="time">1 action</set>
            <set name="duration">Concentration, up to 10 minutes</set>
            <set name="range">Self</set>
            <set name="hasVerbalComponent">true</set>
            <set name="hasSomaticComponent">true</set>
            <set name="hasMaterialComponent">false</set>
            <set name="materialComponent">component</set>
            <set name="isConcentration">true</set>
            <set name="isRitual">false</set>
        </setters>
    </element>   
    
    <element name="Sanguine Rope" type="Spell" source="Dark Arts Player’s Companion" id="ID_JONOMAN3000_DAPC_SPELL_SANGUINE_ROPE">
        <supports>DAPC_Hemomancy,Sorcerer,Wizard</supports>
        <description>
            <p class="flavor">Hemomancy HP cost min/max: 4/15</p>
            <p>You draw out a portion of your blood, forming it into a rope that you can use to either pull yourself to a location, or pull an object or creature to you. As you cast the spell, you must expend a number of hit points. Then, you immediately send the rope to grab a target that you can see within a range equal to 5 times the number of hit points spent. Once you grab a target, you can either pull yourself to a location within 5 feet of the target, or you can attempt to pull the target to a location within 5 feet of you. In order to pull the target to you, it must weigh less than 100 pounds, and if it is a creature it can make a Strength saving throw to avoid being pulled. If you pull yourself to a target, you move in a straight line towards the target and take opportunity attacks as normal.</p>
            <p class="indent"><span class="feature">At Higher Levels. </span>When you cast this spell using a spell slot of 3rd level or higher, the amount of weight you can pull increases by 50 pounds for each slot level above 2nd.</p>
        </description>
        <setters>
            <set name="keywords"></set>
            <set name="level">2</set>
            <set name="school" addition="Hemomancy">Transmutation</set>
            <set name="time">1 action</set>
            <set name="duration">Instantaneous</set>
            <set name="range">Varies (see below)</set>
            <set name="hasVerbalComponent">true</set>
            <set name="hasSomaticComponent">true</set>
            <set name="hasMaterialComponent">false</set>
            <set name="materialComponent">component</set>
            <set name="isConcentration">false</set>
            <set name="isRitual">false</set>
        </setters>
    </element>   
    
    <element name="Sanguine Sanctum" type="Spell" source="Dark Arts Player’s Companion" id="ID_JONOMAN3000_DAPC_SPELL_SANGUINE_SANCTUM">
        <supports>DAPC_Hemomancy,Cleric,Sorcerer,Wizard</supports>
        <description>
            <p class="flavor">Hemomancy HP cost min/max: 10/25</p>
            <p>You transform your blood into a 10-foot-radius protective dome that forms around and above you and remains stationary for the duration. The dome can be damaged, and it has a number of hit points equal to 20 + double the amount of hit points spent in the casting of this spell. Any creature within the dome cannot be targeted by creatures outside the dome, and vice versa. Spells and attacks that would pass or extend through the dome instead hit the dome and do not extend farther. As long as the dome lasts you can use your action to expend a number of hit points and add this amount to the dome’s current hit points.</p>
            <p class="indent">Nine creatures of Medium size or smaller can fit inside the dome with you. The spell fails if its area includes a larger creature or more than nine creatures. Creatures and objects within the dome when you cast this spell can move through it freely. All other creatures and objects are barred from passing through it.</p>
            <p class="indent">The dome is semi-transparent. It can be seen through, but things seen through the walls appear distorted and blurred with the red color of the dome.</p>
        </description>
        <setters>
            <set name="keywords"></set>
            <set name="level">4</set>
            <set name="school" addition="Hemomancy">Abjuration</set>
            <set name="time">1 action</set>
            <set name="duration">1 hour</set>
            <set name="range">Self (10-foot tadius hemisphere)</set>
            <set name="hasVerbalComponent">true</set>
            <set name="hasSomaticComponent">true</set>
            <set name="hasMaterialComponent">false</set>
            <set name="materialComponent">component</set>
            <set name="isConcentration">false</set>
            <set name="isRitual">false</set>
        </setters>
    </element>   
    
    <element name="Tides of Blood" type="Spell" source="Dark Arts Player’s Companion" id="ID_JONOMAN3000_DAPC_SPELL_TIDES_OF_BLOOD">
        <supports>DAPC_Hemomancy,Sorcerer,Wizard</supports>
        <description>
            <p class="flavor">Hemomancy HP cost min/max: 7/20</p>
            <p>You draw out your own blood as well as the blood of corpses within 20 feet of you. You may choose to expend a number of hit points, and you may also gain the hit points needed from corpses within the radius. Each corpse that had a hit point maximum greater than or equal to 5 in life gives 5 hit points towards the casting of this spell, and then cannot be used to cast this spell again.</p>
            <p class="indent">As a bonus action on your next turn, you release the blood. Each creature within 20 feet of you must make a Dexterity saving throw. On a failed save, they take 4d8 + the number of hit points spent as necrotic damage. On a success, they take half damage.</p>
            <p class="indent"><span class="feature">At Higher Levels. </span>When you cast this spell using a spell slot of 4th level or higher, the damage increases by 1d8 for each slot level above 3rd.</p>
        </description>
        <setters>
            <set name="keywords"></set>
            <set name="level">3</set>
            <set name="school" addition="Hemomancy">Necromancy</set>
            <set name="time">1 action</set>
            <set name="duration">1 round</set>
            <set name="range">Self (20-foot radius)</set>
            <set name="hasVerbalComponent">true</set>
            <set name="hasSomaticComponent">true</set>
            <set name="hasMaterialComponent">false</set>
            <set name="materialComponent">component</set>
            <set name="isConcentration">false</set>
            <set name="isRitual">false</set>
        </setters>
    </element>   
    
    <element name="Umbral Form" type="Spell" source="Dark Arts Player’s Companion" id="ID_JONOMAN3000_DAPC_SPELL_UMBRAL_FORM">
        <supports>Sorcerer,Wizard</supports>
        <description>
            <p>You transform a willing creature you touch, along with everything it’s wearing and carrying, into an animated shadow for the duration. The spell ends if the creature drops to 0 hit points.</p>
            <p class="indent">While in this form, the target’s only method of movement is a walking and climbing speed of 30 feet. The target can enter and occupy the space of another creature. The target has resistance to nonmagical damage, and it has advantage on Strength, Dexterity, and Constitution saving throws, and it has advantage on Dexterity (Stealth) checks. The target can pass through small holes, narrow openings, and even mere cracks, though it treats liquids as though they were solid surfaces. The target can’t fall and remains stuck to the ground even when stunned or otherwise incapacitated.</p>
            <p class="indent">While in the shadowy form, the target can’t talk or manipulate objects, and any objects it was carrying or holding can’t be dropped, used, or otherwise interacted with. The target can’t attack or cast spells.</p>
        </description>
        <setters>
            <set name="keywords"></set>
            <set name="level">3</set>
            <set name="school">Transmutation</set>
            <set name="time">1 action</set>
            <set name="duration">Concentration, up to 1 hour</set>
            <set name="range">Touch</set>
            <set name="hasVerbalComponent">true</set>
            <set name="hasSomaticComponent">true</set>
            <set name="hasMaterialComponent">true</set>
            <set name="materialComponent">a wisp of smoke</set>
            <set name="isConcentration">true</set>
            <set name="isRitual">false</set>
        </setters>
    </element>   
    
    <element name="Umbraturgy" type="Spell" source="Dark Arts Player’s Companion" id="ID_JONOMAN3000_DAPC_SPELL_UMBRATURGY">
        <supports>Bard,Cleric,Sorcerer,Warlock,Wizard</supports>
        <description>
            <p>You compel shadows to create one of the following effects at a point you can see within range:</p>
            <ul>
                <li>The shadow of a creature or object changes size or shape, up to a maximum of double or half its normal size. This effect lasts for up to 1 minute, or until it moves.</li>
                <li>You cause shadows to conceal a creature in dim light or darkness, giving them advantage on their next Dexterity (Stealth) check within the next minute as long as they remain in the dim light or darkness.</li>
                <li>A creature or object’s shape becomes either harder or softer, making its form either easier or harder to discern from the shape of the shadow. This effect lasts for up to 1 hour.</li>
            </ul>
            <p>If you cast this spell multiple times, you can have no more than two of its non-instantaneous effects active at a time, and you can dismiss such an effect as an action.</p>
        </description>
        <setters>
            <set name="keywords"></set>
            <set name="level">0</set>
            <set name="school">Transmutation</set>
            <set name="time">1 action</set>
            <set name="duration">Up to 1 hour</set>
            <set name="range">Touch</set>
            <set name="hasVerbalComponent">true</set>
            <set name="hasSomaticComponent">true</set>
            <set name="hasMaterialComponent">false</set>
            <set name="materialComponent">component</set>
            <set name="isConcentration">false</set>
            <set name="isRitual">false</set>
        </setters>
    </element>   
    
    <element name="Umbral Assault" type="Spell" source="Dark Arts Player’s Companion" id="ID_JONOMAN3000_DAPC_SPELL_UMBRAL_ASSAULT">
        <supports>Bard,Warlock,Wizard</supports>
        <description>
            <p>You target a creature within range. The shadows of creatures within 5 feet of the target then turn against the first creature, attacking them from all sides. The target must make a Dexterity saving throw. The creature takes 3d6 necrotic damage for every creature within 5 feet of it of size Small or larger, up to a maximum of 24d6 on a failed save, or half damage on a successful one.</p>
        </description>
        <setters>
            <set name="keywords"></set>
            <set name="level">7</set>
            <set name="school">Transmutation</set>
            <set name="time">1 action</set>
            <set name="duration">Instantaneous</set>
            <set name="range">Touch</set>
            <set name="hasVerbalComponent">true</set>
            <set name="hasSomaticComponent">true</set>
            <set name="hasMaterialComponent">false</set>
            <set name="materialComponent">component</set>
            <set name="isConcentration">false</set>
            <set name="isRitual">false</set>
        </setters>
    </element>   
    
    <element name="Vampire’s Kiss" type="Spell" source="Dark Arts Player’s Companion" id="ID_JONOMAN3000_DAPC_SPELL_VAMPIRES_KISS">
        <supports>DAPC_Hemomancy,Sorcerer,Wizard</supports>
        <description>
            <p class="flavor">Hemomancy HP cost min/max: 4/15</p>
            <p>You draw out a portion of your own blood as you kiss another humanoid. As you cast the spell, you must expend a number of hit points. The target must make a Wisdom saving throw, and does so with advantage if you or your companions are fighting it. If it fails the saving throw, it is charmed by you for 10 minutes for every hit point spent on the casting of the spell, ending early if you or your companions do anything harmful to it. The charmed creature falls hopelessly in love with you. When the spell ends, the creature knows it was charmed by you.</p>
        </description>
        <setters>
            <set name="keywords">hemomancy</set>
            <set name="level">2</set>
            <set name="school" addition="Hemomancy">Enchantment</set>
            <set name="time">1 action</set>
            <set name="duration">Varies (see below)</set>
            <set name="range">Touch</set>
            <set name="hasVerbalComponent">false</set>
            <set name="hasSomaticComponent">true</set>
            <set name="hasMaterialComponent">false</set>
            <set name="materialComponent">component</set>
            <set name="isConcentration">false</set>
            <set name="isRitual">false</set>
        </setters>
    </element>   
    
    <element name="Wall of Bones" type="Spell" source="Dark Arts Player’s Companion" id="ID_JONOMAN3000_DAPC_SPELL_WALL_OF_BONES">
        <supports>Sorcerer,Warlock,Wizard</supports>
        <description>
            <p>A wall of writhing bones and skeletons springs into existence at a point you choose within range. The wall is 6 inches thick and is composed of three 10-foot-by-10-foot panels. Each panel must be contiguous with at least one other panel. If the wall cuts through a creature’s space when it appears, the creature is pushed to one side of the wall (your choice). Any creature that starts its turn next to a wall must make a Dexterity saving throw or take 1d8 bludgeoning damage and become restrained. The creature can make a Strength saving throw at the start of each of its turns, taking the same damage on a failure or freeing itself on a success.</p>
            <p class="indent">The wall is an object that can be damaged and thus breached. Each panel has AC 10 and 20 hit points per inch of thickness. Reducing a panel to 0 hit points destroys it.</p>
        </description>
        <setters>
            <set name="keywords"></set>
            <set name="level">4</set>
            <set name="school">Conjuration</set>
            <set name="time">1 action</set>
            <set name="duration">Concentration, up to 10 minutes</set>
            <set name="range">Touch</set>
            <set name="hasVerbalComponent">true</set>
            <set name="hasSomaticComponent">true</set>
            <set name="hasMaterialComponent">true</set>
            <set name="materialComponent">a skeletal hand</set>
            <set name="isConcentration">true</set>
            <set name="isRitual">false</set>
        </setters>
    </element>   
    
</elements>