<?xml version="1.0" encoding="utf-8" ?>
<elements>
	<info>
		<name>Invocations</name>
		<update version="0.0.1">
			<file name="eldritch-invocations.xml" url="https://raw.githubusercontent.com/community-elements/elements-reddit/master/reddit/reddit-unearthed-arcana/arcane-artillery/eldritch-invocations.xml" />
		</update>
	</info>

	<element name="First Impressions" type="Class Feature" source="Arcane Artillery" id="ID_RDDT_AA_CLASS_FEATURE_ELDRITCH_INVOCATION_FISRTIMPRESSIONS">
		<supports>Eldritch Invocation</supports>
		<description>
			<p>You have a knack for making an impression in combat. Add your Charisma modifier to your initiative rolls.</p>
		</description>
		<sheet>
			<description>Add your Charisma modifier to your initiative rolls.</description>
		</sheet>
		<rules>
			<stat name="initiative" value="charisma:modifier" />
		</rules>
	</element>
	<element name="Blast and Shoot" type="Class Feature" source="Arcane Artillery" id="ID_RDDT_AA_CLASS_FEATURE_ELDRITCH_INVOCATION_BLASTANDSHOOT">
		<supports>Eldritch Invocation</supports>
		<prerequisite>Pact of the Firearm feature, eldritch blast cantrip, 5th level</prerequisite>
		<requirements>[level:5],ID_RDDT_AA_CLASS_FEATURE_WARLOCK_PACT_BOON_PACT_OF_THE_FIREARM,ID_PHB_SPELL_ELDRITCH_BLAST</requirements>
		<description>
			<p class="flavor">Prerequisite: Pact of the Firearm feature, eldritch blast cantrip, 5th level</p>
			<p>When you cast eldritch blast, you can attack with your pact weapon as a bonus action.</p>
		</description>
		<sheet>
			<description>When you cast eldritch blast, you can attack with your pact weapon as a bonus action.</description>
		</sheet>
	</element>
	<element name="Gunstorm" type="Class Feature" source="Arcane Artillery" id="ID_RDDT_AA_CLASS_FEATURE_ELDRITCH_INVOCATION_GUNSTORM">
		<supports>Eldritch Invocation</supports>
		<prerequisite>Pact of the Firearm feature, 17th level</prerequisite>
		<requirements>[level:17],ID_RDDT_AA_CLASS_FEATURE_WARLOCK_PACT_BOON_PACT_OF_THE_FIREARM</requirements>
		<description>
			<p class="flavor">Prerequisite: Pact of the Firearm feature, 17th level</p>
			<p>You can attack twice when you take the attack action on your turn using your pact weapon.</p>
		</description>
		<sheet>
			<description>You can attack twice when you take the attack action on your turn using your pact weapon.</description>
		</sheet>
	</element>
	<element name="Improved Pact Weapon" type="Class Feature" source="Arcane Artillery" id="ID_RDDT_AA_CLASS_FEATURE_ELDRITCH_INVOCATION_IMPROVEDPACTWEAPON">
		<supports>Eldritch Invocation</supports>
		<prerequisite>Pact of the Firearm feature or Pact of the Blade, 5th level</prerequisite>
		<requirements>(ID_RDDT_AA_CLASS_FEATURE_WARLOCK_PACT_BOON_PACT_OF_THE_FIREARM||ID_WOTC_PHB_CLASS_FEATURE_WARLOCK_PACT_BOON_PACT_OF_THE_BLADE),[level:5]</requirements>
		<description>
			<p class="flavor">Prerequisite: Pact of the Firearm feature or Pact of the Blade, 5th level</p>
			<p>Any weapon you create using your pact feature is a +1 weapon. This invocation doesn't affect a magic weapon you transformed into your pact weapon.</p>
		</description>
		<sheet>
			<description>Any weapon you create using your pact feature is a +1 weapon. This invocation doesn't affect a magic weapon you transformed into your pact weapon.</description>
		</sheet>
	</element>
	<element name="Show of Force" type="Class Feature" source="Arcane Artillery" id="ID_RDDT_AA_CLASS_FEATURE_ELDRITCH_INVOCATION_SHOWOFFORCE">
		<supports>Eldritch Invocation</supports>
		<prerequisite>Pact of the Firearm feature or Pact of the Blade, 9th level</prerequisite>
		<requirements>(ID_RDDT_AA_CLASS_FEATURE_WARLOCK_PACT_BOON_PACT_OF_THE_FIREARM||ID_WOTC_PHB_CLASS_FEATURE_WARLOCK_PACT_BOON_PACT_OF_THE_BLADE),[level:9]</requirements>
		<description>
			<p class="flavor">Prerequisite: Pact of the Firearm feature or Pact of the Blade, 9th level</p>
			<p>You can use your Charisma modifier, instead of your Dexterity modifier, for your attack and damage rolls for your pact weapon.</p>
		</description>
		<sheet>
			<description>You can use your Charisma modifier (+{{charisma:modifier}}), instead of your Dexterity modifier (+{{dexterity:modifier}}), for your attack and damage rolls for your pact weapon.</description>
		</sheet>
	</element>
	<element name="Superior Pact Weapon" type="Class Feature" source="Arcane Artillery" id="ID_RDDT_AA_CLASS_FEATURE_ELDRITCH_INVOCATION_">
		<supports>Eldritch Invocation</supports>
		<prerequisite>Pact of the Firearm feature or Pact of the Blade, 9th level</prerequisite>
		<requirements>(ID_RDDT_AA_CLASS_FEATURE_WARLOCK_PACT_BOON_PACT_OF_THE_FIREARM||ID_WOTC_PHB_CLASS_FEATURE_WARLOCK_PACT_BOON_PACT_OF_THE_BLADE),[level:9]</requirements>
		<description>
			<p class="flavor">Prerequisite: Pact of the Firearm feature or Pact of the Blade, 9th level</p>
			<p>Any weapon you create using your pact feature is a +2 weapon. This invocation doesn't affect a magic weapon you transformed into your pact weapon.</p>
		</description>
		<sheet>
			<description>Any weapon you create using your pact feature is a +2 weapon. This invocation doesn't affect a magic weapon you transformed into your pact weapon.</description>
		</sheet>
	</element>
	<element name="Draining Shot" type="Class Feature" source="Arcane Artillery" id="ID_RDDT_AA_CLASS_FEATURE_ELDRITCH_INVOCATION_DRAININGSHOT">
		<supports>Eldritch Invocation</supports>
		<prerequisite>Pact of the Firearm feature, 11th level</prerequisite>
		<requirements>[level:11],ID_RDDT_AA_CLASS_FEATURE_WARLOCK_PACT_BOON_PACT_OF_THE_FIREARM</requirements>
		<description>
			<p class="flavor">Prerequisite: Pact of the Firearm feature, 1th level</p>
			<p>When you make a successful shot against a creature with your pact firearm, you can choose to drain that creature of life and transfer it to you. a dark crimson line leads back to the barrel of your gun, give you temporary HP equal to half the amount of damage dealt.</p>
		</description>
		<sheet>
			<description>When you make a successful shot against a creature with your pact firearm, you can choose to give yourself temporary HP equal to half the amount of damage dealt.</description>
		</sheet>
	</element>
	<element name="Greater Pact Firearm" type="Class Feature" source="Arcane Artillery" id="ID_RDDT_AA_CLASS_FEATURE_ELDRITCH_INVOCATION_GREATERPACTFIREARM">
		<supports>Eldritch Invocation</supports>
		<prerequisite>Pact of the Firearm feature, 13th level</prerequisite>
		<requirements>[level:13],ID_RDDT_AA_CLASS_FEATURE_WARLOCK_PACT_BOON_PACT_OF_THE_FIREARM</requirements>
		<description>
			<p class="flavor">Prerequisite: Pact of the Firearm feature, 13th level</p>
			<p>You can summon a special firearm when you invoke your pact weapon as part of your Pact of the Firearm feature. You can change your current weapon to become one of these special firearms when you take this invocation.</p>
		</description>
		<sheet>
			<description>You can summon a special firearm when you invoke your pact weapon as part of your Pact of the Firearm feature. You can change your current weapon to become one of these special firearms when you take this invocation.</description>
		</sheet>
	</element>
	<element name="Customized Pact Weapon" type="Class Feature" source="Arcane Artillery" id="ID_RDDT_AA_CLASS_FEATURE_ELDRITCH_INVOCATION_CUSTOMIZEDPACTWEAPON">
		<supports>Eldritch Invocation</supports>
		<prerequisite>Pact of the Firearm feature, 13th level</prerequisite>
		<requirements>[level:13],ID_RDDT_AA_CLASS_FEATURE_WARLOCK_PACT_BOON_PACT_OF_THE_FIREARM</requirements>
		<description>
			<p class="flavor">Prerequisite: Pact of the Firearm feature, 13th level</p>
			<p>Any firearm you create using your Pact of the Firearm feature can start with one Attachment or Custom Part of your choice that can be used with it. This invocation doesn't affect a magic weapon you transformed into your pact weapon.</p>
			<p class="indent">When you reach 17th level, your pact weapon can start with any number of two Attachments or Custom Parts.</p>
		</description>
		<sheet>
			<description>Any firearm you create using your Pact of the Firearm feature can start with one Attachment or Custom Part of your choice that can be used with it. This invocation doesn't affect a magic weapon you transformed into your pact weapon. When you reach 17th level, your pact weapon can start with any number of two Attachments or Custom Parts.</description>
		</sheet>
	</element>
	<element name="Eldritch Strike" type="Class Feature" source="Arcane Artillery" id="ID_RDDT_AA_CLASS_FEATURE_ELDRITCH_INVOCATION_ELDRITCHSTRIKE">
		<supports>Eldritch Invocation</supports>
		<prerequisite>9th level, eldritch blast cantrip</prerequisite>
		<requirements>[level:9],ID_PHB_SPELL_ELDRITCH_BLAST</requirements>
		<description>
			<p class="flavor">Prerequisite: 9th level, eldritch blast cantrip</p>
			<p>When you cast eldritch blast, you can use a bonus action to make a weapon attack.</p>
		</description>
		<sheet>
			<description>When you cast eldritch blast, you can use a bonus action to make a weapon attack.</description>
		</sheet>
	</element>
	<element name="Ultimate Pact Weapon" type="Class Feature" source="Arcane Artillery" id="ID_RDDT_AA_CLASS_FEATURE_ELDRITCH_INVOCATION_ULTIMATEPACTWEAPON">
		<supports>Eldritch Invocation</supports>
		<prerequisite>Pact of the Firearm feature or Pact of the Blade, 15th level</prerequisite>
		<requirements>(ID_RDDT_AA_CLASS_FEATURE_WARLOCK_PACT_BOON_PACT_OF_THE_FIREARM||ID_WOTC_PHB_CLASS_FEATURE_WARLOCK_PACT_BOON_PACT_OF_THE_BLADE),[level:15]</requirements>
		<description>
			<p class="flavor">Prerequisite: Pact of the Firearm feature or Pact of the Blade, 15th level</p>
			<p>Any weapon you create using your pact feature is a +3 weapon. This invocation doesn't affect a magic weapon you transformed into your pact weapon.</p>
		</description>
		<sheet>
			<description>Any weapon you create using your pact feature is a +3 weapon. This invocation doesn't affect a magic weapon you transformed into your pact weapon.</description>
		</sheet>
	</element>
	<element name="Eldritch Storm" type="Class Feature" source="Arcane Artillery" id="ID_RDDT_AA_CLASS_FEATURE_ELDRITCH_INVOCATION_ELDRITCHSTORM">
		<supports>Eldritch Invocation</supports>
		<prerequisite>Pact of the Firearm feature, eldritch blast cantrip, 18th level</prerequisite>
		<requirements>[level:18],ID_RDDT_AA_CLASS_FEATURE_WARLOCK_PACT_BOON_PACT_OF_THE_FIREARM,ID_PHB_SPELL_ELDRITCH_BLAST</requirements>
		<description>
			<p class="flavor">Prerequisite: Pact of the Firearm feature, eldritch blast cantrip, 18th level</p>
			<p>You can concentrate the eldritch blast cantrip through the barrel of your pact weapon, focusing the crackling beams into one large ray of magical force. Make a ranged spell attack roll. If the attack hits, roll four eldritch blast damage rolls. Add your Dexterity modifier to the damage of this attack.</p>
		</description>
		<sheet>
			<description>Make a ranged spell attack roll. If the attack hits, roll four eldritch blast damage rolls. Add your Dexterity modifier to the damage of this attack.</description>
		</sheet>
	</element>
	<element name="Sly Sniper" type="Class Feature" source="Arcane Artillery" id="ID_RDDT_AA_CLASS_FEATURE_ELDRITCH_INVOCATION_SLYSNIPER">
		<supports>Eldritch Invocation</supports>
		<prerequisite>Archfey patron, Pact of the Firearm</prerequisite>
		<requirements>ID_WOTC_PHB_ARCHETYPE_OTHERWORLDLY_PATRON_THE_ARCHFEY,ID_RDDT_AA_CLASS_FEATURE_WARLOCK_PACT_BOON_PACT_OF_THE_FIREARM</requirements>
		<description>
			<p class="flavor">Prerequisite: Archfey patron, Pact of the Firearm</p>
			<p>You can create an arquebus (or a heavy rifle if firearms are prominent, or when you reach 13th level) forged from a spindly wood, who's barrel is a bright brass adorned with ornate carvings. Vines are wrapped around the gun's length. When you hit a creature with its ammunition, you can expend a spell slot to deal an additional 2d8 poison damage to the target per spell level, and makes the creature charmed by you until the end of your next turn.</p>
		</description>
		<sheet>
			<description>You can create an arquebus forged from a spindly wood, who's barrel is a bright brass adorned with ornate carvings. When you hit a creature with its ammunition, you can expend a spell slot to deal an additional 2d8 poison damage to the target per spell level, and makes the creature charmed by you until the end of your next turn.</description>
		</sheet>
	</element>
	<element name="Grasp of the Ancient One" type="Class Feature" source="Arcane Artillery" id="ID_RDDT_AA_CLASS_FEATURE_ELDRITCH_INVOCATION_GRASPOFTHEANCIENTONE">
		<supports>Eldritch Invocation</supports>
		<prerequisite>Great Old One patron, Pact of the Firearm</prerequisite>
		<requirements>ID_WOTC_PHB_ARCHETYPE_OTHERWORLDLY_PATRON_THE_GREAT_OLD_ONE,ID_RDDT_AA_CLASS_FEATURE_WARLOCK_PACT_BOON_PACT_OF_THE_FIREARM</requirements>
		<description>
			<p class="flavor">Prerequisite: Great Old One patron, Pact of the Firearm</p>
			<p>You can create a blunderbuss (or shotgun if firearms are prominent, or when you reach 13th level.) made from a black, inky marble and a sickly, green colored steel that seems to glow. Spectral tentacles writhe around the barrel of the shotgun, slurping sounds following every shot you make with it. When you hit a creature with its ammunition, you can expend a spell slot to deal an additional 2d8 psychic damage to the target per spell level, and you can make the creature frightened of you until the end of your next turn.</p>
		</description>
		<sheet>
			<description>You can create a blunderbuss made from a black, inky marble and a sickly, green colored steel that seems to glow. When you hit a creature with its ammunition, you can expend a spell slot to deal an additional 2d8 psychic damage to the target per spell level, and you can make the creature frightened of you until the end of your next turn.</description>
		</sheet>
	</element>
	<element name="Wrath of the Inferno" type="Class Feature" source="Arcane Artillery" id="ID_RDDT_AA_CLASS_FEATURE_ELDRITCH_INVOCATION_WRATHOFTHEINFERNO">
		<supports>Eldritch Invocation</supports>
		<prerequisite>Fiend patron, Pact of the Firearm</prerequisite>
		<requirements>ID_WOTC_PHB_ARCHETYPE_OTHERWORLDLY_PATRON_FIEND,ID_RDDT_AA_CLASS_FEATURE_WARLOCK_PACT_BOON_PACT_OF_THE_FIREARM</requirements>
		<description>
			<p class="flavor">Prerequisite: Fiend patron, Pact of the Firearm</p>
			<p>You can create a musket (or a rifle if firearms are prominent, or when you reach 13th level.) forged in the fires of Pandemonium. Its wood is a black, unbreakable charcoal, and its barrel is blood red. Flames seem to surround the trigger that don't hurt you when you put your finger inside it. When you hit a creature with its ammunition, you can expend a spell slot to deal an additional 2d8 fire damage to the target per spell level that ignores resistance and immunity.</p>
		</description>
		<sheet>
			<description>You can create a musket forged in the fires of Pandemonium. When you hit a creature with its ammunition, you can expend a spell slot to deal an additional 2d8 fire damage to the target per spell level that ignores resistance and immunity.</description>
		</sheet>
	</element>
</elements>