<?xml version="1.0" encoding="utf-8" ?>
<elements>
	<info>
		<name>Guns</name>
		<update version="0.0.1">
			<file name="guns.xml" url="https://raw.githubusercontent.com/community-elements/elements-reddit/master/reddit/reddit-unearthed-arcana/arcane-artillery/guns.xml" />
		</update>
	</info>

	<element name="Flintlock Pistol" type="Weapon" source="Arcane Artillery" id="ID_RDDT_AA_WEAPON_FLINTLOCK_PISTOL">
		<supports> ID_INTERNAL_WEAPON_CATEGORY_FIREARM,ID_INTERNAL_WEAPON_CATEGORY_MARTIAL_RANGED,ID_INTERNAL_WEAPON_PROPERTY_RANGED, ID_INTERNAL_WEAPON_PROPERTY_PRIMITIVEGUNS, ID_INTERNAL_DAMAGETYPE_PIERCING, ID_INTERNAL_WEAPON_PROPERTY_AMMUNITION, ID_INTERNAL_WEAPON_PROPERTY_LOADING, ID_INTERNAL_WEAPON_PROPERTY_LIGHT, ID_INTERNAL_WEAPON_PROPERTY_MISFIRE, ID_INTERNAL_WEAPON_PROPERTY_SIDEARMS, ID_RDDT_AA_WEAPON_GROUP_FLINTLOCKPISTOLS, ID_RDDT_AA_WEAPON_GROUP_FIREARMS </supports>
		<description>
			<p>Ammunition (range 30/90), Loading, Light, Misfire 3</p>
		</description>
		<setters>
			<set name="category">Arcane Artillery</set>
			<set name="cost" currency="gp">250</set>
			<set name="weight" lb="3">3 lb.</set>
			<set name="slot">onehand</set>
			<set name="range">30/90</set>
			<set name="damage" type="piercing">1d6</set>
			<set name="misfire">3</set>
			<set name="proficiency">ID_RDDT_AA_PROFICIENCY_WEAPON_PROFICIENCY_FLINTLOCKPISTOLS</set>
		</setters>
	</element>
	
	<element name="Dragoon" type="Weapon" source="Arcane Artillery" id="ID_RDDT_AA_WEAPON_DRAGOON">
		<supports> ID_INTERNAL_WEAPON_CATEGORY_FIREARM,ID_INTERNAL_WEAPON_CATEGORY_MARTIAL_RANGED,ID_INTERNAL_WEAPON_PROPERTY_RANGED, ID_INTERNAL_WEAPON_PROPERTY_PRIMITIVEGUNS, ID_INTERNAL_DAMAGETYPE_BLUDGEONING, ID_INTERNAL_WEAPON_PROPERTY_AMMUNITION, ID_INTERNAL_WEAPON_PROPERTY_LOADING, ID_INTERNAL_WEAPON_PROPERTY_SCATTER, ID_INTERNAL_WEAPON_PROPERTY_MISFIRE, ID_INTERNAL_WEAPON_PROPERTY_SIDEARMS, ID_RDDT_AA_WEAPON_GROUP_DRAGOONS, ID_RDDT_AA_WEAPON_GROUP_FIREARMS </supports>
		<description>
			<p>Ammunition (range 10/30), Loading, Scatter (1d4), Misfire 3</p>
		</description>
		<setters>
			<set name="category">Arcane Artillery</set>
			<set name="cost" currency="gp">300</set>
			<set name="weight" lb="4">4 lb.</set>
			<set name="slot">onehand</set>
			<set name="range">10/30</set>
			<set name="damage">1d8 bludgeoning</set>
			<set name="misfire">3</set>
			<set name="proficiency">ID_RDDT_AA_PROFICIENCY_WEAPON_PROFICIENCY_DRAGOONS</set>
		</setters>
	</element>
	
	<element name="Pepperbox" type="Weapon" source="Arcane Artillery" id="ID_RDDT_AA_WEAPON_PEPPERBOX">
		<supports> ID_INTERNAL_WEAPON_CATEGORY_FIREARM,ID_INTERNAL_WEAPON_CATEGORY_MARTIAL_RANGED,ID_INTERNAL_WEAPON_PROPERTY_RANGED, ID_INTERNAL_WEAPON_PROPERTY_PRIMITIVEGUNS, ID_INTERNAL_DAMAGETYPE_PIERCING, ID_INTERNAL_WEAPON_PROPERTY_AMMUNITION, ID_INTERNAL_WEAPON_PROPERTY_RELOAD, ID_INTERNAL_WEAPON_PROPERTY_MISFIRE, ID_INTERNAL_WEAPON_PROPERTY_SIDEARMS, ID_RDDT_AA_WEAPON_GROUP_FIREARMS </supports>
		<description>
			<p>Ammunition (range 40/120), Reload 4, Shell Loading, Misfire 1</p>
		</description>
		<setters>
			<set name="category">Arcane Artillery</set>
			<set name="cost" currency="gp">800</set>
			<set name="weight" lb="4">4 lb.</set>
			<set name="slot">onehand</set>
			<set name="range">40/120</set>
			<set name="damage" type="piercing">1d8</set>
			<set name="misfire">1</set>
			<set name="reload">4</set>
			<set name="proficiency">ID_RDDT_AA_PROFICIENCY_WEAPON_PROFICIENCY_PEPPERBOX</set>
		</setters>
	</element>
	
	<element name="Musket" type="Weapon" source="Arcane Artillery" id="ID_RDDT_AA_WEAPON_MUSKET">
		<supports> ID_INTERNAL_WEAPON_CATEGORY_FIREARM,ID_INTERNAL_WEAPON_CATEGORY_MARTIAL_RANGED,ID_INTERNAL_WEAPON_PROPERTY_RANGED, ID_INTERNAL_WEAPON_PROPERTY_PRIMITIVEGUNS, ID_INTERNAL_DAMAGETYPE_PIERCING, ID_INTERNAL_WEAPON_PROPERTY_AMMUNITION, ID_INTERNAL_WEAPON_PROPERTY_LOADING, ID_INTERNAL_WEAPON_PROPERTY_MISFIRE, ID_INTERNAL_WEAPON_PROPERTY_LONGARMS,ID_INTERNAL_WEAPON_PROPERTY_TWOHANDED, ID_RDDT_AA_WEAPON_GROUP_MUSKETS, ID_RDDT_AA_WEAPON_GROUP_FIREARMS </supports>
		<description>
			<p>Ammunition (range 70/200), Two-Handed, Loading, Misfire 2</p>
		</description>
		<setters>
			<set name="category">Arcane Artillery</set>
			<set name="cost" currency="gp">500</set>
			<set name="weight" lb="10">10 lb.</set>
			<set name="slot">twohand</set>
			<set name="range">70/200</set>
			<set name="damage" type="piercing">1d12</set>
			<set name="misfire">2</set>
			<set name="proficiency">ID_RDDT_AA_PROFICIENCY_WEAPON_PROFICIENCY_MUSKET</set>
		</setters>
	</element>
	
	<element name="Arquebus" type="Weapon" source="Arcane Artillery" id="ID_RDDT_AA_WEAPON_ARQUEBUS">
		<supports> ID_INTERNAL_WEAPON_CATEGORY_FIREARM,ID_INTERNAL_WEAPON_CATEGORY_MARTIAL_RANGED,ID_INTERNAL_WEAPON_PROPERTY_RANGED, ID_INTERNAL_WEAPON_PROPERTY_PRIMITIVEGUNS, ID_INTERNAL_DAMAGETYPE_PIERCING, ID_INTERNAL_WEAPON_PROPERTY_AMMUNITION, ID_INTERNAL_WEAPON_PROPERTY_LOADING, ID_INTERNAL_WEAPON_PROPERTY_MISFIRE, ID_INTERNAL_WEAPON_PROPERTY_LONGARMS,ID_INTERNAL_WEAPON_PROPERTY_TWOHANDED,ID_INTERNAL_WEAPON_PROPERTY_HEAVY, ID_RDDT_AA_WEAPON_GROUP_FIREARMS </supports>
		<description>
			<p>Ammunition (range 60/150), Two-Handed, Loading, Heavy, Misfire 4</p>
		</description>
		<setters>
			<set name="category">Arcane Artillery</set>
			<set name="cost" currency="gp">200</set>
			<set name="weight" lb="13">13 lb.</set>
			<set name="slot">twohand</set>
			<set name="range">60/150</set>
			<set name="damage" type="piercing">3d4</set>
			<set name="misfire">4</set>
			<set name="proficiency">ID_RDDT_AA_PROFICIENCY_WEAPON_PROFICIENCY_ARQUEBUS</set>
		</setters>
	</element>
	
	<element name="Blunderbuss" type="Weapon" source="Arcane Artillery" id="ID_RDDT_AA_WEAPON_BLUNDERBUSS">
		<supports> ID_INTERNAL_WEAPON_CATEGORY_FIREARM,ID_INTERNAL_WEAPON_CATEGORY_MARTIAL_RANGED,ID_INTERNAL_WEAPON_PROPERTY_RANGED, ID_INTERNAL_WEAPON_PROPERTY_PRIMITIVEGUNS, ID_INTERNAL_DAMAGETYPE_BLUDGEONING, ID_INTERNAL_WEAPON_PROPERTY_AMMUNITION, ID_INTERNAL_WEAPON_PROPERTY_LOADING, ID_INTERNAL_WEAPON_PROPERTY_MISFIRE, ID_INTERNAL_WEAPON_PROPERTY_LONGARMS,ID_INTERNAL_WEAPON_PROPERTY_TWOHANDED,ID_RDDT_AA_WEAPON_PROPERTY_SCATTER, ID_RDDT_AA_WEAPON_GROUP_FIREARMS </supports>
		<description>
			<p>Ammunition (range 15/45), Two-Handed, Loading, Scatter (1d6), Misfire 3</p>
		</description>
		<setters>
			<set name="category">Arcane Artillery</set>
			<set name="cost" currency="gp">900</set>
			<set name="weight" lb="7">7 lb.</set>
			<set name="slot">twohand</set>
			<set name="range">15/45</set>
			<set name="damage">1d12 bludgeoning</set>
			<set name="misfire">3</set>
			<set name="scatter">1d6</set>
			<set name="proficiency">ID_RDDT_AA_PROFICIENCY_WEAPON_PROFICIENCY_BLUNDERBUSS</set>
		</setters>
	</element>
	
	<element name="Wheellock Gun" type="Weapon" source="Arcane Artillery" id="ID_RDDT_AA_WEAPON_WHEELLOCKGUN">
		<supports> ID_INTERNAL_WEAPON_CATEGORY_FIREARM,ID_INTERNAL_WEAPON_CATEGORY_MARTIAL_RANGED,ID_INTERNAL_WEAPON_PROPERTY_RANGED, ID_INTERNAL_WEAPON_PROPERTY_PRIMITIVEGUNS, ID_INTERNAL_DAMAGETYPE_PIERCING, ID_INTERNAL_WEAPON_PROPERTY_AMMUNITION, ID_INTERNAL_WEAPON_PROPERTY_LOADING, ID_INTERNAL_WEAPON_PROPERTY_MISFIRE, ID_INTERNAL_WEAPON_PROPERTY_LONGARMS,ID_INTERNAL_WEAPON_PROPERTY_TWOHANDED, ID_RDDT_AA_WEAPON_GROUP_WHEELLOCKGUNS, ID_RDDT_AA_WEAPON_GROUP_FIREARMS </supports>
		<description>
			<p>Ammunition (range 50/160), Two-Handed, Loading, Misfire 2</p>
		</description>
		<setters>
			<set name="category">Arcane Artillery</set>
			<set name="cost" currency="gp">400</set>
			<set name="weight" lb="5">5 lb.</set>
			<set name="slot">twohand</set>
			<set name="range">50/160</set>
			<set name="damage" type="piercing">1d10</set>
			<set name="misfire">2</set>
			<set name="proficiency">ID_RDDT_AA_PROFICIENCY_WEAPON_PROFICIENCY_WHEELLOCKGUNS</set>
		</setters>
	</element>
	
	<element name="Pistol" type="Weapon" source="Arcane Artillery" id="ID_RDDT_AA_WEAPON_PISTOL">
		<supports>ID_INTERNAL_WEAPON_CATEGORY_FIREARM,ID_INTERNAL_WEAPON_CATEGORY_MARTIAL_RANGED,ID_INTERNAL_WEAPON_PROPERTY_RANGED,ID_INTERNAL_DAMAGETYPE_PIERCING,ID_INTERNAL_WEAPON_PROPERTY_AMMUNITION,ID_INTERNAL_WEAPON_PROPERTY_RELOAD,ID_INTERNAL_WEAPON_PROPERTY_LIGHT,ID_RDDT_AA_WEAPON_PROPERTY_SIDEARMS, ID_RDDT_AA_WEAPON_GROUP_PISTOLS, ID_RDDT_AA_WEAPON_GROUP_FIREARMS
		</supports>
		<description>
			<p>Ammunition (range 40/120), Reload 8, Light</p>
		</description>
		<setters>
			<set name="category">Arcane Artillery</set>
			<set name="cost" currency="gp">1000</set>
			<set name="weight" lb="2">2 lb.</set>
			<set name="slot">onehand</set>
			<set name="range">40/120</set>
			<set name="damage" type="piercing">1d6</set>
			<set name="reload">8</set>
			<set name="proficiency">ID_RDDT_AA_PROFICIENCY_WEAPON_PROFICIENCY_PISTOLS</set>
		</setters>
	</element>
	
	<element name="Heavy Pistol" type="Weapon" source="Arcane Artillery" id="ID_RDDT_AA_WEAPON_HEAVYPISTOL">
		<supports>ID_INTERNAL_WEAPON_CATEGORY_FIREARM,ID_INTERNAL_WEAPON_CATEGORY_MARTIAL_RANGED,ID_INTERNAL_WEAPON_PROPERTY_RANGED,ID_INTERNAL_DAMAGETYPE_PIERCING,ID_INTERNAL_WEAPON_PROPERTY_HEAVY,ID_INTERNAL_WEAPON_PROPERTY_AMMUNITION,ID_INTERNAL_WEAPON_PROPERTY_RELOAD,ID_RDDT_AA_WEAPON_PROPERTY_SIDEARMS, ID_RDDT_AA_WEAPON_GROUP_PISTOLS, ID_RDDT_AA_WEAPON_GROUP_FIREARMS
		</supports>
		<description>
			<p>Ammunition (range 40/140), Reload 8</p>
		</description>
		<setters>
			<set name="category">Arcane Artillery</set>
			<set name="cost" currency="gp">1150</set>
			<set name="weight" lb="3">3 lb.</set>
			<set name="slot">onehand</set>
			<set name="range">40/120</set>
			<set name="damage" type="piercing">1d8</set>
			<set name="reload">8</set>
			<set name="proficiency">ID_RDDT_AA_PROFICIENCY_WEAPON_PROFICIENCY_HEAVY_PISTOL</set>
		</setters>
	</element>
	
	<element name="Sawn-Off Shotgun" type="Weapon" source="Arcane Artillery" id="ID_RDDT_AA_WEAPON_SAWNOFF">
		<supports>ID_INTERNAL_WEAPON_CATEGORY_FIREARM,ID_INTERNAL_WEAPON_CATEGORY_MARTIAL_RANGED,ID_INTERNAL_WEAPON_PROPERTY_RANGED,ID_INTERNAL_DAMAGETYPE_PIERCING,ID_INTERNAL_WEAPON_PROPERTY_AMMUNITION,ID_INTERNAL_WEAPON_PROPERTY_RELOAD,ID_RDDT_AA_WEAPON_PROPERTY_SIDEARMS,ID_RDDT_AA_WEAPON_PROPERTY_SCATTER, ID_RDDT_AA_WEAPON_GROUP_SAWNOFFSHOTGUNS, ID_RDDT_AA_WEAPON_GROUP_FIREARMS
		</supports>
		<description>
			<p>Ammunition (range 20/40), Reload 4, Scatter (1d4)</p>
		</description>
		<setters>
			<set name="category">Arcane Artillery</set>
			<set name="cost" currency="gp">1200</set>
			<set name="weight" lb="4">4 lb.</set>
			<set name="slot">onehand</set>
			<set name="range">20/40</set>
			<set name="damage">2d4 bludgeoning</set>
			<set name="reload">4</set>
			<set name="scatter">1d4</set>
			<set name="proficiency">ID_RDDT_AA_PROFICIENCY_WEAPON_PROFICIENCY_SAWNOFFSHOTGUNS</set>
		</setters>
	</element>
	
	<element name="Rifle" type="Weapon" source="Arcane Artillery" id="ID_RDDT_AA_WEAPON_RIFLE">
		<supports>ID_INTERNAL_WEAPON_CATEGORY_FIREARM,ID_INTERNAL_WEAPON_CATEGORY_MARTIAL_RANGED,ID_INTERNAL_WEAPON_PROPERTY_RANGED,ID_INTERNAL_DAMAGETYPE_PIERCING,ID_INTERNAL_WEAPON_PROPERTY_AMMUNITION,ID_INTERNAL_WEAPON_PROPERTY_RELOAD,ID_RDDT_AA_WEAPON_PROPERTY_LONGARMS,ID_INTERNAL_WEAPON_PROPERTY_TWOHANDED, ID_RDDT_AA_WEAPON_GROUP_RIFLES, ID_RDDT_AA_WEAPON_GROUP_FIREARMS
		</supports>
		<description>
			<p>Ammunition (range 90/300), Two-Handed, Reload 6</p>
		</description>
		<setters>
			<set name="category">Arcane Artillery</set>
			<set name="cost" currency="gp">1500</set>
			<set name="weight" lb="10">10 lb.</set>
			<set name="slot">twohand</set>
			<set name="range">90/300</set>
			<set name="damage" type="piercing">1d12</set>
			<set name="reload">6</set>
			<set name="proficiency">ID_RDDT_AA_PROFICIENCY_WEAPON_PROFICIENCY_RIFLES</set>
		</setters>
	</element>
	
	<element name="Carbine" type="Weapon" source="Arcane Artillery" id="ID_RDDT_AA_WEAPON_CARBINE">
		<supports>ID_INTERNAL_WEAPON_CATEGORY_FIREARM,ID_INTERNAL_WEAPON_CATEGORY_MARTIAL_RANGED,ID_INTERNAL_WEAPON_PROPERTY_RANGED,ID_INTERNAL_DAMAGETYPE_PIERCING,ID_INTERNAL_WEAPON_PROPERTY_AMMUNITION,ID_INTERNAL_WEAPON_PROPERTY_RELOAD,ID_RDDT_AA_WEAPON_PROPERTY_LONGARMS,ID_INTERNAL_WEAPON_PROPERTY_TWOHANDED, ID_RDDT_AA_WEAPON_GROUP_CARBINES, ID_RDDT_AA_WEAPON_GROUP_FIREARMS
		</supports>
		<description>
			<p>Ammunition (range 60/200), Two-Handed, Reload 8</p>
		</description>
		<setters>
			<set name="category">Arcane Artillery</set>
			<set name="cost" currency="gp">1350</set>
			<set name="weight" lb="6">6 lb.</set>
			<set name="slot">twohand</set>
			<set name="range">60/200</set>
			<set name="damage" type="piercing">1d10</set>
			<set name="reload">6</set>
			<set name="proficiency">ID_RDDT_AA_PROFICIENCY_WEAPON_PROFICIENCY_CARBINES</set>
		</setters>
	</element>
	
	<element name="Shotgun" type="Weapon" source="Arcane Artillery" id="ID_RDDT_AA_WEAPON_SHOTGUN">
		<supports>ID_INTERNAL_WEAPON_CATEGORY_FIREARM,ID_INTERNAL_WEAPON_CATEGORY_MARTIAL_RANGED,ID_INTERNAL_WEAPON_PROPERTY_RANGED,ID_INTERNAL_DAMAGETYPE_BLUDGEONING,ID_INTERNAL_WEAPON_PROPERTY_AMMUNITION,ID_INTERNAL_WEAPON_PROPERTY_RELOAD,ID_RDDT_AA_WEAPON_PROPERTY_LONGARMS,ID_INTERNAL_WEAPON_PROPERTY_TWOHANDED,ID_RDDT_AA_WEAPON_PROPERTY_SCATTER, ID_RDDT_AA_WEAPON_GROUP_FIREARMS
		</supports>
		<description>
			<p>Ammunition (range 30/60), Two-Handed, Scatter (1d6), Reload 6</p>
		</description>
		<setters>
			<set name="category">Arcane Artillery</set>
			<set name="cost" currency="gp">2000</set>
			<set name="weight" lb="7">7 lb.</set>
			<set name="slot">twohand</set>
			<set name="range">30/60</set>
			<set name="damage">1d12 bludgeoning</set>
			<set name="reload">6</set>
			<set name="scatter">1d6</set>
			<set name="proficiency">ID_RDDT_AA_PROFICIENCY_WEAPON_PROFICIENCY_SHOTGUNS</set>
		</setters>
	</element>

	<element name="Heavy Rifle" type="Weapon" source="Arcane Artillery" id="ID_RDDT_AA_WEAPON_HEAVYRIFLE">
		<supports>ID_INTERNAL_WEAPON_CATEGORY_FIREARM,ID_INTERNAL_WEAPON_CATEGORY_MARTIAL_RANGED,ID_INTERNAL_WEAPON_PROPERTY_RANGED,ID_INTERNAL_DAMAGETYPE_PIERCING,ID_INTERNAL_WEAPON_PROPERTY_AMMUNITION,ID_RDDT_AA_WEAPON_PROPERTY_LONGARMS,ID_INTERNAL_WEAPON_PROPERTY_TWOHANDED,ID_INTERNAL_WEAPON_PROPERTY_HEAVY,ID_INTERNAL_WEAPON_PROPERTY_LOADING, ID_RDDT_AA_WEAPON_GROUP_FIREARMS
		</supports>
		<description>
			<p>Ammunition (range 200/1000), Two-Handed, Loading, Heavy</p>
		</description>
		<setters>
			<set name="category">Arcane Artillery</set>
			<set name="cost" currency="gp">2900</set>
			<set name="weight" lb="18">18 lb.</set>
			<set name="slot">twohand</set>
			<set name="range">200/1000</set>
			<set name="damage" type="piercing">3d8</set>
			<set name="proficiency">ID_RDDT_AA_PROFICIENCY_WEAPON_PROFICIENCY_HEAVY_RIFLE</set>
		</setters>
	</element>
	
	
	<element name="Repeating Crossbow" type="Weapon" source="Arcane Artillery" id="ID_RDDT_AA_WEAPON_REPEATING_CROSSBOW">
		<supports>ID_INTERNAL_WEAPON_CATEGORY_FIREARM,ID_INTERNAL_WEAPON_CATEGORY_MARTIAL_RANGED,ID_INTERNAL_WEAPON_PROPERTY_RANGED,ID_INTERNAL_DAMAGETYPE_PIERCING,ID_INTERNAL_WEAPON_PROPERTY_AMMUNITION,ID_INTERNAL_WEAPON_PROPERTY_RELOAD,ID_RDDT_AA_WEAPON_PROPERTY_LONGARMS,ID_INTERNAL_WEAPON_PROPERTY_TWOHANDED,ID_INTERNAL_WEAPON_PROPERTY_HEAVY,ID_RDDT_AA_WEAPON_GROUP_CROSSBOWS 
		</supports>
		<description>
			<p>Ammunition (range 100/400), Heavy, Two-Handed, Reload 6</p>
		</description>
		<setters>
			<set name="category">Arcane Artillery</set>
			<set name="cost" currency="gp">100</set>
			<set name="weight" lb="18">18 lb.</set>
			<set name="slot">twohand</set>
			<set name="range">100/400</set>
			<set name="damage" type="piercing">1d10</set>
			<set name="reload">6</set>
			<set name="proficiency">ID_PROFICIENCY_WEAPON_PROFICIENCY_CROSSBOW_HEAVY</set>
		</setters>
	</element>
	
	<element name="Automatic Crossbow" type="Weapon" source="Arcane Artillery" id="ID_RDDT_AA_WEAPON_AUTOMATIC_CROSSBOW">
		<supports>ID_INTERNAL_WEAPON_CATEGORY_FIREARM,ID_INTERNAL_WEAPON_CATEGORY_MARTIAL_RANGED,ID_INTERNAL_WEAPON_PROPERTY_RANGED,ID_INTERNAL_DAMAGETYPE_PIERCING,ID_INTERNAL_WEAPON_PROPERTY_AMMUNITION,ID_INTERNAL_WEAPON_PROPERTY_RELOAD,ID_RDDT_AA_WEAPON_PROPERTY_LONGARMS,ID_INTERNAL_WEAPON_PROPERTY_TWOHANDED,ID_INTERNAL_WEAPON_PROPERTY_HEAVY,ID_RDDT_AA_WEAPON_PROPERTY_AUTOMATIC,ID_RDDT_AA_WEAPON_GROUP_CROSSBOWS 
		</supports>
		<description>
			<p>Ammunition (range 100/400), Heavy, Two-Handed, Automatic (1d10), Reload 20</p>
		</description>
		<setters>
			<set name="category">Arcane Artillery</set>
			<set name="cost" currency="gp">200</set>
			<set name="weight" lb="20">20 lb.</set>
			<set name="slot">twohand</set>
			<set name="range">100/400</set>
			<set name="damage" type="piercing">1d8</set>
			<set name="reload">20</set>
			<set name="proficiency">ID_PROFICIENCY_WEAPON_PROFICIENCY_CROSSBOW_HEAVY</set>
		</setters>
	</element>
	
	<element name="Reloading Hand Crossbow" type="Weapon" source="Arcane Artillery" id="ID_RDDT_AA_WEAPON_RELOADING_HAND_CROSSBOW">
		<supports>ID_INTERNAL_WEAPON_CATEGORY_FIREARM,ID_INTERNAL_WEAPON_CATEGORY_MARTIAL_RANGED,ID_INTERNAL_WEAPON_PROPERTY_RANGED,ID_INTERNAL_DAMAGETYPE_PIERCING,ID_INTERNAL_WEAPON_PROPERTY_AMMUNITION,ID_INTERNAL_WEAPON_PROPERTY_RELOAD,ID_RDDT_AA_WEAPON_PROPERTY_LONGARMS,ID_RDDT_AA_WEAPON_GROUP_CROSSBOWS 
		</supports>
		<description>
			<p>Ammunition (range 30/120), Light, Reload 4</p>
		</description>
		<setters>
			<set name="category">Arcane Artillery</set>
			<set name="cost" currency="gp">350</set>
			<set name="weight" lb="3">3 lb.</set>
			<set name="slot">onehand</set>
			<set name="range">30/120</set>
			<set name="damage" type="piercing">1d6</set>
			<set name="reload">4</set>
			<set name="proficiency">ID_PROFICIENCY_WEAPON_PROFICIENCY_CROSSBOW_HAND</set>
		</setters>
	</element>
	
	<element name="Splinterfire Crossbow" type="Weapon" source="Arcane Artillery" id="ID_RDDT_AA_WEAPON_SPLINTERFIRE_CROSSBOW">
		<supports>ID_INTERNAL_WEAPON_CATEGORY_FIREARM,ID_INTERNAL_WEAPON_CATEGORY_MARTIAL_RANGED,ID_INTERNAL_WEAPON_PROPERTY_RANGED,ID_INTERNAL_DAMAGETYPE_PIERCING,ID_INTERNAL_WEAPON_PROPERTY_AMMUNITION,ID_INTERNAL_WEAPON_PROPERTY_RELOAD,ID_RDDT_AA_WEAPON_PROPERTY_LONGARMS,ID_INTERNAL_WEAPON_PROPERTY_TWOHANDED,ID_INTERNAL_WEAPON_PROPERTY_HEAVY,ID_INTERNAL_WEAPON_PROPERTY_SCATTER,ID_RDDT_AA_WEAPON_GROUP_CROSSBOWS 
		</supports>
		<description>
			<p>Ammunition (range 30/60), Heavy, Two-Handed, Scatter (1d6), Reload 6</p>
		</description>
		<setters>
			<set name="category">Arcane Artillery</set>
			<set name="cost" currency="gp">400</set>
			<set name="weight" lb="21">21 lb.</set>
			<set name="slot">twohand</set>
			<set name="range">30/60</set>
			<set name="damage" type="piercing">1d12</set>
			<set name="reload">6</set>
			<set name="scatter">1d6</set>
			<set name="proficiency">ID_PROFICIENCY_WEAPON_PROFICIENCY_CROSSBOW_HEAVY</set>
		</setters>
	</element>
	
	<element name="Automatic Pistol" type="Weapon" source="Arcane Artillery" id="ID_RDDT_AA_WEAPON_AUTOMATIC_PISTOL">
		<supports>ID_INTERNAL_WEAPON_CATEGORY_FIREARM,ID_INTERNAL_WEAPON_CATEGORY_MARTIAL_RANGED,ID_INTERNAL_WEAPON_PROPERTY_RANGED,ID_INTERNAL_DAMAGETYPE_PIERCING,ID_INTERNAL_WEAPON_PROPERTY_AMMUNITION,ID_INTERNAL_WEAPON_PROPERTY_RELOAD,ID_RDDT_AA_WEAPON_PROPERTY_SIDEARMS, ID_INTERNAL_WEAPON_PROPERTY_LIGHT,ID_RDDT_AA_WEAPON_PROPERTY_AUTOMATIC, ID_RDDT_AA_WEAPON_GROUP_FIREARMS
		</supports>
		<description>
			<p>Ammunition (range 40/120), Light, Reload 24, Automatic (6d4)</p>
		</description>
		<setters>
			<set name="category">Arcane Artillery</set>
			<set name="cost" currency="gp">2100</set>
			<set name="weight" lb="3">3 lb.</set>
			<set name="slot">onehand</set>
			<set name="range">40/120</set>
			<set name="damage" type="piercing">2d4</set>
			<set name="reload">24</set>
			<set name="automatic">6d4</set>
			<set name="proficiency">ID_RDDT_AA_PROFICIENCY_WEAPON_PROFICIENCY_AUTO_PISTOL</set>
		</setters>
	</element>
	
	<element name="Burst Pistol" type="Weapon" source="Arcane Artillery" id="ID_RDDT_AA_WEAPON_BURST_PISTOL">
		<supports>ID_INTERNAL_WEAPON_CATEGORY_FIREARM,ID_INTERNAL_WEAPON_CATEGORY_MARTIAL_RANGED,ID_INTERNAL_WEAPON_PROPERTY_RANGED,ID_INTERNAL_DAMAGETYPE_PIERCING,ID_INTERNAL_WEAPON_PROPERTY_AMMUNITION,ID_INTERNAL_WEAPON_PROPERTY_RELOAD,ID_RDDT_AA_WEAPON_PROPERTY_SIDEARMS, ID_INTERNAL_WEAPON_PROPERTY_LIGHT,ID_RDDT_AA_WEAPON_PROPERTY_BURSTFIRE, ID_RDDT_AA_WEAPON_GROUP_FIREARMS
		</supports>
		<description>
			<p>Ammunition (range 30/90), Light, Reload 24, Burst Fire (3d8)</p>
		</description>
		<setters>
			<set name="category">Arcane Artillery</set>
			<set name="cost" currency="gp">2100</set>
			<set name="weight" lb="3">3 lb.</set>
			<set name="slot">onehand</set>
			<set name="range">30/90</set>
			<set name="damage" type="piercing">1d8</set>
			<set name="reload">24</set>
			<set name="burst">3d8</set>
			<set name="proficiency">ID_RDDT_AA_PROFICIENCY_WEAPON_PROFICIENCY_BURST_PISTOL</set>
		</setters>
	</element>
	
	<element name="Revolver" type="Weapon" source="Arcane Artillery" id="ID_RDDT_AA_WEAPON_REVOLVER">
		<supports>ID_INTERNAL_WEAPON_CATEGORY_FIREARM,ID_INTERNAL_WEAPON_CATEGORY_MARTIAL_RANGED,ID_INTERNAL_WEAPON_PROPERTY_RANGED,ID_INTERNAL_DAMAGETYPE_PIERCING,ID_INTERNAL_WEAPON_PROPERTY_AMMUNITION,ID_INTERNAL_WEAPON_PROPERTY_RELOAD,ID_RDDT_AA_WEAPON_PROPERTY_SIDEARMS, ID_INTERNAL_WEAPON_PROPERTY_LIGHT, ID_RDDT_AA_WEAPON_GROUP_FIREARMS
		</supports>
		<description>
			<p>Ammunition (range 50/180), Light, Reload 6</p>
		</description>
		<setters>
			<set name="category">Arcane Artillery</set>
			<set name="cost" currency="gp">2200</set>
			<set name="weight" lb="3">3 lb.</set>
			<set name="slot">onehand</set>
			<set name="range">50/180</set>
			<set name="damage" type="piercing">1d8</set>
			<set name="reload">6</set>
			<set name="proficiency">ID_RDDT_AA_PROFICIENCY_WEAPON_PROFICIENCY_REVOLVER</set>
		</setters>
	</element>
	
	<element name="Hand Cannon" type="Weapon" source="Arcane Artillery" id="ID_RDDT_AA_WEAPON_HAND_CANNON">
		<supports>ID_INTERNAL_WEAPON_CATEGORY_FIREARM,ID_INTERNAL_WEAPON_CATEGORY_MARTIAL_RANGED,ID_INTERNAL_WEAPON_PROPERTY_RANGED,ID_INTERNAL_DAMAGETYPE_PIERCING,ID_INTERNAL_WEAPON_PROPERTY_AMMUNITION,ID_INTERNAL_WEAPON_PROPERTY_RELOAD,ID_RDDT_AA_WEAPON_PROPERTY_SIDEARMS, ID_RDDT_AA_WEAPON_GROUP_FIREARMS
		</supports>
		<description>
			<p>Ammunition (range 60/200), Reload 6</p>
		</description>
		<setters>
			<set name="category">Arcane Artillery</set>
			<set name="cost" currency="gp">2700</set>
			<set name="weight" lb="4">4 lb.</set>
			<set name="slot">onehand</set>
			<set name="range">60/200</set>
			<set name="damage" type="piercing">1d10</set>
			<set name="reload">6</set>
			<set name="proficiency">ID_RDDT_AA_PROFICIENCY_WEAPON_PROFICIENCY_HAND_CANNON</set>
		</setters>
	</element>
	
	
	<element name="Automatic Rifle" type="Weapon" source="Arcane Artillery" id="ID_RDDT_AA_WEAPON_AUTOMATIC_RIFLE">
		<supports>ID_INTERNAL_WEAPON_CATEGORY_FIREARM,ID_INTERNAL_WEAPON_CATEGORY_MARTIAL_RANGED,ID_INTERNAL_WEAPON_PROPERTY_RANGED,ID_INTERNAL_DAMAGETYPE_PIERCING,ID_INTERNAL_WEAPON_PROPERTY_AMMUNITION,ID_INTERNAL_WEAPON_PROPERTY_RELOAD,ID_RDDT_AA_WEAPON_PROPERTY_LONGARMS,ID_RDDT_AA_WEAPON_PROPERTY_AUTOMATIC,ID_INTERNAL_WEAPON_PROPERTY_TWOHANDED, ID_RDDT_AA_WEAPON_GROUP_FIREARMS
		</supports>
		<description>
			<p>Ammunition (range 90/300), Two-Handed, Reload 30, Automatic (6d6)</p>
		</description>
		<setters>
			<set name="category">Arcane Artillery</set>
			<set name="cost" currency="gp">3500</set>
			<set name="weight" lb="8">8 lb.</set>
			<set name="slot">twohand</set>
			<set name="range">90/300</set>
			<set name="damage" type="piercing">2d6</set>
			<set name="reload">30</set>
			<set name="automatic">6d6</set>
			<set name="proficiency">ID_RDDT_AA_PROFICIENCY_WEAPON_PROFICIENCY_AUTOMATIC_RIFLE</set>
		</setters>
	</element>
	
	<element name="Burst Rifle" type="Weapon" source="Arcane Artillery" id="ID_RDDT_AA_WEAPON_BURST_RIFLE">
		<supports>ID_INTERNAL_WEAPON_CATEGORY_FIREARM,ID_INTERNAL_WEAPON_CATEGORY_MARTIAL_RANGED,ID_INTERNAL_WEAPON_PROPERTY_RANGED,ID_INTERNAL_DAMAGETYPE_PIERCING,ID_INTERNAL_WEAPON_PROPERTY_AMMUNITION,ID_INTERNAL_WEAPON_PROPERTY_RELOAD,ID_RDDT_AA_WEAPON_PROPERTY_LONGARMS,ID_INTERNAL_WEAPON_PROPERTY_TWOHANDED,ID_RDDT_AA_WEAPON_PROPERTY_BURSTFIRE, ID_RDDT_AA_WEAPON_GROUP_FIREARMS
		</supports>
		<description>
			<p>Ammunition (range 90/300), Two-Handed, Reload 24, Burst Fire (3d12)</p>
		</description>
		<setters>
			<set name="category">Arcane Artillery</set>
			<set name="cost" currency="gp">3500</set>
			<set name="weight" lb="8">8 lb.</set>
			<set name="slot">twohand</set>
			<set name="range">90/300</set>
			<set name="damage" type="piercing">1d12</set>
			<set name="reload">24</set>
			<set name="burst">3d12</set>
			<set name="proficiency">ID_RDDT_AA_PROFICIENCY_WEAPON_PROFICIENCY_BURST_RIFLE</set>
		</setters>
	</element>
	
	<element name="Double Barrel Shotgun" type="Weapon" source="Arcane Artillery" id="ID_RDDT_AA_WEAPON_DOUBLE_BARREL_SHOTGUN">
		<supports>ID_INTERNAL_WEAPON_CATEGORY_FIREARM,ID_INTERNAL_WEAPON_CATEGORY_MARTIAL_RANGED,ID_INTERNAL_WEAPON_PROPERTY_RANGED,ID_INTERNAL_DAMAGETYPE_BLUDGEONING,ID_INTERNAL_WEAPON_PROPERTY_AMMUNITION,ID_INTERNAL_WEAPON_PROPERTY_LOADING,ID_INTERNAL_WEAPON_PROPERTY_TWOHANDED,ID_RDDT_AA_WEAPON_PROPERTY_LONGARMS,ID_INTERNAL_WEAPON_PROPERTY_SCATTER, ID_RDDT_AA_WEAPON_GROUP_FIREARMS
		</supports>
		<description>
			<p>Ammunition (range 90/300), Two-Handed, Scatter (1d8), Loading, Special</p>
			<h5>Double Barrel Shotgun Special Rules</h5>
			<p>Double Barrel shotguns can be fired twice per attack. When you make an attack roll with a double barrel shotgun, you can make two attack rolls at the same creature. The second attack roll is made with disadvantage, and on a hit, you do not add your ability score modifier to the damage of that attack, unless your modifier is negative.</p>
		</description>
		<setters>
			<set name="category">Arcane Artillery</set>
			<set name="cost" currency="gp">2400</set>
			<set name="weight" lb="11">11 lb.</set>
			<set name="slot">twohand</set>
			<set name="range">90/300</set>
			<set name="damage">4d10 bludgeoning</set>
			<set name="scatter">1d8</set>
			<set name="proficiency">ID_RDDT_AA_PROFICIENCY_WEAPON_PROFICIENCY_DOUBLE_BARREL_SHOTGUN</set>
		</setters>
	</element>
	
	<element name="Anti-Material Rifle" type="Weapon" source="Arcane Artillery" id="ID_RDDT_AA_WEAPON_ANTIMATERIAL_RIFLE">
		<supports>ID_INTERNAL_WEAPON_CATEGORY_FIREARM,ID_INTERNAL_WEAPON_CATEGORY_MARTIAL_RANGED,ID_INTERNAL_WEAPON_PROPERTY_RANGED,ID_INTERNAL_DAMAGETYPE_PIERCING,ID_INTERNAL_WEAPON_PROPERTY_AMMUNITION,ID_INTERNAL_WEAPON_PROPERTY_LOADING,ID_INTERNAL_WEAPON_PROPERTY_TWOHANDED,ID_RDDT_AA_WEAPON_PROPERTY_LONGARMS,ID_INTERNAL_WEAPON_PROPERTY_HEAVY, ID_RDDT_AA_WEAPON_GROUP_FIREARMS
		</supports>
		<description>
			<p>Ammunition (range 300/1800), Two-Handed, Loading, Heavy </p>
		</description>
		<setters>
			<set name="category">Arcane Artillery</set>
			<set name="cost" currency="gp">4500</set>
			<set name="weight" lb="18">18 lb.</set>
			<set name="slot">twohand</set>
			<set name="range">300/1800</set>
			<set name="damage" type="piercing">3d12</set>
			<set name="proficiency">ID_RDDT_AA_PROFICIENCY_WEAPON_PROFICIENCY_ANTI_MATERIAL_RIFLE</set>
		</setters>
	</element>
	
	<element name="Shoulder Cannon" type="Weapon" source="Arcane Artillery" id="ID_RDDT_AA_WEAPON_SHOULDER_CANNON">
		<supports>ID_INTERNAL_WEAPON_CATEGORY_FIREARM,ID_INTERNAL_WEAPON_CATEGORY_MARTIAL_RANGED,ID_INTERNAL_WEAPON_PROPERTY_RANGED,ID_INTERNAL_DAMAGETYPE_BLUDGEONING,ID_INTERNAL_WEAPON_PROPERTY_AMMUNITION,ID_INTERNAL_WEAPON_PROPERTY_LOADING,ID_RDDT_AA_WEAPON_PROPERTY_LONGARMS,ID_INTERNAL_WEAPON_PROPERTY_TWOHANDED, ID_RDDT_AA_WEAPON_GROUP_FIREARMS
		</supports>
		<description>
			<p>Ammunition (range 60/200), Two-Handed, Loading, Bulky, Special</p>
			<h5>Shoulder Cannon Special Rules</h5>
			<p>You can make a special attack with a Shoulder Cannon that targets any creature within a 5 wide foot line out to its maximum  range. Any target in the path of this special attack must succeed a DC (8 + your Dexterity modifier + your proficiency bonus)  Strength saving throw or take it's damage roll and be knocked prone. They take half damage on a success and are not knocked  prone. Shoulder Cannons are considered siege weapons for the purposes of damage. Shoulder Cannons use a special type of  ammo known as a Mini-Cannonball, which weighs 2 lbs and costs 5gp per round.</p>
		</description>
		<setters>
			<set name="category">Arcane Artillery</set>
			<set name="cost" currency="gp">3500</set>
			<set name="weight" lb="30">30 lb.</set>
			<set name="slot">twohand</set>
			<set name="range">60/200</set>
			<set name="damage">4d10 bludgeoning</set>
			<set name="proficiency">ID_RDDT_AA_PROFICIENCY_WEAPON_PROFICIENCY_SHOULDER_CANNON</set>
		</setters>
	</element>
	
	<element name="Mini-Cannonball" type="Item" source="Arcane Artillery" id="ID_RDDT_AA_MINICANNONBALL">
		<description>
			<p>Mini-Cannonballs are used with a Shoulder Cannon to make a ranged attack.</p>
		</description>
		<setters>
			<set name="category">Ammunition</set>
			<set name="cost" currency="gp">5</set>
			<set name="weight" lb="2">2 lb.</set>
			<set name="type">Ammunition</set>
			<set name="stackable">true</set>
		</setters>
	</element>
	
	<element name="Rifleblade" type="Weapon" source="Arcane Artillery" id="ID_RDDT_AA_WEAPON_RIFLEBLADE">
		<supports>ID_INTERNAL_WEAPON_CATEGORY_FIREARM,ID_INTERNAL_WEAPON_CATEGORY_MARTIAL_RANGED,ID_INTERNAL_WEAPON_PROPERTY_RANGED,ID_INTERNAL_DAMAGETYPE_PIERCING,ID_INTERNAL_WEAPON_PROPERTY_AMMUNITION,ID_INTERNAL_WEAPON_PROPERTY_RELOAD,ID_RDDT_AA_WEAPON_PROPERTY_LONGARMS, ID_INTERNAL_WEAPON_PROPERTY_TWOHANDED, ID_RDDT_AA_WEAPON_GROUP_FIREARMS
		</supports>
		<description>
			<p>Ammunition (range 90/300), Two-Handed, Reload 6, Bayonet(1d6 Piercing/Slashing)</p>
		</description>
		<setters>
			<set name="category">Arcane Artillery</set>
			<set name="cost" currency="gp">5000</set>
			<set name="weight" lb="10">10 lb.</set>
			<set name="slot">twohand</set>
			<set name="range">90/300</set>
			<set name="damage" type="piercing">1d12</set>
			<set name="reload">6</set>
			<set name="proficiency">ID_RDDT_AA_PROFICIENCY_WEAPON_PROFICIENCY_RIFLEBLADE</set>
		</setters>
	</element>
	
	<element name="Gunlance" type="Weapon" source="Arcane Artillery" id="ID_RDDT_AA_WEAPON_GUNLANCE">
		<supports>ID_INTERNAL_WEAPON_CATEGORY_FIREARM,ID_INTERNAL_WEAPON_CATEGORY_MARTIAL_RANGED,ID_INTERNAL_WEAPON_PROPERTY_RANGED,ID_INTERNAL_DAMAGETYPE_PIERCING,ID_INTERNAL_WEAPON_PROPERTY_AMMUNITION,ID_INTERNAL_WEAPON_PROPERTY_RELOAD,ID_RDDT_AA_WEAPON_PROPERTY_LONGARMS,ID_INTERNAL_WEAPON_PROPERTY_TWOHANDED, ID_RDDT_AA_WEAPON_GROUP_FIREARMS
		</supports>
		<description>
			<p>Ammunition (range 70/230), Two-Handed, Reload 6, Bayonet(1d12 Piercing, Reach), Special</p>
			<h5>Gunlance Special Rules</h5>
			<p>You have disadvantage when you use the lance to attack a target within 5 feet of you. You can wield the lance one handed when mounted.</p>
		</description>
		<setters>
			<set name="category">Arcane Artillery</set>
			<set name="cost" currency="gp">6000</set>
			<set name="weight" lb="16">16 lb.</set>
			<set name="slot">twohand</set>
			<set name="range">70/230</set>
			<set name="damage" type="piercing">2d6</set>
			<set name="reload">6</set>
			<set name="proficiency">ID_RDDT_AA_PROFICIENCY_WEAPON_PROFICIENCY_GUNLANCE</set>
		</setters>
	</element>
	
	<element name="Nock Gun" type="Weapon" source="Arcane Artillery" id="ID_RDDT_AA_WEAPON_NOCK_GUN">
		<supports>ID_INTERNAL_WEAPON_CATEGORY_FIREARM,ID_INTERNAL_WEAPON_CATEGORY_MARTIAL_RANGED,ID_INTERNAL_WEAPON_PROPERTY_RANGED,ID_INTERNAL_DAMAGETYPE_PIERCING,ID_INTERNAL_WEAPON_PROPERTY_AMMUNITION,ID_RDDT_AA_WEAPON_PROPERTY_LONGARMS,ID_INTERNAL_WEAPON_PROPERTY_TWOHANDED, ID_RDDT_AA_WEAPON_GROUP_FIREARMS
		</supports>
		<description>
			<p>Ammunition (range 70/210), Two-Handed, Loading, Special</p>
			<h5>Nock Gun Special Rules</h5>
			<p>You can use your action to fire all 7 barrels of this gun at once. Make an attack roll with disadvantage. If you succeed, roll 7d12 damage. This attack deals 7d4 bludgeoning damage to you and forces you to succeed a DC 10 Strength saving throw or be knocked prone.</p>
		</description>
		<setters>
			<set name="category">Arcane Artillery</set>
			<set name="cost" currency="gp">5500</set>
			<set name="weight" lb="20">20 lb.</set>
			<set name="slot">twohand</set>
			<set name="range">70/210</set>
			<set name="damage" type="piercing">1d12</set>
			<set name="proficiency">ID_RDDT_AA_PROFICIENCY_WEAPON_PROFICIENCY_NOCK_GUN</set>
		</setters>
	</element>
	
	<element name="Musketball (20)" type="Item" source="Arcane Artillery" id="ID_RDDT_AA_MUSKETBALL">
		<description>
			<p>Musketballs are used in primitive firearms without the scatter property.</p>
		</description>
		<setters>
			<set name="category">Ammunition</set>
			<set name="cost" currency="gp">2</set>
			<set name="weight" lb="1">1 lb.</set>
			<set name="type">Ammunition</set>
			<set name="stackable">true</set>
		</setters>
	</element>
	
	<element name="Musketball" type="Item" source="Arcane Artillery" id="ID_RDDT_AA_MUSKETBALL">
		<description>
			<p>Musketballs are used in primitive firearms without the scatter property.</p>
		</description>
		<setters>
			<set name="category">Ammunition</set>
			<set name="cost" currency="sp">1</set>
			<set name="weight" lb="0.05">1/20 lb.</set>
			<set name="type">Ammunition</set>
			<set name="stackable">true</set>
		</setters>
	</element>
	
	<element name="Spreadshot" type="Item" source="Arcane Artillery" id="ID_RDDT_AA_SPREADSHOT">
		<description>
			<p>Spreadshot is used in blunderbusses.</p>
		</description>
		<setters>
			<set name="category">Ammunition</set>
			<set name="cost" currency="sp">1</set>
			<set name="weight" lb="0.05">1/20 lb.</set>
			<set name="type">Ammunition</set>
			<set name="stackable">true</set>
		</setters>
	</element>
	
	<element name="Cartridge" type="Item" source="Arcane Artillery" id="ID_RDDT_AA_CARTRIDGE">
		<description>
			<p>Cartridges are used in advanced firearms without the scatter property.</p>
		</description>
		<setters>
			<set name="category">Ammunition</set>
			<set name="cost" currency="sp">3</set>
			<set name="weight" lb="0.1">1/10 lb.</set>
			<set name="type">Ammunition</set>
			<set name="stackable">true</set>
		</setters>
	</element>
	
	<element name="Buckshot" type="Item" source="Arcane Artillery" id="ID_RDDT_AA_BUCKSHOT">
		<description>
			<p>Buckshot is used in shotguns.</p>
		</description>
		<setters>
			<set name="category">Ammunition</set>
			<set name="cost" currency="sp">1</set>
			<set name="weight" lb="0.1">1/10 lb.</set>
			<set name="type">Ammunition</set>
			<set name="stackable">true</set>
		</setters>
	</element>
	
	<element name="Slug" type="Item" source="Arcane Artillery" id="ID_RDDT_AA_SLUG">
		<description>
			<p>Slugs are used in shotguns. Removes the scatter property - functions like cartridge rounds.</p>
		</description>
		<setters>
			<set name="category">Ammunition</set>
			<set name="cost" currency="sp">3</set>
			<set name="weight" lb="0.3">3/10 lb.</set>
			<set name="type">Ammunition</set>
			<set name="stackable">true</set>
		</setters>
	</element>
	
</elements>