<?xml version="1.0" encoding="utf-8" ?>
<elements>
	<info>
		<name>Infrastructure</name>
		<update version="0.0.2">
			<file name="infra.xml" url="https://raw.githubusercontent.com/community-elements/elements-reddit/master/reddit/reddit-unearthed-arcana/arcane-artillery/infra.xml" />
		</update>
	</info>

	<element name="Arcane Artillery" type="Source" source="Arcane Artillery" id="ID_RDDT_AA_SOURCE_ARCANEARTILLERY">
		<description>
			<p>The gun nut’s guide for 5th edition.</p>
		</description>
		<setters>
			<set name="abbreviation">AA</set>
			<set name="url">https://www.reddit.com/r/UnearthedArcana/comments/73wjd5/arcane_artillery_the_complete_collection_guns_in/</set>
			<set name="image">https://i.redd.it/bbrm9s902ipz.png</set>
			<set name="author" url="https://www.reddit.com/u/ZowJr">/u/ZowJr</set>
			<set name="homebrew">true</set>
		</setters>
	</element>

	<!-- grant this in the class, for use in requirements for rules -->
	<element name="Arcane Artillery Requirement" type="Grants" source="Arcane Artillery" id="ID_RDDT_AA_GRANTS_ARCANEARTILLERY_REQUIREMENT" />

	<!-- weapon properties -->
	<element name="Misfire" type="Weapon Property" source="Arcane Artillery" id="ID_RDDT_AA_WEAPON_PROPERTY_MISFIRE">
		<description>
			<p>Misfire (Optional Rule). This rule is made only for games where firearms are prominent and you wish to emphasize inferiority of Primitive Firearms. These rules only apply to them in this instance. If you make an attack roll and the roll matches or is lower than a firearm's misfire number, (such as 2, for example), your gun jams. You cannot make an attack with it again until you spend an action to clear the chamber. Your firearm's misfire number then goes up by 1, to a maximum of 5. You can spend 1 minute and make a DC 10 + your firearm's misfire number Dexterity(Tinker's tools) or Intelligence(Tinker's tools) check to reduce your gun's misfire number by 1, to a minimum of its original misfire number.</p>
		</description>
	</element>
	<element name="Scatter" type="Weapon Property" source="Arcane Artillery" id="ID_RDDT_AA_WEAPON_PROPERTY_SCATTER">
		<description>
			<p>Scatter. Firearms with the scatter property have two types of damage, a regular damage roll and a scatter damage roll. When you hit a creature with a firearm that has the scatter property, creatures within 5 feet of the target take scatter damage if the attack would hit them. The original target does not take this damage. You gain resistance to the scatter damage dealt from your firearm attacks.</p>
		</description>
	</element>
	<element name="Automatic" type="Weapon Property" source="Arcane Artillery" id="ID_RDDT_AA_WEAPON_PROPERTY_AUTOMATIC">
		<description>
			<p>Automatic firearms can make a separate attack that releases a salvo of bullets per pull of the trigger. As an action, you can force any creatures of your choice in a 25-foot square centered on a point within your firearm's maximum range to make a Dexterity saving throw, taking the gun's automatic damage (listed in parenthesis) on a failed save, and half that damage on a success. This action subtracts 10 rounds from your gun. You can use this action only if you have the ammunition available to do so. Firearms with the automatic property always expend six ammunition per attack. Automatic Save DC (Proficient) = 8 + Dexterity modifier Automatic Save DC (Proficient) = 8 + Dexterity modifier + Proficiency Bonus</p>
		</description>
	</element>
	<element name="Burst Fire" type="Weapon Property" source="Arcane Artillery" id="ID_RDDT_AA_WEAPON_PROPERTY_BURSTFIRE">
		<description>
			<p>Burst Fire. Burst fire firearms are able to make a special attack that releases a stream of multiple bullets. As an action, you can force up to 6 creatures of your choice in a 15-foot square centered on a point within your gun's maximum range to make a Dexterity saving throw, taking your gun's burst fire damage (listed in parenthesis) on a failed save, and half that damage on a success. This action subtracts 6 rounds from your gun. You can use this action only if you have the ammunition available to do so. Additionally, guns with the burst fire property always expend 3 rounds per attack. Burst Fire Save DC (Not Proficient) = 8 + Dexterity modifier Burst Fire Save DC (Proficient) = 8 + Dexterity modifier + Proficiency Bonus</p>
		</description>
	</element>
	<element name="Reload" type="Weapon Property" source="Arcane Artillery" id="ID_RDDT_AA_WEAPON_PROPERTY_RELOAD">
		<description>
			<p>Reload. Some ranged weapons can be fired a number of times before they must be reloaded. Ranged weapons with the reload property take an action (player's choice) to reload its ammunition. If you wield two light ranged weapons with the reload property, you can reload them both at once as an action during your turn.</p>
		</description>
	</element>
	<element name="Primitive Guns (Optional Rule)" type="Weapon Property" source="Arcane Artillery" id="ID_RDDT_AA_WEAPON_PROPERTY_PRIMITIVEGUNS">
		<description>
			<p>Primitive Guns (Optional Rule). In games where firearms are prominent, you can use this optional rule. Primitive Firearms are not properly built for combat. If you make more than two attacks with these weapons on your turn, the firearm's misfire number goes up by 1, to a maximum of 10.</p>
		</description>
	</element>
	<element name="Sidearms" type="Weapon Property" source="Arcane Artillery" id="ID_RDDT_AA_WEAPON_PROPERTY_SIDEARMS" />
	<element name="Longarms" type="Weapon Property" source="Arcane Artillery" id="ID_RDDT_AA_WEAPON_PROPERTY_LONGARMS" />

	<!-- proficiencies -->
	<element name="Weapon Proficiency (Sidearms)" type="Proficiency" source="Arcane Artillery" id="ID_RDDT_AA_PROFICIENCY_WEAPON_PROFICIENCY_SIDEARMS">
		<supports>Weapon, Ranged, Sidearms</supports>
		<requirements>ID_RDDT_AA_GRANTS_ARCANEARTILLERY_REQUIREMENT</requirements>
		<rules>
			<grant type="Proficiency" id="ID_RDDT_AA_PROFICIENCY_WEAPON_PROFICIENCY_FLINTLOCKPISTOLS" />
			<grant type="Proficiency" id="ID_RDDT_AA_PROFICIENCY_WEAPON_PROFICIENCY_DRAGOONS" />
			<grant type="Proficiency" id="ID_RDDT_AA_PROFICIENCY_WEAPON_PROFICIENCY_PEPPERBOX" />
			
			<grant type="Proficiency" id="ID_RDDT_AA_PROFICIENCY_WEAPON_PROFICIENCY_PISTOLS" />
			<grant type="Proficiency" id="ID_RDDT_AA_PROFICIENCY_WEAPON_PROFICIENCY_HEAVY_PISTOL" />
			<grant type="Proficiency" id="ID_RDDT_AA_PROFICIENCY_WEAPON_PROFICIENCY_SAWNOFFSHOTGUNS" />
			
			<grant type="Proficiency" id="ID_RDDT_AA_PROFICIENCY_WEAPON_PROFICIENCY_AUTO_PISTOL" />
			<grant type="Proficiency" id="ID_RDDT_AA_PROFICIENCY_WEAPON_PROFICIENCY_BURST_PISTOL" />
			<grant type="Proficiency" id="ID_RDDT_AA_PROFICIENCY_WEAPON_PROFICIENCY_REVOLVER" />
			<grant type="Proficiency" id="ID_RDDT_AA_PROFICIENCY_WEAPON_PROFICIENCY_HAND_CANNON" />

		</rules>
	</element>
	<element name="Weapon Proficiency (Longarms)" type="Proficiency" source="Arcane Artillery" id="ID_RDDT_AA_PROFICIENCY_WEAPON_PROFICIENCY_LONGARMS">
		<supports>Weapon, Ranged, Longarms</supports>
		<requirements>ID_RDDT_AA_GRANTS_ARCANEARTILLERY_REQUIREMENT</requirements>
		<rules>
			<grant type="Proficiency" id="ID_RDDT_AA_PROFICIENCY_WEAPON_PROFICIENCY_MUSKET" />
			<grant type="Proficiency" id="ID_RDDT_AA_PROFICIENCY_WEAPON_PROFICIENCY_ARQUEBUS" />
			<grant type="Proficiency" id="ID_RDDT_AA_PROFICIENCY_WEAPON_PROFICIENCY_BLUNDERBUSS" />
			<grant type="Proficiency" id="ID_RDDT_AA_PROFICIENCY_WEAPON_PROFICIENCY_WHEELLOCKGUNS" />
			
			<grant type="Proficiency" id="ID_RDDT_AA_PROFICIENCY_WEAPON_PROFICIENCY_RIFLES" />
			<grant type="Proficiency" id="ID_RDDT_AA_PROFICIENCY_WEAPON_PROFICIENCY_CARBINES" />
			<grant type="Proficiency" id="ID_RDDT_AA_PROFICIENCY_WEAPON_PROFICIENCY_SHOTGUNS" />
			<grant type="Proficiency" id="ID_RDDT_AA_PROFICIENCY_WEAPON_PROFICIENCY_HEAVY_RIFLE"/>
			<grant type="Proficiency" id="ID_RDDT_AA_PROFICIENCY_WEAPON_PROFICIENCY_RIFLES" />
			
			<grant type="Proficiency" id="ID_RDDT_AA_PROFICIENCY_WEAPON_PROFICIENCY_AUTOMATIC_RIFLE" />
			<grant type="Proficiency" id="ID_RDDT_AA_PROFICIENCY_WEAPON_PROFICIENCY_BURST_RIFLE" />
			<grant type="Proficiency" id="ID_RDDT_AA_PROFICIENCY_WEAPON_PROFICIENCY_DOUBLE_BARREL_SHOTGUN" />
			<grant type="Proficiency" id="ID_RDDT_AA_PROFICIENCY_WEAPON_PROFICIENCY_ANTI_MATERIAL_RIFLE" />
			<grant type="Proficiency" id="ID_RDDT_AA_PROFICIENCY_WEAPON_PROFICIENCY_SHOULDER_CANNON" />
			<grant type="Proficiency" id="ID_RDDT_AA_PROFICIENCY_WEAPON_PROFICIENCY_RIFLEBLADE" />
			<grant type="Proficiency" id="ID_RDDT_AA_PROFICIENCY_WEAPON_PROFICIENCY_GUNLANCE" />
			<grant type="Proficiency" id="ID_RDDT_AA_PROFICIENCY_WEAPON_PROFICIENCY_NOCK_GUN" />
		</rules>
	</element>

	<!-- primitive -->
	<!-- sidearms -->
	<element name="Weapon Proficiency (Flintlock Pistol)" type="Proficiency" source="Arcane Artillery" id="ID_RDDT_AA_PROFICIENCY_WEAPON_PROFICIENCY_FLINTLOCKPISTOLS">
		<supports>Weapon, Ranged, ID_RDDT_AA_WEAPON_GROUP_FLINTLOCKPISTOLS</supports>
		<requirements>ID_RDDT_AA_GRANTS_ARCANEARTILLERY_REQUIREMENT</requirements>
	</element>
	<element name="Weapon Proficiency (Dragoon)" type="Proficiency" source="Arcane Artillery" id="ID_RDDT_AA_PROFICIENCY_WEAPON_PROFICIENCY_DRAGOONS">
		<supports>Weapon, Ranged, ID_RDDT_AA_WEAPON_GROUP_DRAGOONS</supports>
		<requirements>ID_RDDT_AA_GRANTS_ARCANEARTILLERY_REQUIREMENT</requirements>
	</element>
	<element name="Weapon Proficiency (Pepperbox)" type="Proficiency" source="Arcane Artillery" id="ID_RDDT_AA_PROFICIENCY_WEAPON_PROFICIENCY_PEPPERBOX">
		<supports>Weapon, Ranged</supports>
		<requirements>ID_RDDT_AA_GRANTS_ARCANEARTILLERY_REQUIREMENT</requirements>
	</element>
	<!-- longarms -->
	<element name="Weapon Proficiency (Musket)" type="Proficiency" source="Arcane Artillery" id="ID_RDDT_AA_PROFICIENCY_WEAPON_PROFICIENCY_MUSKET">
		<supports>Weapon, Ranged, ID_RDDT_AA_WEAPON_GROUP_MUSKETS</supports>
		<requirements>ID_RDDT_AA_GRANTS_ARCANEARTILLERY_REQUIREMENT</requirements>
	</element>
	<element name="Weapon Proficiency (Arquebus)" type="Proficiency" source="Arcane Artillery" id="ID_RDDT_AA_PROFICIENCY_WEAPON_PROFICIENCY_ARQUEBUS">
		<supports>Weapon, Ranged</supports>
		<requirements>ID_RDDT_AA_GRANTS_ARCANEARTILLERY_REQUIREMENT</requirements>
	</element>
	<element name="Weapon Proficiency (Blunderbuss)" type="Proficiency" source="Arcane Artillery" id="ID_RDDT_AA_PROFICIENCY_WEAPON_PROFICIENCY_BLUNDERBUSS">
		<supports>Weapon, Ranged</supports>
		<requirements>ID_RDDT_AA_GRANTS_ARCANEARTILLERY_REQUIREMENT</requirements>
	</element>
	<element name="Weapon Proficiency (Wheellock Gun)" type="Proficiency" source="Arcane Artillery" id="ID_RDDT_AA_PROFICIENCY_WEAPON_PROFICIENCY_WHEELLOCKGUNS">
		<supports>Weapon, Ranged, ID_RDDT_AA_WEAPON_GROUP_WHEELLOCKGUNS</supports>
		<requirements>ID_RDDT_AA_GRANTS_ARCANEARTILLERY_REQUIREMENT</requirements>
	</element>

	<!-- others -->
	<element name="Weapon Proficiency (Pistol)" type="Proficiency" source="Arcane Artillery" id="ID_RDDT_AA_PROFICIENCY_WEAPON_PROFICIENCY_PISTOLS">
		<supports>Weapon, Ranged, ID_RDDT_AA_WEAPON_GROUP_PISTOLS</supports>
		<requirements>ID_RDDT_AA_GRANTS_ARCANEARTILLERY_REQUIREMENT</requirements>
	</element>
	<element name="Weapon Proficiency (Heavy Pistol)" type="Proficiency" source="Arcane Artillery" id="ID_RDDT_AA_PROFICIENCY_WEAPON_PROFICIENCY_HEAVY_PISTOL">
		<supports>Weapon, Ranged, ID_RDDT_AA_WEAPON_GROUP_PISTOLS</supports>
		<requirements>ID_RDDT_AA_GRANTS_ARCANEARTILLERY_REQUIREMENT</requirements>
	</element>
	<element name="Weapon Proficiency (Sawn-Off Shotguns)" type="Proficiency" source="Arcane Artillery" id="ID_RDDT_AA_PROFICIENCY_WEAPON_PROFICIENCY_SAWNOFFSHOTGUNS">
		<supports>Weapon, Ranged, ID_RDDT_AA_WEAPON_GROUP_SAWNOFFSHOTGUNS</supports>
		<requirements>ID_RDDT_AA_GRANTS_ARCANEARTILLERY_REQUIREMENT</requirements>
	</element>	
	<element name="Weapon Proficiency (Rifles)" type="Proficiency" source="Arcane Artillery" id="ID_RDDT_AA_PROFICIENCY_WEAPON_PROFICIENCY_RIFLES">
		<supports>Weapon, Ranged, ID_RDDT_AA_WEAPON_GROUP_RIFLES</supports>
		<requirements>ID_RDDT_AA_GRANTS_ARCANEARTILLERY_REQUIREMENT</requirements>
	</element>
	<element name="Weapon Proficiency (Carbines)" type="Proficiency" source="Arcane Artillery" id="ID_RDDT_AA_PROFICIENCY_WEAPON_PROFICIENCY_CARBINES">
		<supports>Weapon, Ranged, ID_RDDT_AA_WEAPON_GROUP_CARBINES</supports>
		<requirements>ID_RDDT_AA_GRANTS_ARCANEARTILLERY_REQUIREMENT</requirements>
	</element>
	<element name="Weapon Proficiency (Shotguns)" type="Proficiency" source="Arcane Artillery" id="ID_RDDT_AA_PROFICIENCY_WEAPON_PROFICIENCY_SHOTGUNS">
		<supports>Weapon, Ranged</supports>
		<requirements>ID_RDDT_AA_GRANTS_ARCANEARTILLERY_REQUIREMENT</requirements>
	</element>
	<element name="Weapon Proficiency (Heavy Rifle)" type="Proficiency" source="Arcane Artillery" id="ID_RDDT_AA_PROFICIENCY_WEAPON_PROFICIENCY_HEAVY_RIFLE">
		<supports>Weapon, Ranged, ID_RDDT_AA_WEAPON_GROUP_RIFLES</supports>
		<requirements>ID_RDDT_AA_GRANTS_ARCANEARTILLERY_REQUIREMENT</requirements>
	</element>

	<!-- special firearms -->
	<!-- sidearms -->
	<element name="Weapon Proficiency (Auto Pistol)" type="Proficiency" source="Arcane Artillery" id="ID_RDDT_AA_PROFICIENCY_WEAPON_PROFICIENCY_AUTO_PISTOL">
		<supports>Weapon, Ranged</supports>
		<requirements>ID_RDDT_AA_GRANTS_ARCANEARTILLERY_REQUIREMENT</requirements>
	</element>
	<element name="Weapon Proficiency (Burst Pistol)" type="Proficiency" source="Arcane Artillery" id="ID_RDDT_AA_PROFICIENCY_WEAPON_PROFICIENCY_BURST_PISTOL">
		<supports>Weapon, Ranged</supports>
		<requirements>ID_RDDT_AA_GRANTS_ARCANEARTILLERY_REQUIREMENT</requirements>
	</element>
	<element name="Weapon Proficiency (Revolver)" type="Proficiency" source="Arcane Artillery" id="ID_RDDT_AA_PROFICIENCY_WEAPON_PROFICIENCY_REVOLVER">
		<supports>Weapon, Ranged</supports>
		<requirements>ID_RDDT_AA_GRANTS_ARCANEARTILLERY_REQUIREMENT</requirements>
	</element>
	<element name="Weapon Proficiency (Hand Cannon)" type="Proficiency" source="Arcane Artillery" id="ID_RDDT_AA_PROFICIENCY_WEAPON_PROFICIENCY_HAND_CANNON">
		<supports>Weapon, Ranged</supports>
		<requirements>ID_RDDT_AA_GRANTS_ARCANEARTILLERY_REQUIREMENT</requirements>
	</element>
	<!-- longarms -->
	<element name="Weapon Proficiency (Automatic Rifle)" type="Proficiency" source="Arcane Artillery" id="ID_RDDT_AA_PROFICIENCY_WEAPON_PROFICIENCY_AUTOMATIC_RIFLE">
		<supports>Weapon, Ranged</supports>
		<requirements>ID_RDDT_AA_GRANTS_ARCANEARTILLERY_REQUIREMENT</requirements>
	</element>
	<element name="Weapon Proficiency (Burst Rifle)" type="Proficiency" source="Arcane Artillery" id="ID_RDDT_AA_PROFICIENCY_WEAPON_PROFICIENCY_BURST_RIFLE">
		<supports>Weapon, Ranged</supports>
		<requirements>ID_RDDT_AA_GRANTS_ARCANEARTILLERY_REQUIREMENT</requirements>
	</element>
	<element name="Weapon Proficiency (Double Barrel Shotgun)" type="Proficiency" source="Arcane Artillery" id="ID_RDDT_AA_PROFICIENCY_WEAPON_PROFICIENCY_DOUBLE_BARREL_SHOTGUN">
		<supports>Weapon, Ranged</supports>
		<requirements>ID_RDDT_AA_GRANTS_ARCANEARTILLERY_REQUIREMENT</requirements>
	</element>
	<element name="Weapon Proficiency (Anti-Material Rifle)" type="Proficiency" source="Arcane Artillery" id="ID_RDDT_AA_PROFICIENCY_WEAPON_PROFICIENCY_ANTI_MATERIAL_RIFLE">
		<supports>Weapon, Ranged</supports>
		<requirements>ID_RDDT_AA_GRANTS_ARCANEARTILLERY_REQUIREMENT</requirements>
	</element>
	<element name="Weapon Proficiency (Shoulder Cannon)" type="Proficiency" source="Arcane Artillery" id="ID_RDDT_AA_PROFICIENCY_WEAPON_PROFICIENCY_SHOULDER_CANNON">
		<supports>Weapon, Ranged</supports>
		<requirements>ID_RDDT_AA_GRANTS_ARCANEARTILLERY_REQUIREMENT</requirements>
	</element>
	<element name="Weapon Proficiency (Rifleblade)" type="Proficiency" source="Arcane Artillery" id="ID_RDDT_AA_PROFICIENCY_WEAPON_PROFICIENCY_RIFLEBLADE">
		<supports>Weapon, Ranged</supports>
		<requirements>ID_RDDT_AA_GRANTS_ARCANEARTILLERY_REQUIREMENT</requirements>
	</element>
	<element name="Weapon Proficiency (Gunlance)" type="Proficiency" source="Arcane Artillery" id="ID_RDDT_AA_PROFICIENCY_WEAPON_PROFICIENCY_GUNLANCE">
		<supports>Weapon, Ranged</supports>
		<requirements>ID_RDDT_AA_GRANTS_ARCANEARTILLERY_REQUIREMENT</requirements>
	</element>
	<element name="Weapon Proficiency (Nock Gun)" type="Proficiency" source="Arcane Artillery" id="ID_RDDT_AA_PROFICIENCY_WEAPON_PROFICIENCY_NOCK_GUN">
		<supports>Weapon, Ranged</supports>
		<requirements>ID_RDDT_AA_GRANTS_ARCANEARTILLERY_REQUIREMENT</requirements>
	</element>
	<element name="Weapon Proficiency (Scatter Guns)" type="Proficiency" source="Arcane Artillery" id="ID_RDDT_AA_PROFICIENCY_WEAPON_PROFICIENCY_SCATTER">
		<supports>Weapon, Ranged, ID_RDDT_AA_WEAPON_PROPERTY_SCATTER</supports>
		<requirements>ID_RDDT_AA_GRANTS_ARCANEARTILLERY_REQUIREMENT</requirements>
	</element>

	<!-- weapon groups -->
	<element name="Weapon Group (Firearms)" type="Weapon Group" source="Arcane Artillery" id="ID_RDDT_AA_WEAPON_GROUP_FIREARMS" />
	<element name="Weapon Group (Muskets)" type="Weapon Group" source="Arcane Artillery" id="ID_RDDT_AA_WEAPON_GROUP_MUSKETS" />
	<element name="Weapon Group (Rifles)" type="Weapon Group" source="Arcane Artillery" id="ID_RDDT_AA_WEAPON_GROUP_RIFLES" />
	<element name="Weapon Group (Carbines)" type="Weapon Group" source="Arcane Artillery" id="ID_RDDT_AA_WEAPON_GROUP_CARBINES" />
	<element name="Weapon Group (Pistols)" type="Weapon Group" source="Arcane Artillery" id="ID_RDDT_AA_WEAPON_GROUP_PISTOLS" />
	<element name="Weapon Group (Sawn-Off Shotguns)" type="Weapon Group" source="Arcane Artillery" id="ID_RDDT_AA_WEAPON_GROUP_SAWNOFFSHOTGUNS" />
	<element name="Weapon Group (Dragoons)" type="Weapon Group" source="Arcane Artillery" id="ID_RDDT_AA_WEAPON_GROUP_DRAGOONS" />
	<element name="Weapon Group (Flintlock Pistols)" type="Weapon Group" source="Arcane Artillery" id="ID_RDDT_AA_WEAPON_GROUP_FLINTLOCKPISTOLS" />
	<element name="Weapon Group (Wheellock Guns)" type="Weapon Group" source="Arcane Artillery" id="ID_RDDT_AA_WEAPON_GROUP_WHEELLOCKGUNS" />
	<element name="Weapon Group (Revolvers)" type="Weapon Group" source="Arcane Artillery" id="ID_RDDT_AA_WEAPON_GROUP_REVOLVERS" />

	<!-- multiclass proficiencies -->
	<append id="ID_WOTC_PHB_CLASS_BARD">
		<rules>
			<grant type="Proficiency" id="ID_RDDT_AA_PROFICIENCY_WEAPON_PROFICIENCY_SIDEARMS" requirements="ID_RDDT_AA_GRANTS_ARCANEARTILLERY_REQUIREMENT" />
			<grant type="Proficiency" id="ID_RDDT_AA_PROFICIENCY_WEAPON_PROFICIENCY_MUSKET" requirements="ID_RDDT_AA_GRANTS_ARCANEARTILLERY_REQUIREMENT" />
			<grant type="Proficiency" id="ID_RDDT_AA_PROFICIENCY_WEAPON_PROFICIENCY_RIFLES" requirements="ID_RDDT_AA_GRANTS_ARCANEARTILLERY_REQUIREMENT" />
			<grant type="Proficiency" id="ID_RDDT_AA_PROFICIENCY_WEAPON_PROFICIENCY_CARBINES" requirements="ID_RDDT_AA_GRANTS_ARCANEARTILLERY_REQUIREMENT" />
		</rules>
	</append>

	<append id="ID_WOTC_PHB_CLASS_CLERIC">
		<rules>
			<grant type="Proficiency" id="ID_RDDT_AA_PROFICIENCY_WEAPON_PROFICIENCY_SIDEARMS" requirements="ID_RDDT_AA_GRANTS_ARCANEARTILLERY_REQUIREMENT" />
			<grant type="Proficiency" id="ID_RDDT_AA_PROFICIENCY_WEAPON_PROFICIENCY_SCATTER" requirements="ID_RDDT_AA_GRANTS_ARCANEARTILLERY_REQUIREMENT" />
		</rules>
	</append>

	<append id="ID_WOTC_PHB_CLASS_FIGHTER">
		<rules>
			<grant type="Proficiency" id="ID_RDDT_AA_PROFICIENCY_WEAPON_PROFICIENCY_SIDEARMS" requirements="ID_RDDT_AA_GRANTS_ARCANEARTILLERY_REQUIREMENT" />
			<grant type="Proficiency" id="ID_RDDT_AA_PROFICIENCY_WEAPON_PROFICIENCY_LONGARMS" requirements="ID_RDDT_AA_GRANTS_ARCANEARTILLERY_REQUIREMENT" />
		</rules>
	</append>

	<append id="ID_WOTC_PHB_CLASS_MONK">
		<rules>
			<grant type="Proficiency" id="ID_RDDT_AA_PROFICIENCY_WEAPON_PROFICIENCY_SIDEARMS" requirements="ID_RDDT_AA_GRANTS_ARCANEARTILLERY_REQUIREMENT" />
		</rules>
	</append>

	<append id="ID_WOTC_PHB_CLASS_SORCERER">
		<rules>
			<grant type="Proficiency" id="ID_RDDT_AA_PROFICIENCY_WEAPON_PROFICIENCY_PISTOLS" requirements="ID_RDDT_AA_GRANTS_ARCANEARTILLERY_REQUIREMENT" />
			<grant type="Proficiency" id="ID_RDDT_AA_PROFICIENCY_WEAPON_PROFICIENCY_SAWNOFFSHOTGUNS" requirements="ID_RDDT_AA_GRANTS_ARCANEARTILLERY_REQUIREMENT" />
			<grant type="Proficiency" id="ID_RDDT_AA_PROFICIENCY_WEAPON_PROFICIENCY_DRAGOONS" requirements="ID_RDDT_AA_GRANTS_ARCANEARTILLERY_REQUIREMENT" />
			<grant type="Proficiency" id="ID_RDDT_AA_PROFICIENCY_WEAPON_PROFICIENCY_FLINTLOCKPISTOLS" requirements="ID_RDDT_AA_GRANTS_ARCANEARTILLERY_REQUIREMENT" />
		</rules>
	</append>

	<append id="ID_WOTC_PHB_CLASS_WARLOCK">
		<rules>
			<grant type="Proficiency" id="ID_RDDT_AA_PROFICIENCY_WEAPON_PROFICIENCY_PISTOLS" requirements="ID_RDDT_AA_GRANTS_ARCANEARTILLERY_REQUIREMENT" />
			<grant type="Proficiency" id="ID_RDDT_AA_PROFICIENCY_WEAPON_PROFICIENCY_SAWNOFFSHOTGUNS" requirements="ID_RDDT_AA_GRANTS_ARCANEARTILLERY_REQUIREMENT" />
			<grant type="Proficiency" id="ID_RDDT_AA_PROFICIENCY_WEAPON_PROFICIENCY_DRAGOONS" requirements="ID_RDDT_AA_GRANTS_ARCANEARTILLERY_REQUIREMENT" />
			<grant type="Proficiency" id="ID_RDDT_AA_PROFICIENCY_WEAPON_PROFICIENCY_FLINTLOCKPISTOLS" requirements="ID_RDDT_AA_GRANTS_ARCANEARTILLERY_REQUIREMENT" />
		</rules>
	</append>

	<append id="ID_WOTC_PHB_CLASS_WIZARD">
		<rules>
			<grant type="Proficiency" id="ID_RDDT_AA_PROFICIENCY_WEAPON_PROFICIENCY_PISTOLS" requirements="ID_RDDT_AA_GRANTS_ARCANEARTILLERY_REQUIREMENT" />
			<grant type="Proficiency" id="ID_RDDT_AA_PROFICIENCY_WEAPON_PROFICIENCY_SAWNOFFSHOTGUNS" requirements="ID_RDDT_AA_GRANTS_ARCANEARTILLERY_REQUIREMENT" />
			<grant type="Proficiency" id="ID_RDDT_AA_PROFICIENCY_WEAPON_PROFICIENCY_DRAGOONS" requirements="ID_RDDT_AA_GRANTS_ARCANEARTILLERY_REQUIREMENT" />
			<grant type="Proficiency" id="ID_RDDT_AA_PROFICIENCY_WEAPON_PROFICIENCY_FLINTLOCKPISTOLS" requirements="ID_RDDT_AA_GRANTS_ARCANEARTILLERY_REQUIREMENT" />
		</rules>
	</append>

	<append id="ID_WOTC_PHB_CLASS_PALADIN">
		<rules>
			<grant type="Proficiency" id="ID_RDDT_AA_PROFICIENCY_WEAPON_PROFICIENCY_SIDEARMS" requirements="ID_RDDT_AA_GRANTS_ARCANEARTILLERY_REQUIREMENT" />
			<grant type="Proficiency" id="ID_RDDT_AA_PROFICIENCY_WEAPON_PROFICIENCY_LONGARMS" requirements="ID_RDDT_AA_GRANTS_ARCANEARTILLERY_REQUIREMENT" />
		</rules>
	</append>

	<append id="ID_WOTC_PHB_CLASS_RANGER">
		<rules>
			<grant type="Proficiency" id="ID_RDDT_AA_PROFICIENCY_WEAPON_PROFICIENCY_SIDEARMS" requirements="ID_RDDT_AA_GRANTS_ARCANEARTILLERY_REQUIREMENT" />
			<grant type="Proficiency" id="ID_RDDT_AA_PROFICIENCY_WEAPON_PROFICIENCY_LONGARMS" requirements="ID_RDDT_AA_GRANTS_ARCANEARTILLERY_REQUIREMENT" />
		</rules>
	</append>

	<append id="ID_WOTC_PHB_CLASS_ROGUE">
		<rules>
			<grant type="Proficiency" id="ID_RDDT_AA_PROFICIENCY_WEAPON_PROFICIENCY_SIDEARMS" requirements="ID_RDDT_AA_GRANTS_ARCANEARTILLERY_REQUIREMENT" />
			<grant type="Proficiency" id="ID_RDDT_AA_PROFICIENCY_WEAPON_PROFICIENCY_MUSKET" requirements="ID_RDDT_AA_GRANTS_ARCANEARTILLERY_REQUIREMENT" />
			<grant type="Proficiency" id="ID_RDDT_AA_PROFICIENCY_WEAPON_PROFICIENCY_WHEELLOCKGUNS" requirements="ID_RDDT_AA_GRANTS_ARCANEARTILLERY_REQUIREMENT" />
			<grant type="Proficiency" id="ID_RDDT_AA_PROFICIENCY_WEAPON_PROFICIENCY_RIFLES" requirements="ID_RDDT_AA_GRANTS_ARCANEARTILLERY_REQUIREMENT" />
			<grant type="Proficiency" id="ID_RDDT_AA_PROFICIENCY_WEAPON_PROFICIENCY_CARBINES" requirements="ID_RDDT_AA_GRANTS_ARCANEARTILLERY_REQUIREMENT" />
		</rules>
	</append>

	<append id="ID_WOTC_UA_CLASS_ARTIFICER">
		<rules>
			<grant type="Proficiency" id="ID_RDDT_AA_PROFICIENCY_WEAPON_PROFICIENCY_SIDEARMS" requirements="ID_RDDT_AA_GRANTS_ARCANEARTILLERY_REQUIREMENT" />
			<grant type="Proficiency" id="ID_RDDT_AA_PROFICIENCY_WEAPON_PROFICIENCY_SCATTER" requirements="ID_RDDT_AA_GRANTS_ARCANEARTILLERY_REQUIREMENT" />
		</rules>
	</append>

</elements>