<?xml version="1.0" encoding="utf-8" ?>
<elements>
    <info>
        <update version="0.0.1">
            <file name="companions.xml" url="https://raw.githubusercontent.com/aurorabuilder/elements/master/supplements/descent-into-avernus/companions.xml" />
        </update>
    </info>
	<element name="Abyssal Chicken" type="Companion" source="Baldur’s Gate: Descent into Avernus" id="ID_WOTC_BGDIA_COMPANION_ABYSSAL_CHICKEN">
		<supports>Familiar,Variant Familiar</supports>
		<description>
			<p>Abyssal chickens are carnivorous, temperamental, tasty bottom-feeders native to the Abyss. They beat their leathery wings to scare predators and to help them run faster, and they taste like fatty chicken.</p>
			<p class="indent">With your permission, a character who casts the find familiar spell can henceforth choose to conjure an abyssal chicken instead of a raven.</p>
        </description>
		<setters>
			<set name="strength">6</set>
			<set name="dexterity">14</set>
			<set name="constitution">13</set>
			<set name="intelligence">4</set>
			<set name="wisdom">9</set>
			<set name="charisma">5</set>
			<set name="ac">13 (natural armor)</set>
			<set name="hp">10 (3d4+3)</set>
			<set name="speed">30 ft., fly 30 ft. (see bad flier below)</set>
			<set name="languages">understands Abyssal but can't speak</set>
			<set name="senses">blindsight 30ft. (blind beyond this radius), passive Perception 9</set>
			<set name="type">Fiend</set>
			<set name="size">Tiny</set>
			<set name="alignment">chaotic evil</set>
			<set name="challenge">1/4</set>
			<set name="traits">ID_WOTC_BGDIA_COMPANION_TRAIT_ABYSSAL_CHICKEN_BAD_FLIER</set>
			<set name="actions">ID_WOTC_BGDIA_COMPANION_ACTION_ABYSSAL_CHICKEN_MULTIATTACK,ID_WOTC_BGDIA_COMPANION_ACTION_ABYSSAL_CHICKEN_BITE,ID_WOTC_BGDIA_COMPANION_ACTION_ABYSSAL_CHICKEN_CLAWS</set>
		</setters>
		<rules>
			<stat name="companion:ac" value="13" />
			<stat name="companion:hp:max" value="10" bonus="base" />
			<stat name="companion:speed" value="30" bonus="base" />
			<stat name="companion:speed:fly" value="30" bonus="base" />
		</rules>
	</element>
	<element name="Bad Flier" type="Companion Trait" source="Baldur’s Gate: Descent into Avernus" id="ID_WOTC_BGDIA_COMPANION_TRAIT_ABYSSAL_CHICKEN_BAD_FLIER">
		<description>
			<p>The abyssal chicken falls at the end of a turn if it's airborne and the only thing holding it aloft is its flying speed.</p>
		</description>
		<sheet>
			<description>The abyssal chicken falls at the end of a turn if it's airborne and the only thing holding it aloft is its flying speed.</description>
		</sheet>
	</element>
	<element name="Multiattack" type="Companion Action" source="Baldur’s Gate: Descent into Avernus" id="ID_WOTC_BGDIA_COMPANION_ACTION_ABYSSAL_CHICKEN_MULTIATTACK">
		<description>
			<p>The abyssal chicken makes two attacks: one with its bite and one with its claws.</p>
		</description>
		<sheet>
			<description>The abyssal chicken makes two attacks: one with its bite and one with its claws.</description>
		</sheet>
	</element>
	<element name="Bite" type="Companion Action" source="Baldur’s Gate: Descent into Avernus" id="ID_WOTC_BGDIA_COMPANION_ACTION_ABYSSAL_CHICKEN_BITE">
		<description>
			<p>Melee Weapon Attack: +4 to hit, reach 5 ft., one creature. Hit: 4 (1d4 + 2) piercing damage.</p>
		</description>
		<sheet>
			<description>Melee Weapon Attack: +4 to hit, reach 5 ft., one creature. Hit: 4 (1d4 + 2) piercing damage.</description>
		</sheet>
	</element>
	<element name="Claws" type="Companion Action" source="Baldur’s Gate: Descent into Avernus" id="ID_WOTC_BGDIA_COMPANION_ACTION_ABYSSAL_CHICKEN_CLAWS">
		<description>
			<p>Melee Weapon Attack: +4 to hit, reach 5 ft., one target. Hit: 5 (1d6 + 2) slashing damage.</p>
		</description>
		<sheet>
			<description>Melee Weapon Attack: +4 to hit, reach 5 ft., one target. Hit: 5 (1d6 + 2) slashing damage.</description>
		</sheet>
	</element>    
</elements>