<?xml version="1.0" encoding="utf-8" ?>
<elements>
	<info>
		<update version="0.0.1">
			<file name="source.xml" url="https://raw.githubusercontent.com/aurorabuilder/elements/master/supplements/descent-into-avernus/source.xml" />
		</update>
	</info>	
	<element name="Baldur’s Gate: Descent into Avernus" type="Source" source="Core" id="ID_WOTC_SOURCE_BALDURS_GATE_DESCENT_INTO_AVERNUS">
		<description>			
			<![CDATA[<p><strong>Diabolical dangers await in this adventure for the world’s greatest roleplaying game</strong></p><p>Welcome to Baldur’s Gate, a city of ambition and corruption situated at the crossroads of the Sword Coast. You’ve just started your adventuring career, but already find yourself embroiled in a plot that sprawls from the shadows of Baldur’s Gate to the front lines of the planes-spanning Blood War! Do you have what it takes to turn infernal war machines and nefarious contracts against the archdevil Zariel and her diabolical hordes? And can you ever hope to find your way home safely when pitted against the infinite evils of the Nine Hells?</p>]]>
		</description>
		<setters>
			<set name="abbreviation">BGDIA</set>
			<set name="url">https://dnd.wizards.com/products/tabletop-games/rpg-products/baldursgate_descent</set>
			<set name="image">https://media.dnd.wizards.com/styles/product_tabletop_left/public/images/product/DND_ProdImg_DIA_cover300.png</set>
			<set name="author" abbreviation="WOTC" url="http://dnd.wizards.com">Wizards of the Coast</set>
			<set name="official">true</set>
			<set name="supplement">true</set>
			<set name="release">20190917</set>
		</setters>
	</element>
</elements>