<?xml version="1.0" encoding="utf-8" ?>
<elements>
	<info>
		<name>Shipwright Background</name>
		<update version="0.0.2">
			<file name="shipwright.xml" url="https://raw.githubusercontent.com/aurorabuilder/elements/master/supplements/ghosts-of-saltmarsh/backgrounds/shipwright.xml" />
		</update>
	</info>
	
	<element name="Shipwright" type="Background" source="Ghosts of Saltmarsh" id="ID_WOTC_GOS_BACKGROUND_SHIPWRIGHT">
		<description>
			<p>You have sailed into war on the decks of great ships, patching their hulls with soup bowls and prayers. You once helped build a fishing vessel that single-handedly saved a town from starvation. You have seen a majestic prow in your dreams that you have not been able to replicate in wood. Since childhood, you have loved the water and have been captivated by the many vessels that travel on it.</p>
			<ul class="unstyled">
				<li><strong>Skill Proficiencies:</strong> History, Perception</li>
				<li><strong>Tool Proficiencies:</strong> Carpenter’s tools, vehicles (water)</li>
				<li><strong>Equipment:</strong> A set of well-loved carpenter’s tools, a blank book, 1 ounce of ink, and ink pen, a set of traveler’s clothes, and a leather pouch with 10 gp</li>
			</ul>
			<div element="ID_WOTC_GOS_BACKGROUND_FEATURE_ILL_PATCH_IT" />
			<h5>LIFE AT SEA</h5>
			<p>Your life at sea and in port has shaped you; you can roll on the following table to determine its impact or choose and element that best fits your character.</p>
			<table>
				<thead>
					<tr><td>d6</td><td>Sea’s Influence</td></tr>
				</thead>
				<tr><td>1</td><td><strong>Grand Designs.</strong> You are working on plans and schematics for a new, very fast ship. You must examine as many different kinds of vessels as possible to help ensure the success of your design.</td></tr>
				<tr><td>2</td><td><strong>Solid and Sound.</strong> You patched up a war gallery and prevented it from sinking. The local navy regards you as a friend.</td></tr>
				<tr><td>3</td><td><strong>Favored.</strong> You insisted on thicker planking for a merchant vessel’s hull, which saved it from sinking when it smashed against a reef. You have a standing invitation to visit the merchant’s distant mansion.</td></tr>
				<tr><td>4</td><td><strong>Master of Armaments.</strong> You specialized in designing and mounting defenses for the navy. You easily recognize and determine the quality of such items.</td></tr>
				<tr><td>5</td><td><strong>Low Places.</strong> You have contacts in the smuggling outfits along the coast, you occasionally repear the criminals’ ships in exchange for coin and favors.</td></tr>
				<tr><td>6</td><td><strong>Mysteries of the Deep.</strong> You experienced as encounter with possibly divine being while sailing alone. Work with your DM to determine the secret about the deep waters of the sea that this entity revealed to you.</td></tr>
			</table>
			<h5>SUGGESTED CHARACTERISTICS</h5>
			<p>Shipwrights are resourceful carpenters and designers. They often have a dedicated spot at the local tavern, since shipwrights are invaluable to coastal communities. Some travel with navel fleets and might serve as officers if their temperament suits it. Shipwrights have an affinity for working with their hands and often perform feats of carpentry that others might deem miraculous.</p>
		</description>
		<setters>
			<set name="short">History, Perception, Carpenter’s Tools, Vehicles (Water)</set>
		</setters>
		<rules>
			<grant type="Proficiency" id="ID_PROFICIENCY_SKILL_HISTORY" />
			<grant type="Proficiency" id="ID_PROFICIENCY_SKILL_PERCEPTION" />
			<grant type="Proficiency" id="ID_PROFICIENCY_TOOL_PROFICIENCY_CARPENTERS_TOOLS" />
			<grant type="Proficiency" id="ID_PROFICIENCY_TOOL_PROFICIENCY_VEHICLES_WATER" />
			<grant type="Background Feature" id="ID_WOTC_GOS_BACKGROUND_FEATURE_ILL_PATCH_IT" requirements="!ID_INTERNAL_GRANT_OPTIONAL_BACKGROUND_FEATURE"/>
			<select type="Background Feature" name="Variant Feature" supports="Optional Background Feature" optional="true" />
			<select type="List" name="Personality Trait" number="2">
				<item id="1">I love talking and being heard more than I like to listen.</item>
				<item id="2">I’m extremely fond of puzzles.</item>
				<item id="3">I thrive under pressure.</item>
				<item id="4">I love sketching and designing objects, especially boats.</item>
				<item id="5">I’m not afraid of hard work—in fact, I prefer it.</item>
				<item id="6">A pipe, an ale, and the smell of the sea; paradise.</item>
				<item id="7">I have an endless supply of cautionary tales related to the sea.</item>
				<item id="8">I don’t mind getting my hands dirty.</item>
			</select>
			<select type="List" name="Ideal">
				<item id="1">Crew. If everyone on deck pitches in, we’ll never sink. (Good)</item>
				<item id="2">Careful Lines. A ship must be balanced according to the laws of the universe. (Lawful)</item>
				<item id="3">Invention. Make what you need out of whatever is at hand. (Chaotic)</item>
				<item id="4">Perfection. To measure a being and find it lacking in the greatest disappointment. (Evil)</item>
				<item id="5">Reflection. Muddled water always clears in time. (Any)</item>
				<item id="6">Hope. The horizon at sea holds the greatest promise. (Any)</item>
			</select>
			<select type="List" name="Bond">
				<item id="1">I must visit all the oceans of the world and behold the ships that sail there.</item>
				<item id="2">Much of the treasure I claim will be used to enrich my community.</item>
				<item id="3">I must find a kind of wood rumored to possess magical qualities.</item>
				<item id="4">I repair broken things to redeem what’s broken in myself.</item>
				<item id="5">I will craft a boat capable of sailing through the most dangerous of storms.</item>
				<item id="6">A kraken destroyed my masterpiece; its teeth shall adorn my hearth.</item>
			</select>
			<select type="List" name="Flaw">
				<item id="1">I don’t know when to throw something away. You never know when it might be useful again.</item>
				<item id="2">I get frustrated to the point of distraction by shoddy craftsmanship.</item>
				<item id="3">Though I am an excellent crafter, my work tends to look as though it belongs on a ship.</item>
				<item id="4">I am so obsessed with sketching my ideas for elaborate inventions that i sometimes forget little things like eating and sleeping</item>
				<item id="5">I’m judgemental of those who are not skilled with tools of some kind.</item>
				<item id="6">I sometimes take things that don’t belong to me, especially if they are very well made.</item>
			</select>
		</rules>
	</element>
	<element name="Feature: I’ll Patch It!" type="Background Feature" source="Ghosts of Saltmarsh" id="ID_WOTC_GOS_BACKGROUND_FEATURE_ILL_PATCH_IT">
		<description>
			<p>Provided you have carpenter’s tools and wood, you can perform repairs on a water vehicle. When you use this ability, you restore a number of hit points to the hull of a water vehicle equal to 5 + your proficiency modifier. A vehicle cannot be patched by you in this way again until after it has been pulled ashore and fully repaired.</p>
		</description>
		<sheet alt="I’ll Patch It!" />
		<!-- todo: uncomment when inline replacements for background features have been implemented -->
		<!-- <sheet alt="I’ll Patch It!">
			<description>Provided you have carpenter’s tools and wood, you can perform repairs on a water vehicle. When you use this ability, you restore a number of hit points to the hull of a water vehicle equal to {{patch it:restore}}. A vehicle cannot be patched by you in this way again until after it has been pulled ashore and fully repaired.</description>
		</sheet> 
		<rules>
			<stat name="patch it:restore" value="5" />
			<stat name="patch it:restore" value="proficiency" />
		</rules> -->
	</element>
</elements>