<?xml version="1.0" encoding="utf-8" ?>
<elements>
	<info>
		<update version="0.1">
			<file name="source.xml" url="https://raw.githubusercontent.com/aurorabuilder/elements/master/supplements/ghosts-of-saltmarsh/source.xml" />
		</update>
	</info>
	<element name="Ghosts of Saltmarsh" type="Source" source="Core" id="ID_WOTC_SOURCE_GHOSTS_OF_SALTMARSH">
		<description>
			<![CDATA[<p><strong>Explore the waves above and the fathoms below in these watery adventures for the world’s greatest roleplaying game.</strong></p><p>Nestled on the coast of the Azure Sea is Saltmarsh, a sleepy fishing village that sits on the precipice of destruction. Smugglers guide their ships to hidden coves, willing to slit the throat of anyone foolhardy enough to cross their path. Cruel sahuagin gather beneath the waves, plotting to sweep away coastal cities. Drowned sailors stir to unnatural life, animated by dark magic and sent forth in search of revenge. The cult of a forbidden god extends its reach outward from a decaying port, hungry for fresh victims and willing recruits. While Saltmarsh slumbers, the evils that seek to plunder it grow stronger. Heroes must arise to keep the waves safe!</p><p>Hoist your sails, pull up anchor, and set a course for adventure!</p>]]>
		</description>
		<setters>
			<set name="abbreviation">GOS</set>
			<set name="url">http://dnd.wizards.com/products/tabletop-games/rpg-products/ghosts-saltmarsh</set>
			<set name="image">https://media.dnd.wizards.com/styles/product_tabletop_left/public/images/product/qwjuqh323.png</set>
			<set name="author" abbreviation="WOTC" url="http://dnd.wizards.com">Wizards of the Coast</set>
			<set name="official">true</set>
			<set name="supplement">true</set>
			<set name="release">20190521</set>
		</setters>
	</element>
</elements>