<?xml version="1.0" encoding="utf-8" ?>
<elements>
	<info>
		<update version="0.0.1">
			<file name="dragonmarks.xml" url="https://raw.githubusercontent.com/aurorabuilder/elements/master/supplements/eberron-rising-from-the-last-war/dragonmarks/dragonmarks.xml" />
		</update>
	</info>
	
	<!-- temporary copy of internal dragonmarked grant for use with v1.19.3XX -->
	<element name="Dragonmark" type="Grants" source="Internal" id="ID_INTERNAL_GRANTS_DRAGONMARK" />

	<element name="Mark of Detection" type="Dragonmark" source="Eberron: Rising from the Last War" id="ID_WOTC_ERLW_DRAGONMARK_MARK_OF_DETECTION">
		<description>
			<p>The Mark of Detection is an inquisitive’s dream. It sharpens powers of observation and intuition, allowing the bearer to draw connections and interpret clues others might miss. By actively drawing on its powers, the bearer can detect poisons and study the energies of magic.</p>
		</description>
		<rules>
			<grant type="Grants" id="ID_INTERNAL_GRANTS_DRAGONMARK" />
		</rules>
	</element>
	<element name="Mark of Finding" type="Dragonmark" source="Eberron: Rising from the Last War" id="ID_WOTC_ERLW_DRAGONMARK_MARK_OF_FINDING">
		<description>
			<p>The Mark of Finding sharpens the senses, guiding the hunter to prey. Alone among the dragonmarks, the Mark of Finding is carried by two races: humans and half-orcs. It first appeared in the Shadow Marches, where clan hunters used it to find their prey.</p>
		</description>
		<rules>
			<grant type="Grants" id="ID_INTERNAL_GRANTS_DRAGONMARK" />
		</rules>
	</element>
	<element name="Mark of Handling" type="Dragonmark" source="Eberron: Rising from the Last War" id="ID_WOTC_ERLW_DRAGONMARK_MARK_OF_HANDLING">
		<description>
			<p>The Mark of Handling gives its bearer a primal connection to beasts and the natural world, granting the power to calm and coax. This extends beyond purely natural animals; the mark allows its bearer to guide a hippogriff as easily as a horse.</p>
		</description>
		<rules>
			<grant type="Grants" id="ID_INTERNAL_GRANTS_DRAGONMARK" />
		</rules>
	</element>
	<element name="Mark of Healing" type="Dragonmark" source="Eberron: Rising from the Last War" id="ID_WOTC_ERLW_DRAGONMARK_MARK_OF_HEALING">
		<description>
			<p>A halfling with the Mark of Healing can save a life with a touch, restoring vitality and the will to live. When dealing with mundane medicine, the mark helps its bearer sense the nature of maladies, aiding them in finding a cure. When equipped with dragonshard focus items, the mark can even draw the dead back from the depths of Dolurrh.</p>
		</description>
		<rules>
			<grant type="Grants" id="ID_INTERNAL_GRANTS_DRAGONMARK" />
		</rules>
	</element>
	<element name="Mark of Hospitality" type="Dragonmark" source="Eberron: Rising from the Last War" id="ID_WOTC_ERLW_DRAGONMARK_MARK_OF_HOSPITALITY">
		<description>
			<p>They may not always have gold, but a halfling with the Mark of Hospitality is sure to be rich in friends. The magic of the mark allows the bearer to keep a place clean, and to heat, chill, and season food. But it also helps the bearer connect with others.</p>
		</description>
		<rules>
			<grant type="Grants" id="ID_INTERNAL_GRANTS_DRAGONMARK" />
		</rules>
	</element>
	<element name="Mark of Making" type="Dragonmark" source="Eberron: Rising from the Last War" id="ID_WOTC_ERLW_DRAGONMARK_MARK_OF_MAKING">
		<description>
			<p>The Mark of Making guides its bearer through any act of creation. The bearer of the mark can mend broken things with a touch, and always has a minor magic item they’ve been working on. An artificer or a wizard will get the most out of the mark, but anyone can find a use for an enchanted blade.</p>
		</description>
		<rules>
			<grant type="Grants" id="ID_INTERNAL_GRANTS_DRAGONMARK" />
		</rules>
	</element>
	<element name="Mark of Passage" type="Dragonmark" source="Eberron: Rising from the Last War" id="ID_WOTC_ERLW_DRAGONMARK_MARK_OF_PASSAGE">
		<description>
			<p>The Mark of Passage governs motion, allowing its bearer to move with uncanny speed. The bearer of the mark can even slip through space in the blink of an eye.</p>
		</description>
		<rules>
			<grant type="Grants" id="ID_INTERNAL_GRANTS_DRAGONMARK" />
		</rules>
	</element>
	<element name="Mark of Scribing" type="Dragonmark" source="Eberron: Rising from the Last War" id="ID_WOTC_ERLW_DRAGONMARK_MARK_OF_SCRIBING">
		<description>
			<p>The Mark of Scribing deals with communication-both the written and spoken word. A gnome who bears the mark can feel words as though they are living creatures, struggling to make their meaning known. The mark provides a range of gifts. It translates languages, but it also allows its bearer to communicate with others at a distance.</p>
		</description>
		<rules>
			<grant type="Grants" id="ID_INTERNAL_GRANTS_DRAGONMARK" />
		</rules>
	</element>
	<element name="Mark of Sentinel" type="Dragonmark" source="Eberron: Rising from the Last War" id="ID_WOTC_ERLW_DRAGONMARK_MARK_OF_SENTINEL">
		<description>
			<p>The Mark of Sentinel warns and protects. It heightens senses and reflexes, allowing an heir to respond to threats with uncanny speed. It can shield its bearer from harm. Whether on the battlefield or the ballroom, someone who carries the Mark of Sentinel is prepared for danger.</p>
		</description>
		<rules>
			<grant type="Grants" id="ID_INTERNAL_GRANTS_DRAGONMARK" />
		</rules>
	</element>
	<element name="Mark of Shadow" type="Dragonmark" source="Eberron: Rising from the Last War" id="ID_WOTC_ERLW_DRAGONMARK_MARK_OF_SHADOW">
		<description>
			<p>The Mark of Shadow lets an elf weave illusions, crafting magic to distract or delight. It also allows its bearer to sculpt shadows, making it easy to avoid detection.</p>
		</description>
		<rules>
			<grant type="Grants" id="ID_INTERNAL_GRANTS_DRAGONMARK" />
		</rules>
	</element>
	<element name="Mark of Storm" type="Dragonmark" source="Eberron: Rising from the Last War" id="ID_WOTC_ERLW_DRAGONMARK_MARK_OF_STORM">
		<description>
			<p>Wind and water welcome the half-elves who carry the Mark of Storm, and some learn to call on the power of the storm itself</p>
		</description>
		<rules>
			<grant type="Grants" id="ID_INTERNAL_GRANTS_DRAGONMARK" />
		</rules>
	</element>
	<element name="Mark of Warding" type="Dragonmark" source="Eberron: Rising from the Last War" id="ID_WOTC_ERLW_DRAGONMARK_MARK_OF_WARDING">
		<description>
			<p>The Mark of Warding helps its bearers protect things of value. Using the mark, a dwarf can weave wards with mystic force. It also provides its bearer with an intuitive understanding of locks used to protect and seal.</p>
		</description>
		<rules>
			<grant type="Grants" id="ID_INTERNAL_GRANTS_DRAGONMARK" />
		</rules>
	</element>

	<element name="Ability Score Increase (Strength)" type="Racial Trait" source="Eberron: Rising from the Last War" id="ID_WOTC_ERLW_RACIAL_TRAIT_DRAGONMARK_ASI_STRENGTH">
		<compendium display="false" />		
		<supports>Ability Score Increase,Dragonmark,Strength</supports>
		<requirements>ID_INTERNAL_GRANTS_DRAGONMARK</requirements>
		<description>
			<p>Your Strength score increases by 1.</p>
		</description>
		<sheet display="false" />
		<rules>
			<stat name="strength" value="1" alt="Dragonmark" />
		</rules>
	</element>
	<element name="Ability Score Increase (Dexterity)" type="Racial Trait" source="Eberron: Rising from the Last War" id="ID_WOTC_ERLW_RACIAL_TRAIT_DRAGONMARK_ASI_DEXTERITY">
		<compendium display="false" />
		<supports>Ability Score Increase,Dragonmark,Dexterity</supports>
		<requirements>ID_INTERNAL_GRANTS_DRAGONMARK</requirements>
		<description>
			<p>Your Dexterity score increases by 1.</p>
		</description>
		<sheet display="false" />
		<rules>
			<stat name="dexterity" value="1" alt="Dragonmark" />
		</rules>
	</element>
	<element name="Ability Score Increase (Constitution)" type="Racial Trait" source="Eberron: Rising from the Last War" id="ID_WOTC_ERLW_RACIAL_TRAIT_DRAGONMARK_ASI_CONSTITUTION">
		<compendium display="false" />
		<supports>Ability Score Increase,Dragonmark,Constitution</supports>
		<requirements>ID_INTERNAL_GRANTS_DRAGONMARK</requirements>
		<description>
			<p>Your Constitution score increases by 1.</p>
		</description>
		<sheet display="false" />
		<rules>
			<stat name="constitution" value="1" alt="Dragonmark" />
		</rules>
	</element>
	<element name="Ability Score Increase (Intelligence)" type="Racial Trait" source="Eberron: Rising from the Last War" id="ID_WOTC_ERLW_RACIAL_TRAIT_DRAGONMARK_ASI_INTELLIGENCE">
		<compendium display="false" />
		<supports>Ability Score Increase,Dragonmark,Intelligence</supports>
		<requirements>ID_INTERNAL_GRANTS_DRAGONMARK</requirements>
		<description>
			<p>Your Intelligence score increases by 1.</p>
		</description>
		<sheet display="false" />
		<rules>
			<stat name="intelligence" value="1" alt="Dragonmark" />
		</rules>
	</element>
	<element name="Ability Score Increase (Wisdom)" type="Racial Trait" source="Eberron: Rising from the Last War" id="ID_WOTC_ERLW_RACIAL_TRAIT_DRAGONMARK_ASI_WISDOM">
		<compendium display="false" />
		<supports>Ability Score Increase,Dragonmark,Wisdom</supports>
		<requirements>ID_INTERNAL_GRANTS_DRAGONMARK</requirements>
		<description>
			<p>Your Wisdom score increases by 1.</p>
		</description>
		<sheet display="false" />
		<rules>
			<stat name="wisdom" value="1" alt="Dragonmark" />
		</rules>
	</element>
	<element name="Ability Score Increase (Charisma)" type="Racial Trait" source="Eberron: Rising from the Last War" id="ID_WOTC_ERLW_RACIAL_TRAIT_DRAGONMARK_ASI_CHARISMA">
		<compendium display="false" />
		<supports>Ability Score Increase,Dragonmark,Charisma</supports>
		<requirements>ID_INTERNAL_GRANTS_DRAGONMARK</requirements>
		<description>
			<p>Your Charisma score increases by 1.</p>
		</description>
		<sheet display="false" />
		<rules>
			<stat name="charisma" value="1" alt="Dragonmark" />
		</rules>
	</element>
</elements>