<?xml version="1.0" encoding="utf-8" ?>
<elements>
	<info>
		<update version="0.0.2">
			<file name="languages.xml" url="https://raw.githubusercontent.com/aurorabuilder/elements/master/supplements/eberron-rising-from-the-last-war/languages.xml" />
		</update>
	</info>
	<element name="Riedran" type="Language" source="Eberron: Rising from the Last War" id="ID_WOTC_ERLW_LANGUAGE_RIEDRAN">
		<supports>Standard</supports>
		<description>
			<p>Mainly spoken by the people of Sarlona.</p>
		</description>
		<setters>
			<set name="standard">true</set>
		</setters>
	</element>
	<element name="Daelkyr" type="Language" source="Eberron: Rising from the Last War" id="ID_WOTC_ERLW_LANGUAGE_DAELKYR">
		<supports>Exotic</supports>
		<description>
			<p>Mainly spoken by aberrations and denizens of Khyber.</p>
		</description>
		<setters>
			<set name="exotic">true</set>
		</setters>
	</element>
	<element name="Quori" type="Language" source="Eberron: Rising from the Last War" id="ID_WOTC_ERLW_LANGUAGE_QUORI">
		<supports>Exotic</supports>
		<description>
			<p>Mainly spoken by inspired, kalashtar, and quori.</p>
		</description>
		<setters>
			<set name="exotic">true</set>
		</setters>
	</element>
</elements>