<?xml version="1.0" encoding="utf-8" ?>
<elements>
	<info>
		<update version="0.0.1">
			<file name="mark-of-sentinel.xml" url="https://raw.githubusercontent.com/aurorabuilder/elements/master/supplements/eberron-rising-from-the-last-war/dragonmarks/mark-of-sentinel.xml" />
		</update>
	</info>	
	<element name="Mark of Sentinel" type="Race Variant" source="Eberron: Rising from the Last War" id="ID_WOTC_ERLW_RACE_VARIANT_MARK_OF_SENTINEL">
		<supports>Human</supports>
		<description>
			<p>The Mark of Sentinel warns and protects. It heightens senses and reflexes, allowing an heir to respond to threats with uncanny speed. It can shield its bearer from harm. Whether on the battlefield or the ballroom, someone who carries the Mark of Sentinel is prepared for danger.</p>
			<p>If your human character has the Mark of Sentinel, the following traits replace the human’s Ability Score Increase trait in the Player’s Handbook.</p>
			<p class="indent"><strong><em>Ability Score Increase.</em></strong> Your Constitution score increases by 2, and your Wisdom score increases by 1.</p>
			<p class="indent"><strong><em>Sentinel’s Intuition.</em></strong> When you make a Wisdom (Insight) or Wisdom (Perception) check, you can roll a d4 and add the number rolled to the ability check.</p>
			<p class="indent"><strong><em>Guardian’s Shield.</em></strong> You can cast the shield spell once with this trait, and you regain the ability to cast it after you finish a long rest. Wisdom is your spellcasting ability for this spell.</p>
			<p class="indent"><strong><em>Vigilant Guardian.</em></strong> When a creature you can see within 5 feet of you is hit by an attack roll, you can use your reaction to swap places with that creature, and you are hit by the attack instead. Once you use this trait, you can’t do so again until you finish a long rest.</p>
			<p class="indent"><strong><em>Spells of the Mark.</em></strong> If you have the Spellcasting or the Pact Magic class feature, the spells on the Mark of Sentinel Spells table are added to the spell list of your spellcasting class.</p>
			<p><strong>MARK OF SENTINEL SPELLS</strong></p>
			<table>
				<thead>
					<tr><td>Spell Level</td><td>Spells</td></tr>
				</thead>
				<tr><td>1st</td><td><em>compelled duel, shield of faith</em></td></tr>
				<tr><td>2nd</td><td><em>warding bond, zone of truth</em></td></tr>
				<tr><td>3rd</td><td><em>counterspell, protection from energy</em></td></tr>
				<tr><td>4th</td><td><em>death ward, guardian of faith</em></td></tr>
				<tr><td>5th</td><td><em>Bigby’s hand</em></td></tr>
			</table>
		</description>
		<sheet alt="Human (Mark of Sentinel)" display="false" />
		<rules>
			<grant type="Dragonmark" id="ID_WOTC_ERLW_DRAGONMARK_MARK_OF_SENTINEL" />
			<stat name="constitution" value="2" />
			<stat name="wisdom" value="1" />
			<grant type="Racial Trait" id="ID_WOTC_ERLW_RACIAL_TRAIT_MARK_OF_SENTINEL_SENTINELS_INTUITION" />
			<grant type="Racial Trait" id="ID_WOTC_ERLW_RACIAL_TRAIT_MARK_OF_SENTINEL_GUARDIANS_SHIELD" />
			<grant type="Racial Trait" id="ID_WOTC_ERLW_RACIAL_TRAIT_MARK_OF_SENTINEL_VIGILANT_GUARDIAN" />
			<grant type="Racial Trait" id="ID_WOTC_ERLW_RACIAL_TRAIT_MARK_OF_SENTINEL_SPELLS_OF_THE_MARK" />
		</rules>
	</element>
	<element name="Sentinel’s Intuition" type="Racial Trait" source="Eberron: Rising from the Last War" id="ID_WOTC_ERLW_RACIAL_TRAIT_MARK_OF_SENTINEL_SENTINELS_INTUITION">
		<description>
			<p>When you make a Wisdom (Insight) or Wisdom (Perception) check, you can roll a d4 and add the number rolled to the ability check.</p>
		</description>
		<sheet>
			<description>When you make a Insight or Perception check, you can roll a d4 and add the number rolled to the ability check.</description>
		</sheet>
	</element>
	<element name="Guardian’s Shield" type="Racial Trait" source="Eberron: Rising from the Last War" id="ID_WOTC_ERLW_RACIAL_TRAIT_MARK_OF_SENTINEL_GUARDIANS_SHIELD">
		<description>
			<p>You can cast the shield spell once with this trait, and you regain the ability to cast it after you finish a long rest. Wisdom is your spellcasting ability for this spell.</p>
		</description>
		<sheet usage="1/Long Rest">
			<description>You can cast the shield spell once with this trait using Wisdom as your spellcasting ability.</description>
		</sheet>
	</element>
	<element name="Vigilant Guardian" type="Racial Trait" source="Eberron: Rising from the Last War" id="ID_WOTC_ERLW_RACIAL_TRAIT_MARK_OF_SENTINEL_VIGILANT_GUARDIAN">
		<description>
			<p>When a creature you can see within 5 feet of you is hit by an attack roll, you can use your reaction to swap places with that creature, and you are hit by the attack instead. Once you use this trait, you can’t do so again until you finish a long rest.</p>
		</description>
		<sheet action="Reaction" usage="1/Long Rest">
			<description>When a creature you can see within 5 feet of you is hit by an attack roll, you can use your reaction to swap places with that creature, and you are hit by the attack instead.</description>
		</sheet>
	</element>
	<element name="Spells of the Mark" type="Racial Trait" source="Eberron: Rising from the Last War" id="ID_WOTC_ERLW_RACIAL_TRAIT_MARK_OF_SENTINEL_SPELLS_OF_THE_MARK">
		<description>
			<p>If you have the Spellcasting or the Pact Magic class feature, the spells on the Mark of Sentinel Spells table are added to the spell list of your spellcasting class.</p>
			<h5>Mark of Sentinel Spells</h5>
			<table>
				<thead>
					<tr><td>Spell Level</td><td>Spells</td></tr>
				</thead>
				<tr><td>1st</td><td><em>compelled duel, shield of faith</em></td></tr>
				<tr><td>2nd</td><td><em>warding bond, zone of truth</em></td></tr>
				<tr><td>3rd</td><td><em>counterspell, protection from energy</em></td></tr>
				<tr><td>4th</td><td><em>death ward, guardian of faith</em></td></tr>
				<tr><td>5th</td><td><em>Bigby’s hand</em></td></tr>
			</table>
		</description>
		<sheet display="false">
			<description>The spells on the Mark of Sentinel Spells table are added to the spell list of your spellcasting class.</description>
		</sheet>
		<spellcasting all="true" extend="true">
			<extend>ID_PHB_SPELL_COMPELLED_DUEL</extend>
			<extend>ID_PHB_SPELL_SHIELD_OF_FAITH</extend>
			<extend>ID_PHB_SPELL_WARDING_BOND</extend>
			<extend>ID_PHB_SPELL_ZONE_OF_TRUTH</extend>
			<extend>ID_PHB_SPELL_COUNTERSPELL</extend>
			<extend>ID_PHB_SPELL_PROTECTION_FROM_ENERGY</extend>
			<extend>ID_PHB_SPELL_DEATH_WARD</extend>
			<extend>ID_PHB_SPELL_GUARDIAN_OF_FAITH</extend>
			<extend>ID_PHB_SPELL_BIGBYS_HAND</extend>
		</spellcasting>
	</element>
</elements>