<?xml version="1.0" encoding="utf-8" ?>
<elements>
	<info>
		<update version="0.0.1">
			<file name="mark-of-handling.xml" url="https://raw.githubusercontent.com/aurorabuilder/elements/master/supplements/eberron-rising-from-the-last-war/dragonmarks/mark-of-handling.xml" />
		</update>
	</info>
	<element name="Mark of Handling" type="Race Variant" source="Eberron: Rising from the Last War" id="ID_WOTC_ERLW_RACE_VARIANT_MARK_OF_HANDLING">
		<supports>Human</supports>
		<description>
			<p>The Mark of Handling gives its bearer a primal connection to beasts and the natural world, granting the power to calm and coax. This extends beyond purely natural animals; the mark allows its bearer to guide a hippogriff as easily as a horse.</p>
			<p>If your human character has the Mark of Handling, the following traits replace the human’s Ability Score Increase trait in the Player’s Handbook.</p>
			<p class="indent"><strong><em>Ability Score Increase.</em></strong> Your Wisdom score increases by 2, and one other ability score of your choice increases by 1.</p>
			<p class="indent"><strong><em>Wild Intuition.</em></strong> When you make a Wisdom (Animal Handling) or Intelligence (Nature) check, you can roll a d4 and add the number rolled to the ability check.</p>
			<p class="indent"><strong><em>Primal Connection.</em></strong> You can cast the animal friendship and speak with animals spells with this trait, requiring no material component. Once you cast either spell with this trait, you can’t cast that spell with it again until you finish a short or long rest. Wisdom is your spellcasting ability for these spells.</p>
			<p class="indent"><strong><em>The Bigger They Are.</em></strong> Starting at 3rd level, you can target a beast or monstrosity when you cast animal friendship or speak with animals, provided the creature’s Intelligence score is 3 or lower.</p>
			<p class="indent"><strong><em>Spells of the Mark.</em></strong> If you have the Spellcasting or the Pact Magic class feature, the spells on the Mark of Handling Spells table are added to the spell list of your spellcasting class.</p>
			<p><strong>MARK OF HANDLING SPELLS</strong></p>
			<table>
				<thead>
					<tr><td>Spell Level</td><td>Spells</td></tr>
				</thead>
				<tr><td>1st</td><td><em>animal friendship, speak with animals</em></td></tr>
				<tr><td>2nd</td><td><em>beast sense, calm emotions</em></td></tr>
				<tr><td>3rd</td><td><em>beacon of hope, conjure animals</em></td></tr>
				<tr><td>4th</td><td><em>aura of life, dominate beast</em></td></tr>
				<tr><td>5th</td><td><em>awaken</em></td></tr>
			</table>
		</description>
		<sheet alt="Human (Mark of Handling)" display="false" />
		<rules>
			<grant type="Dragonmark" id="ID_WOTC_ERLW_DRAGONMARK_MARK_OF_HANDLING" />
			<stat name="wisdom" value="2" />
			<select type="Racial Trait" name="Ability Score Increase, Mark of Handling" supports="Ability Score Increase,Dragonmark,!Wisdom" />
			<grant type="Racial Trait" id="ID_WOTC_ERLW_RACIAL_TRAIT_MARK_OF_HANDLING_WILD_INTUITION" />
			<grant type="Racial Trait" id="ID_WOTC_ERLW_RACIAL_TRAIT_MARK_OF_HANDLING_PRIMAL_CONNECTION" />
			<grant type="Racial Trait" id="ID_WOTC_ERLW_RACIAL_TRAIT_MARK_OF_HANDLING_THE_BIGGER_THEY_ARE" level="3" />
			<grant type="Racial Trait" id="ID_WOTC_ERLW_RACIAL_TRAIT_MARK_OF_HANDLING_SPELLS_OF_THE_MARK" />
		</rules>
	</element>
	<element name="Wild Intuition" type="Racial Trait" source="Eberron: Rising from the Last War" id="ID_WOTC_ERLW_RACIAL_TRAIT_MARK_OF_HANDLING_WILD_INTUITION">
		<description>
			<p>When you make a Wisdom (Animal Handling) or Intelligence (Nature) check, you can roll a d4 and add the number rolled to the ability check.</p>
		</description>
		<sheet>
			<description>When you make a Animal Handling or Nature check, you can roll a d4 and add the number rolled to the ability check.</description>
		</sheet>
	</element>
	<element name="Primal Connection" type="Racial Trait" source="Eberron: Rising from the Last War" id="ID_WOTC_ERLW_RACIAL_TRAIT_MARK_OF_HANDLING_PRIMAL_CONNECTION">
		<description>
			<p>You can cast the animal friendship and speak with animals spells with this trait, requiring no material component. Once you cast either spell with this trait, you can’t cast that spell with it again until you finish a short or long rest. Wisdom is your spellcasting ability for these spells.</p>
		</description>
		<sheet usage="1/Short Rest">
			<description>You can cast the animal friendship and speak with animals spells with this trait, requiring no material component, using Wisdom as your spellcasting ability.</description>
		</sheet>
	</element>
	<element name="The Bigger They Are" type="Racial Trait" source="Eberron: Rising from the Last War" id="ID_WOTC_ERLW_RACIAL_TRAIT_MARK_OF_HANDLING_THE_BIGGER_THEY_ARE">
		<description>
			<p>Starting at 3rd level, you can target a beast or monstrosity when you cast animal friendship or speak with animals, provided the creature’s Intelligence score is 3 or lower.</p>
		</description>
		<sheet>
			<description>You can target a beast or monstrosity when you cast animal friendship or speak with animals, provided the creature’s Intelligence score is 3 or lower.</description>
		</sheet>
	</element>
	<element name="Spells of the Mark" type="Racial Trait" source="Eberron: Rising from the Last War" id="ID_WOTC_ERLW_RACIAL_TRAIT_MARK_OF_HANDLING_SPELLS_OF_THE_MARK">
		<description>
			<p>If you have the Spellcasting or the Pact Magic class feature, the spells on the Mark of Handling Spells table are added to the spell list of your spellcasting class.</p>
			<h5>Mark of Handling Spells</h5>
			<table>
				<thead>
					<tr><td>Spell Level</td><td>Spells</td></tr>
				</thead>
				<tr><td>1st</td><td><em>animal friendship, speak with animals</em></td></tr>
				<tr><td>2nd</td><td><em>beast sense, calm emotions</em></td></tr>
				<tr><td>3rd</td><td><em>beacon of hope, conjure animals</em></td></tr>
				<tr><td>4th</td><td><em>aura of life, dominate beast</em></td></tr>
				<tr><td>5th</td><td><em>awaken</em></td></tr>
			</table>
		</description>
		<sheet display="false">
			<description>The spells on the Mark of Handling Spells table are added to the spell list of your spellcasting class.</description>
		</sheet>
		<spellcasting all="true" extend="true">
			<extend>ID_PHB_SPELL_ANIMAL_FRIENDSHIP</extend>
			<extend>ID_PHB_SPELL_SPEAK_WITH_ANIMALS</extend>
			<extend>ID_PHB_SPELL_BEAST_SENSE</extend>
			<extend>ID_PHB_SPELL_CALM_EMOTIONS</extend>
			<extend>ID_PHB_SPELL_BEACON_OF_HOPE</extend>
			<extend>ID_PHB_SPELL_CONJURE_ANIMALS</extend>
			<extend>ID_PHB_SPELL_AURA_OF_LIFE</extend>
			<extend>ID_PHB_SPELL_DOMINATE_BEAST</extend>
			<extend>ID_PHB_SPELL_AWAKEN</extend>
		</spellcasting>
	</element>	
</elements>