<?xml version="1.0" encoding="utf-8" ?>
<elements>
	<info>
		<update version="0.0.2">
			<file name="mark-of-warding.xml" url="https://raw.githubusercontent.com/aurorabuilder/elements/master/supplements/eberron-rising-from-the-last-war/dragonmarks/mark-of-warding.xml" />
		</update>
	</info>
	<element name="Mark of Warding" type="Sub Race" source="Eberron: Rising from the Last War" id="ID_WOTC_ERLW_SUB_RACE_MARK_OF_WARDING">
		<supports>Dwarf</supports>
		<description>
			<p>The Mark of Warding helps its bearers protect things of value. Using the mark, a dwarf can weave wards with mystic force. It also provides its bearer with an intuitive understanding of locks used to protect and seal.</p>
			<p>If you’re a dwarf with the Mark of Warding, you have this subrace, with the following traits.</p>
			<p class="indent"><strong><em>Ability Score Increase.</em></strong> Your Intelligence score increases by 1.</p>
			<p class="indent"><strong><em>Warder’s Intuition.</em></strong> When you make an Intelligence (Investigation) check or an ability check using thieves’ tools, you can roll a d4 and add the number rolled to the ability check.</p>
			<p class="indent"><strong><em>Wards and Seals.</em></strong> You can cast the alarm and mage armor spells with this trait. Starting at 3rd level, you can also cast the arcane lock spell with it. Once you cast any of these spells with this trait, you can’t cast that spell with it again until you finish a long rest. Intelligence is your spellcasting ability for these spells, and you don’t need material components for them when you cast them with this trait.</p>
			<p class="indent"><strong><em>Spells of the Mark.</em></strong> If you have the Spellcasting or the Pact Magic class feature, the spells on the Mark of Warding Spells table are added to the spell list of your spellcasting class.</p>
			<p><strong>MARK OF WARDING SPELLS</strong></p>
			<table>
				<thead>
					<tr><td>Spell Level</td><td>Spells</td></tr>
				</thead>
				<tr><td>1st</td><td><em>alarm, armor of Agathys</em></td></tr>
				<tr><td>2nd</td><td><em>arcane lock, knock</em></td></tr>
				<tr><td>3rd</td><td><em>glyph of warding, magic circle</em></td></tr>
				<tr><td>4th</td><td><em>Leomund’s secret chest, Mordenkainen’s faithful hound</em></td></tr>
				<tr><td>5th</td><td><em>antilife shell</em></td></tr>
			</table>
		</description>
		<sheet display="false" />
		<rules>
			<grant type="Dragonmark" id="ID_WOTC_ERLW_DRAGONMARK_MARK_OF_WARDING" />
			<stat name="intelligence" value="1" />
			<grant type="Racial Trait" id="ID_WOTC_ERLW_RACIAL_TRAIT_MARK_OF_WARDING_WARDERS_INTUITION" />
			<grant type="Racial Trait" id="ID_WOTC_ERLW_RACIAL_TRAIT_MARK_OF_WARDING_WARDS_AND_SEALS" />
			<grant type="Racial Trait" id="ID_WOTC_ERLW_RACIAL_TRAIT_MARK_OF_WARDING_SPELLS_OF_THE_MARK" />
		</rules>
	</element>
	<element name="Warder’s Intuition" type="Racial Trait" source="Eberron: Rising from the Last War" id="ID_WOTC_ERLW_RACIAL_TRAIT_MARK_OF_WARDING_WARDERS_INTUITION">
		<description>
			<p>When you make an Intelligence (Investigation) check or an ability check using thieves’ tools, you can roll a d4 and add the number rolled to the ability check.</p>
		</description>
		<sheet>
			<description>When you make an Investigation check or an ability check using thieves’ tools, you can roll a d4 and add the number rolled to the ability check.</description>
		</sheet>
	</element>
	<element name="Wards and Seals" type="Racial Trait" source="Eberron: Rising from the Last War" id="ID_WOTC_ERLW_RACIAL_TRAIT_MARK_OF_WARDING_WARDS_AND_SEALS">
		<description>
			<p>You can cast the alarm and mage armor spells with this trait. Starting at 3rd level, you can also cast the arcane lock spell with it. Once you cast any of these spells with this trait, you can’t cast that spell with it again until you finish a long rest. Intelligence is your spellcasting ability for these spells, and you don’t need material components for them when you cast them with this trait.</p>
		</description>
		<sheet usage="1/Long Rest">
			<description>You can cast the alarm and mage armor spells with this trait using Intelligence as your spellcasting ability, and you don’t need material components for them when you cast them with this trait.</description>
			<description level="3">You can cast the alarm, mage armor, and arcane lock spells with this trait using Intelligence as your spellcasting ability, and you don’t need material components for them when you cast them with this trait.</description>
		</sheet>
	</element>
	<element name="Spells of the Mark" type="Racial Trait" source="Eberron: Rising from the Last War" id="ID_WOTC_ERLW_RACIAL_TRAIT_MARK_OF_WARDING_SPELLS_OF_THE_MARK">
		<description>
			<p>If you have the Spellcasting or the Pact Magic class feature, the spells on the Mark of Warding Spells table are added to the spell list of your spellcasting class.</p>
			<h5>Mark of Warding Spells</h5>
			<table>
				<thead>
					<tr><td>Spell Level</td><td>Spells</td></tr>
				</thead>
				<tr><td>1st</td><td><em>alarm, armor of Agathys</em></td></tr>
				<tr><td>2nd</td><td><em>arcane lock, knock</em></td></tr>
				<tr><td>3rd</td><td><em>glyph of warding, magic circle</em></td></tr>
				<tr><td>4th</td><td><em>Leomund’s secret chest, Mordenkainen’s faithful hound</em></td></tr>
				<tr><td>5th</td><td><em>antilife shell</em></td></tr>
			</table>
		</description>
		<sheet display="false">
			<description>The spells on the Mark of Warding Spells table are added to the spell list of your spellcasting class.</description>
		</sheet>
		<spellcasting all="true" extend="true">
			<extend>ID_PHB_SPELL_ALARM</extend>
			<extend>ID_PHB_SPELL_ARMOR_OF_AGATHYS</extend>
			<extend>ID_PHB_SPELL_ARCANE_LOCK</extend>
			<extend>ID_PHB_SPELL_KNOCK</extend>
			<extend>ID_PHB_SPELL_GLYPH_OF_WARDING</extend>
			<extend>ID_PHB_SPELL_MAGIC_CIRCLE</extend>
			<extend>ID_PHB_SPELL_LEOMUNDS_SECRET_CHEST</extend>
			<extend>ID_PHB_SPELL_MORDENKAINENS_FAITHFUL_HOUND</extend>
			<extend>ID_PHB_SPELL_ANTILIFE_SHELL</extend>
		</spellcasting>
	</element>	
</elements>