<?xml version="1.0" encoding="utf-8" ?>
<elements>
	<info>
		<update version="0.0.1">
			<file name="mark-of-healing.xml" url="https://raw.githubusercontent.com/aurorabuilder/elements/master/supplements/eberron-rising-from-the-last-war/dragonmarks/mark-of-healing.xml" />
		</update>
	</info>	
	<element name="Mark of Healing" type="Sub Race" source="Eberron: Rising from the Last War" id="ID_WOTC_ERLW_SUB_RACE_MARK_OF_HEALING">
		<supports>Halfling</supports>
		<description>
			<p>A halfling with the Mark of Healing can save a life with a touch, restoring vitality and the will to live. When dealing with mundane medicine, the mark helps its bearer sense the nature of maladies, aiding them in finding a cure. When equipped with dragonshard focus items, the mark can even draw the dead back from the depths of Dolurrh.</p>
			<p>If you’re a halfling with the Mark of Healing, you have this subrace, with the following traits.</p>
			<p class="indent"><strong><em>Ability Score Increase.</em></strong> Your Wisdom score increases by 1.</p>
			<p class="indent"><strong><em>Medical Intuition.</em></strong> When you make a Wisdom (Medicine) check or an ability check using an herbalism kit, you can roll a d4 and add the number rolled to the ability check.</p>
			<p class="indent"><strong><em>Healing Touch.</em></strong> You can cast the cure wounds spell with this trait. Starting at 3rd level, you can also cast lesser restoration with it. Once you cast either spell with this trait, you can’t cast that spell with it again until you finish a long rest. Wisdom is your spellcasting ability for these spells.</p>
			<p class="indent"><strong><em>Spells of the Mark.</em></strong> If you have the Spellcasting or the Pact Magic class feature, the spells on the Mark of Healing Spells table are added to the spell list of your spellcasting class.</p>
			<p><strong>MARK OF HEALING SPELLS</strong></p>
			<table>
				<thead>
					<tr><td>Spell Level</td><td>Spells</td></tr>
				</thead>
				<tr><td>1st</td><td><em>cure wounds, healing word</em></td></tr>
				<tr><td>2nd</td><td><em>lesser restoration, prayer of healing</em></td></tr>
				<tr><td>3rd</td><td><em>aura of vitality, mass healing word</em></td></tr>
				<tr><td>4th</td><td><em>aura of purity, aura of life</em></td></tr>
				<tr><td>5th</td><td><em>greater restoration</em></td></tr>
			</table>
		</description>
		<sheet alt="Halfling (Mark of Healing)" display="false" />
		<rules>
			<grant type="Dragonmark" id="ID_WOTC_ERLW_DRAGONMARK_MARK_OF_HEALING" />
			<stat name="wisdom" value="1" />
			<grant type="Racial Trait" id="ID_WOTC_ERLW_RACIAL_TRAIT_MARK_OF_HEALING_MEDICAL_INTUITION" />
			<grant type="Racial Trait" id="ID_WOTC_ERLW_RACIAL_TRAIT_MARK_OF_HEALING_HEALING_TOUCH" />
			<grant type="Racial Trait" id="ID_WOTC_ERLW_RACIAL_TRAIT_MARK_OF_HEALING_SPELLS_OF_THE_MARK" />
		</rules>
	</element>
	<element name="Medical Intuition" type="Racial Trait" source="Eberron: Rising from the Last War" id="ID_WOTC_ERLW_RACIAL_TRAIT_MARK_OF_HEALING_MEDICAL_INTUITION">
		<description>
			<p>When you make a Wisdom (Medicine) check or an ability check using an herbalism kit, you can roll a d4 and add the number rolled to the ability check.</p>
		</description>
		<sheet>
			<description>When you make a Medicine check or an ability check using an herbalism kit, you can roll a d4 and add the number rolled to the ability check.</description>
		</sheet>
	</element>
	<element name="Healing Touch" type="Racial Trait" source="Eberron: Rising from the Last War" id="ID_WOTC_ERLW_RACIAL_TRAIT_MARK_OF_HEALING_HEALING_TOUCH">
		<description>
			<p>You can cast the cure wounds spell with this trait. Starting at 3rd level, you can also cast lesser restoration with it. Once you cast either spell with this trait, you can’t cast that spell with it again until you finish a long rest. Wisdom is your spellcasting ability for these spells.</p>
		</description>
		<sheet usage="1/Long Rest">
			<description>You can cast the cure wounds spell with this trait using Wisdom as your spellcasting ability.</description>
			<description level="3">You can cast the cure wounds and lesser restoration spells with this trait using Wisdom as your spellcasting ability.</description>
		</sheet>
	</element>
	<element name="Spells of the Mark" type="Racial Trait" source="Eberron: Rising from the Last War" id="ID_WOTC_ERLW_RACIAL_TRAIT_MARK_OF_HEALING_SPELLS_OF_THE_MARK">
		<description>
			<p>If you have the Spellcasting or the Pact Magic class feature, the spells on the Mark of Healing Spells table are added to the spell list of your spellcasting class.</p>
			<h5>Mark of Healing Spells</h5>
			<table>
				<thead>
					<tr><td>Spell Level</td><td>Spells</td></tr>
				</thead>
				<tr><td>1st</td><td><em>cure wounds, healing word</em></td></tr>
				<tr><td>2nd</td><td><em>lesser restoration, prayer of healing</em></td></tr>
				<tr><td>3rd</td><td><em>aura of vitality, mass healing word</em></td></tr>
				<tr><td>4th</td><td><em>aura of purity, aura of life</em></td></tr>
				<tr><td>5th</td><td><em>greater restoration</em></td></tr>
			</table>
		</description>
		<sheet display="false">
			<description>The spells on the Mark of Healing Spells table are added to the spell list of your spellcasting class.</description>
		</sheet>
		<spellcasting all="true" extend="true">
			<extend>ID_PHB_SPELL_CURE_WOUNDS</extend>
			<extend>ID_PHB_SPELL_HEALING_WORD</extend>
			<extend>ID_PHB_SPELL_LESSER_RESTORATION</extend>
			<extend>ID_PHB_SPELL_PRAYER_OF_HEALING</extend>
			<extend>ID_PHB_SPELL_AURA_OF_VITALITY</extend>
			<extend>ID_PHB_SPELL_MASS_HEALING_WORD</extend>
			<extend>ID_PHB_SPELL_AURA_OF_PURITY</extend>
			<extend>ID_PHB_SPELL_AURA_OF_LIFE</extend>
			<extend>ID_PHB_SPELL_GREATER_RESTORATION</extend>
		</spellcasting>
	</element>	
</elements>