<?xml version="1.0" encoding="utf-8" ?>
<elements>
	<info>
		<update version="0.0.1">
			<file name="replicate-infusions.xml" url="https://raw.githubusercontent.com/aurorabuilder/elements/master/supplements/eberron-rising-from-the-last-war/replicate-infusions.xml" />
		</update>
	</info>
	
	<!-- 2nd-level -->
	<element name="Alchemy Jug" type="Class Feature" source="Dungeon Master’s Guide" id="ID_WOTC_ERLW_CLASS_FEATURE_ARTIFICER_INFUSION_REPLICATE_MAGIC_ITEM_OPTION_ALCHEMY_JUG">		
		<supports>Replicate Magic Item Option</supports>
		<prerequisite>2nd-level artificer</prerequisite>
		<requirements>[level:2]</requirements>
		<description>
			<p><em>Prerequisite: 2nd-level artificer</em></p>
			<p>Using this infusion, you can replicate an Alchemy Jug.</p>
			<div class="reference">
				<div element="ID_WOTC_DMG_MAGIC_ITEM_ALCHEMY_JUG" />
			</div>
		</description>
		<sheet>
			<description>Using this infusion, you can replicate an Alchemy Jug.</description>
		</sheet>		
	</element>
	<element name="Armblade" type="Class Feature" source="Eberron: Rising from the Last War" id="ID_WOTC_ERLW_CLASS_FEATURE_ARTIFICER_INFUSION_REPLICATE_MAGIC_ITEM_OPTION_ARMBLADE">		
		<supports>Replicate Magic Item Option</supports>
		<prerequisite>2nd-level artificer</prerequisite>
		<requirements>[level:2]</requirements>
		<description>
			<p><em>Prerequisite: 2nd-level artificer</em></p>
			<p>Using this infusion, you can replicate an Armblade.</p>
			<div class="reference">
				<div element="ID_WOTC_ERLW_MAGIC_ITEM_ARMBLADE" />
			</div>
		</description>
		<sheet usage="Replicate Magic Item">
			<description>Using this infusion, you can replicate an Armblade.</description>
		</sheet>		
	</element>
	<element name="Bag of Holding" type="Class Feature" source="Dungeon Master’s Guide" id="ID_WOTC_ERLW_CLASS_FEATURE_ARTIFICER_INFUSION_REPLICATE_MAGIC_ITEM_OPTION_BAG_OF_HOLDING">		
		<supports>Replicate Magic Item Option</supports>
		<prerequisite>2nd-level artificer</prerequisite>
		<requirements>[level:2]</requirements>
		<description>
			<p><em>Prerequisite: 2nd-level artificer</em></p>
			<p>Using this infusion, you can replicate a Bag of Holding.</p>
			<div class="reference">
				<div element="ID_WOTC_DMG_MAGIC_ITEM_BAG_OF_HOLDING" />
			</div>
		</description>
		<sheet>
			<description>Using this infusion, you can replicate a Bag of Holding.</description>
		</sheet>		
	</element>
	<element name="Cap of Water Breathing" type="Class Feature" source="Dungeon Master’s Guide" id="ID_WOTC_ERLW_CLASS_FEATURE_ARTIFICER_INFUSION_REPLICATE_MAGIC_ITEM_OPTION_CAP_OF_WATER_BREATHING">		
		<supports>Replicate Magic Item Option</supports>
		<prerequisite>2nd-level artificer</prerequisite>
		<requirements>[level:2]</requirements>
		<description>
			<p><em>Prerequisite: 2nd-level artificer</em></p>
			<p>Using this infusion, you can replicate a Cap of Water Breathing.</p>
			<div class="reference">
				<div element="ID_WOTC_DMG_MAGIC_ITEM_CAP_OF_WATER_BREATHING" />
			</div>
		</description>
		<sheet>
			<description>Using this infusion, you can replicate a Cap of Water Breathing.</description>
		</sheet>		
	</element>
	<element name="Goggles of Night" type="Class Feature" source="Dungeon Master’s Guide" id="ID_WOTC_ERLW_CLASS_FEATURE_ARTIFICER_INFUSION_REPLICATE_MAGIC_ITEM_OPTION_GOGGLES_OF_NIGHT">		
		<supports>Replicate Magic Item Option</supports>
		<prerequisite>2nd-level artificer</prerequisite>
		<requirements>[level:2]</requirements>
		<description>
			<p><em>Prerequisite: 2nd-level artificer</em></p>
			<p>Using this infusion, you can replicate Goggles of Night.</p>
			<div class="reference">
				<div element="ID_WOTC_DMG_MAGIC_ITEM_GOGGLES_OF_NIGHT" />
			</div>
		</description>
		<sheet>
			<description>Using this infusion, you can replicate Goggles of Night.</description>
		</sheet>		
	</element>
	<element name="Prosthetic Limb" type="Class Feature" source="Eberron: Rising from the Last War" id="ID_WOTC_ERLW_CLASS_FEATURE_ARTIFICER_INFUSION_REPLICATE_MAGIC_ITEM_OPTION_PROSTHETIC_LIMB">		
		<supports>Replicate Magic Item Option</supports>
		<prerequisite>2nd-level artificer</prerequisite>
		<requirements>[level:2]</requirements>
		<description>
			<p><em>Prerequisite: 2nd-level artificer</em></p>
			<p>Using this infusion, you can replicate a Prosthetic Limb.</p>
			<div class="reference">
				<div element="ID_WOTC_ERLW_MAGIC_ITEM_PROSTHETIC_LIMB" />
			</div>
		</description>
		<sheet>
			<description>Using this infusion, you can replicate a Prosthetic Limb.</description>
		</sheet>		
	</element>
	<element name="Rope of Climbing" type="Class Feature" source="Dungeon Master’s Guide" id="ID_WOTC_ERLW_CLASS_FEATURE_ARTIFICER_INFUSION_REPLICATE_MAGIC_ITEM_OPTION_ROPE_OF_CLIMBING">		
		<supports>Replicate Magic Item Option</supports>
		<prerequisite>2nd-level artificer</prerequisite>
		<requirements>[level:2]</requirements>
		<description>
			<p><em>Prerequisite: 2nd-level artificer</em></p>
			<p>Using this infusion, you can replicate a Rope of Climbing.</p>
			<div class="reference">
				<div element="ID_WOTC_DMG_MAGIC_ITEM_ROPE_OF_CLIMBING" />
			</div>
		</description>
		<sheet>
			<description>Using this infusion, you can replicate a Rope of Climbing.</description>
		</sheet>		
	</element>
	<element name="Sending Stones" type="Class Feature" source="Dungeon Master’s Guide" id="ID_WOTC_ERLW_CLASS_FEATURE_ARTIFICER_INFUSION_REPLICATE_MAGIC_ITEM_OPTION_SENDING_STONES">		
		<supports>Replicate Magic Item Option</supports>
		<prerequisite>2nd-level artificer</prerequisite>
		<requirements>[level:2]</requirements>
		<description>
			<p><em>Prerequisite: 2nd-level artificer</em></p>
			<p>Using this infusion, you can replicate Sending Stones.</p>
			<div class="reference">
				<div element="ID_WOTC_DMG_MAGIC_ITEM_SENDING_STONES" />
			</div>
		</description>
		<sheet>
			<description>Using this infusion, you can replicate Sending Stones.</description>
		</sheet>		
	</element>
	<element name="Wand of Magic Detection" type="Class Feature" source="Dungeon Master’s Guide" id="ID_WOTC_ERLW_CLASS_FEATURE_ARTIFICER_INFUSION_REPLICATE_MAGIC_ITEM_OPTION_WAND_OF_MAGIC_DETECTION">		
		<supports>Replicate Magic Item Option</supports>
		<prerequisite>2nd-level artificer</prerequisite>
		<requirements>[level:2]</requirements>
		<description>
			<p><em>Prerequisite: 2nd-level artificer</em></p>
			<p>Using this infusion, you can replicate a Wand of Magic Detection.</p>
			<div class="reference">
				<div element="ID_WOTC_DMG_MAGIC_ITEM_WAND_OF_MAGIC_DETECTION" />
			</div>
		</description>
		<sheet>
			<description>Using this infusion, you can replicate a Wand of Magic Detection.</description>
		</sheet>		
	</element>
	<element name="Wand of Secrets" type="Class Feature" source="Dungeon Master’s Guide" id="ID_WOTC_ERLW_CLASS_FEATURE_ARTIFICER_INFUSION_REPLICATE_MAGIC_ITEM_OPTION_WAND_OF_SECRETS">		
		<supports>Replicate Magic Item Option</supports>
		<prerequisite>2nd-level artificer</prerequisite>
		<requirements>[level:2]</requirements>
		<description>
			<p><em>Prerequisite: 2nd-level artificer</em></p>
			<p>Using this infusion, you can replicate a Wand of Secrets.</p>
			<div class="reference">
				<div element="ID_WOTC_DMG_MAGIC_ITEM_WAND_OF_SECRETS" />
			</div>
		</description>
		<sheet>
			<description>Using this infusion, you can replicate a Wand of Secrets.</description>
		</sheet>		
	</element>

	<!-- 6th-level -->
	<element name="Boots of Elvenkind" type="Class Feature" source="Dungeon Master’s Guide" id="ID_WOTC_ERLW_CLASS_FEATURE_ARTIFICER_INFUSION_REPLICATE_MAGIC_ITEM_OPTION_BOOTS_OF_ELVENKIND">		
		<supports>Replicate Magic Item Option</supports>
		<prerequisite>6th-level artificer</prerequisite>
		<requirements>[level:6]</requirements>
		<description>
			<p><em>Prerequisite: 6th-level artificer</em></p>
			<p>Using this infusion, you can replicate Boots of Elvenkind.</p>
			<div class="reference">
				<div element="ID_WOTC_DMG_MAGIC_ITEM_BOOTS_OF_ELVENKIND" />
			</div>
		</description>
		<sheet>
			<description>Using this infusion, you can replicate Boots of Elvenkind.</description>
		</sheet>		
	</element>
	<element name="Cloak of Elvenkind" type="Class Feature" source="Dungeon Master’s Guide" id="ID_WOTC_ERLW_CLASS_FEATURE_ARTIFICER_INFUSION_REPLICATE_MAGIC_ITEM_OPTION_CLOAK_OF_ELVENKIND">		
		<supports>Replicate Magic Item Option</supports>
		<prerequisite>6th-level artificer</prerequisite>
		<requirements>[level:6]</requirements>
		<description>
			<p><em>Prerequisite: 6th-level artificer</em></p>
			<p>Using this infusion, you can replicate a Cloak of Elvenkind.</p>
			<div class="reference">
				<div element="ID_WOTC_DMG_MAGIC_ITEM_CLOAK_OF_ELVENKIND" />
			</div>
		</description>
		<sheet>
			<description>Using this infusion, you can replicate a Cloak of Elvenkind.</description>
		</sheet>		
	</element>
	<element name="Cloak of the Manta Ray" type="Class Feature" source="Dungeon Master’s Guide" id="ID_WOTC_ERLW_CLASS_FEATURE_ARTIFICER_INFUSION_REPLICATE_MAGIC_ITEM_OPTION_CLOAK_OF_THE_MANTA_RAY">		
		<supports>Replicate Magic Item Option</supports>
		<prerequisite>6th-level artificer</prerequisite>
		<requirements>[level:6]</requirements>
		<description>
			<p><em>Prerequisite: 6th-level artificer</em></p>
			<p>Using this infusion, you can replicate a Cloak of the Manta Ray.</p>
			<div class="reference">
				<div element="ID_WOTC_DMG_MAGIC_ITEM_CLOAK_OF_THE_MANTA_RAY" />
			</div>
		</description>
		<sheet>
			<description>Using this infusion, you can replicate a Cloak of the Manta Ray.</description>
		</sheet>		
	</element>
	<element name="Eyes of Charming" type="Class Feature" source="Dungeon Master’s Guide" id="ID_WOTC_ERLW_CLASS_FEATURE_ARTIFICER_INFUSION_REPLICATE_MAGIC_ITEM_OPTION_EYES_OF_CHARMING">		
		<supports>Replicate Magic Item Option</supports>
		<prerequisite>6th-level artificer</prerequisite>
		<requirements>[level:6]</requirements>
		<description>
			<p><em>Prerequisite: 6th-level artificer</em></p>
			<p>Using this infusion, you can replicate Eyes of Charming.</p>
			<div class="reference">
				<div element="ID_WOTC_DMG_MAGIC_ITEM_EYES_OF_CHARMING" />
			</div>
		</description>
		<sheet>
			<description>Using this infusion, you can replicate Eyes of Charming.</description>
		</sheet>		
	</element>
	<element name="Gloves of Thievery" type="Class Feature" source="Dungeon Master’s Guide" id="ID_WOTC_ERLW_CLASS_FEATURE_ARTIFICER_INFUSION_REPLICATE_MAGIC_ITEM_OPTION_GLOVES_OF_THIEVERY">		
		<supports>Replicate Magic Item Option</supports>
		<prerequisite>6th-level artificer</prerequisite>
		<requirements>[level:6]</requirements>
		<description>
			<p><em>Prerequisite: 6th-level artificer</em></p>
			<p>Using this infusion, you can replicate Gloves of Thievery.</p>
			<div class="reference">
				<div element="ID_WOTC_DMG_MAGIC_ITEM_GLOVES_OF_THIEVERY" />
			</div>
		</description>
		<sheet>
			<description>Using this infusion, you can replicate Gloves of Thievery.</description>
		</sheet>		
	</element>
	<element name="Lantern of Revealing" type="Class Feature" source="Dungeon Master’s Guide" id="ID_WOTC_ERLW_CLASS_FEATURE_ARTIFICER_INFUSION_REPLICATE_MAGIC_ITEM_OPTION_LANTERN_OF_REVEALING">		
		<supports>Replicate Magic Item Option</supports>
		<prerequisite>6th-level artificer</prerequisite>
		<requirements>[level:6]</requirements>
		<description>
			<p><em>Prerequisite: 6th-level artificer</em></p>
			<p>Using this infusion, you can replicate a Lantern of Revealing.</p>
			<div class="reference">
				<div element="ID_WOTC_DMG_MAGIC_ITEM_LANTERN_OF_REVEALING" />
			</div>
		</description>
		<sheet>
			<description>Using this infusion, you can replicate a Lantern of Revealing.</description>
		</sheet>		
	</element>
	<element name="Pipes of Haunting" type="Class Feature" source="Dungeon Master’s Guide" id="ID_WOTC_ERLW_CLASS_FEATURE_ARTIFICER_INFUSION_REPLICATE_MAGIC_ITEM_OPTION_PIPES_OF_HAUNTING">		
		<supports>Replicate Magic Item Option</supports>
		<prerequisite>6th-level artificer</prerequisite>
		<requirements>[level:6]</requirements>
		<description>
			<p><em>Prerequisite: 6th-level artificer</em></p>
			<p>Using this infusion, you can replicate Pipes of Haunting.</p>
			<div class="reference">
				<div element="ID_WOTC_DMG_MAGIC_ITEM_PIPES_OF_HAUNTING" />
			</div>
		</description>
		<sheet>
			<description>Using this infusion, you can replicate Pipes of Haunting.</description>
		</sheet>		
	</element>
	<element name="Ring of Water Walking" type="Class Feature" source="Dungeon Master’s Guide" id="ID_WOTC_ERLW_CLASS_FEATURE_ARTIFICER_INFUSION_REPLICATE_MAGIC_ITEM_OPTION_RING_OF_WATER_WALKING">		
		<supports>Replicate Magic Item Option</supports>
		<prerequisite>6th-level artificer</prerequisite>
		<requirements>[level:6]</requirements>
		<description>
			<p><em>Prerequisite: 6th-level artificer</em></p>
			<p>Using this infusion, you can replicate a Ring of Water Walking.</p>
			<div class="reference">
				<div element="ID_WOTC_DMG_MAGIC_ITEM_RING_OF_WATER_WALKING" />
			</div>
		</description>
		<sheet>
			<description>Using this infusion, you can replicate a Ring of Water Walking.</description>
		</sheet>		
	</element>
	<element name="Wand Sheath" type="Class Feature" source="Eberron: Rising from the Last War" id="ID_WOTC_ERLW_CLASS_FEATURE_ARTIFICER_INFUSION_REPLICATE_MAGIC_ITEM_OPTION_WAND_SHEATH">		
		<supports>Replicate Magic Item Option</supports>
		<prerequisite>6th-level artificer</prerequisite>
		<requirements>[level:6]</requirements>
		<description>
			<p><em>Prerequisite: 6th-level artificer</em></p>
			<p>Using this infusion, you can replicate a Wand Sheath.</p>
			<div class="reference">
				<div element="ID_WOTC_ERLW_MAGIC_ITEM_WAND_SHEATH" />
			</div>
		</description>
		<sheet>
			<description>Using this infusion, you can replicate a Wand Sheath.</description>
		</sheet>		
	</element>

	<!-- 10th-level -->
	<element name="Boots of Striding and Springing" type="Class Feature" source="Dungeon Master’s Guide" id="ID_WOTC_ERLW_CLASS_FEATURE_ARTIFICER_INFUSION_REPLICATE_MAGIC_ITEM_OPTION_BOOTS_OF_STRIDING_AND_SPRINGING">	
		<supports>Replicate Magic Item Option</supports>
		<prerequisite>10th-level artificer</prerequisite>
		<requirements>[level:10]</requirements>
		<description>
			<p><em>Prerequisite: 10th-level artificer</em></p>
			<p>Using this infusion, you can replicate Boots of Striding and Springing.</p>
			<div class="reference">
				<div element="ID_WOTC_DMG_MAGIC_ITEM_BOOTS_OF_STRIDING_AND_SPRINGING" />
			</div>
		</description>
		<sheet>
			<description>Using this infusion, you can replicate Boots of Striding and Springing.</description>
		</sheet>		
	</element>
	<element name="Boots of the Winterlands" type="Class Feature" source="Dungeon Master’s Guide" id="ID_WOTC_ERLW_CLASS_FEATURE_ARTIFICER_INFUSION_REPLICATE_MAGIC_ITEM_OPTION_BOOTS_OF_THE_WINTERLANDS">		
		<supports>Replicate Magic Item Option</supports>
		<prerequisite>10th-level artificer</prerequisite>
		<requirements>[level:10]</requirements>
		<description>
			<p><em>Prerequisite: 10th-level artificer</em></p>
			<p>Using this infusion, you can replicate Boots of the Winterlands.</p>
			<div class="reference">
				<div element="ID_WOTC_DMG_MAGIC_ITEM_BOOTS_OF_THE_WINTERLANDS" />
			</div>
		</description>
		<sheet>
			<description>Using this infusion, you can replicate Boots of the Winterlands.</description>
		</sheet>		
	</element>
	<element name="Bracers of Archery" type="Class Feature" source="Dungeon Master’s Guide" id="ID_WOTC_ERLW_CLASS_FEATURE_ARTIFICER_INFUSION_REPLICATE_MAGIC_ITEM_OPTION_BRACERS_OF_ARCHERY">		
		<supports>Replicate Magic Item Option</supports>
		<prerequisite>10th-level artificer</prerequisite>
		<requirements>[level:10]</requirements>
		<description>
			<p><em>Prerequisite: 10th-level artificer</em></p>
			<p>Using this infusion, you can replicate Bracers of Archery.</p>
			<div class="reference">
				<div element="ID_WOTC_DMG_MAGIC_ITEM_BRACERS_OF_ARCHERY" />
			</div>
		</description>
		<sheet>
			<description>Using this infusion, you can replicate Bracers of Archery.</description>
		</sheet>		
	</element>
	<element name="Brooch of Shielding" type="Class Feature" source="Dungeon Master’s Guide" id="ID_WOTC_ERLW_CLASS_FEATURE_ARTIFICER_INFUSION_REPLICATE_MAGIC_ITEM_OPTION_BROOCH_OF_SHIELDING">		
		<supports>Replicate Magic Item Option</supports>
		<prerequisite>10th-level artificer</prerequisite>
		<requirements>[level:10]</requirements>
		<description>
			<p><em>Prerequisite: 10th-level artificer</em></p>
			<p>Using this infusion, you can replicate a Brooch of Shielding.</p>
			<div class="reference">
				<div element="ID_WOTC_DMG_MAGIC_ITEM_BROOCH_OF_SHIELDING" />
			</div>
		</description>
		<sheet>
			<description>Using this infusion, you can replicate a Brooch of Shielding.</description>
		</sheet>		
	</element>
	<element name="Cloak of Protection" type="Class Feature" source="Dungeon Master’s Guide" id="ID_WOTC_ERLW_CLASS_FEATURE_ARTIFICER_INFUSION_REPLICATE_MAGIC_ITEM_OPTION_CLOAK_OF_PROTECTION">		
		<supports>Replicate Magic Item Option</supports>
		<prerequisite>10th-level artificer</prerequisite>
		<requirements>[level:10]</requirements>
		<description>
			<p><em>Prerequisite: 10th-level artificer</em></p>
			<p>Using this infusion, you can replicate a Cloak of Protection.</p>
			<div class="reference">
				<div element="ID_WOTC_DMG_MAGIC_ITEM_CLOAK_OF_PROTECTION" />
			</div>
		</description>
		<sheet>
			<description>Using this infusion, you can replicate a Cloak of Protection.</description>
		</sheet>		
	</element>
	<element name="Eyes of the Eagle" type="Class Feature" source="Dungeon Master’s Guide" id="ID_WOTC_ERLW_CLASS_FEATURE_ARTIFICER_INFUSION_REPLICATE_MAGIC_ITEM_OPTION_EYES_OF_THE_EAGLE">		
		<supports>Replicate Magic Item Option</supports>
		<prerequisite>10th-level artificer</prerequisite>
		<requirements>[level:10]</requirements>
		<description>
			<p><em>Prerequisite: 10th-level artificer</em></p>
			<p>Using this infusion, you can replicate Eyes of the Eagle.</p>
			<div class="reference">
				<div element="ID_WOTC_DMG_MAGIC_ITEM_EYES_OF_THE_EAGLE" />
			</div>
		</description>
		<sheet>
			<description>Using this infusion, you can replicate Eyes of the Eagle.</description>
		</sheet>		
	</element>
	<element name="Gauntlets of Ogre Power" type="Class Feature" source="Dungeon Master’s Guide" id="ID_WOTC_ERLW_CLASS_FEATURE_ARTIFICER_INFUSION_REPLICATE_MAGIC_ITEM_OPTION_GAUNTLETS_OF_OGRE_POWER">		
		<supports>Replicate Magic Item Option</supports>
		<prerequisite>10th-level artificer</prerequisite>
		<requirements>[level:10]</requirements>
		<description>
			<p><em>Prerequisite: 10th-level artificer</em></p>
			<p>Using this infusion, you can replicate Gauntlets of Ogre Power.</p>
			<div class="reference">
				<div element="ID_WOTC_DMG_MAGIC_ITEM_GAUNTLETS_OF_OGRE_POWER" />
			</div>
		</description>
		<sheet>
			<description>Using this infusion, you can replicate Gauntlets of Ogre Power.</description>
		</sheet>		
	</element>
	<element name="Gloves of Missile Snaring" type="Class Feature" source="Dungeon Master’s Guide" id="ID_WOTC_ERLW_CLASS_FEATURE_ARTIFICER_INFUSION_REPLICATE_MAGIC_ITEM_OPTION_GLOVES_OF_MISSILE_SNARING">		
		<supports>Replicate Magic Item Option</supports>
		<prerequisite>10th-level artificer</prerequisite>
		<requirements>[level:10]</requirements>
		<description>
			<p><em>Prerequisite: 10th-level artificer</em></p>
			<p>Using this infusion, you can replicate Gloves of Missile Snaring.</p>
			<div class="reference">
				<div element="ID_WOTC_DMG_MAGIC_ITEM_GLOVES_OF_MISSILE_SNARING" />
			</div>
		</description>
		<sheet>
			<description>Using this infusion, you can replicate Gloves of Missile Snaring.</description>
		</sheet>		
	</element>
	<element name="Gloves of Swimming and Climbing" type="Class Feature" source="Dungeon Master’s Guide" id="ID_WOTC_ERLW_CLASS_FEATURE_ARTIFICER_INFUSION_REPLICATE_MAGIC_ITEM_OPTION_GLOVES_OF_SWIMMING_AND_CLIMBING">		
		<supports>Replicate Magic Item Option</supports>
		<prerequisite>10th-level artificer</prerequisite>
		<requirements>[level:10]</requirements>
		<description>
			<p><em>Prerequisite: 10th-level artificer</em></p>
			<p>Using this infusion, you can replicate Gloves of Swimming and Climbing.</p>
			<div class="reference">
				<div element="ID_WOTC_DMG_MAGIC_ITEM_GLOVES_OF_SWIMMING_AND_CLIMBING" />
			</div>
		</description>
		<sheet>
			<description>Using this infusion, you can replicate Gloves of Swimming and Climbing.</description>
		</sheet>		
	</element>
	<element name="Hat of Disguise" type="Class Feature" source="Dungeon Master’s Guide" id="ID_WOTC_ERLW_CLASS_FEATURE_ARTIFICER_INFUSION_REPLICATE_MAGIC_ITEM_OPTION_HAT_OF_DISGUISE">		
		<supports>Replicate Magic Item Option</supports>
		<prerequisite>10th-level artificer</prerequisite>
		<requirements>[level:10]</requirements>
		<description>
			<p><em>Prerequisite: 10th-level artificer</em></p>
			<p>Using this infusion, you can replicate a Hat of Disguise.</p>
			<div class="reference">
				<div element="ID_WOTC_DMG_MAGIC_ITEM_HAT_OF_DISGUISE" />
			</div>
		</description>
		<sheet>
			<description>Using this infusion, you can replicate a Hat of Disguise.</description>
		</sheet>		
	</element>
	<element name="Headband of Intellect" type="Class Feature" source="Dungeon Master’s Guide" id="ID_WOTC_ERLW_CLASS_FEATURE_ARTIFICER_INFUSION_REPLICATE_MAGIC_ITEM_OPTION_HEADBAND_OF_INTELLECT">		
		<supports>Replicate Magic Item Option</supports>
		<prerequisite>10th-level artificer</prerequisite>
		<requirements>[level:10]</requirements>
		<description>
			<p><em>Prerequisite: 10th-level artificer</em></p>
			<p>Using this infusion, you can replicate a Headband of Intellect.</p>
			<div class="reference">
				<div element="ID_WOTC_DMG_MAGIC_ITEM_HEADBAND_OF_INTELLECT" />
			</div>
		</description>
		<sheet>
			<description>Using this infusion, you can replicate a Headband of Intellect.</description>
		</sheet>		
	</element>
	<element name="Helm of Telepathy" type="Class Feature" source="Dungeon Master’s Guide" id="ID_WOTC_ERLW_CLASS_FEATURE_ARTIFICER_INFUSION_REPLICATE_MAGIC_ITEM_OPTION_HELM_OF_TELEPATHY">		
		<supports>Replicate Magic Item Option</supports>
		<prerequisite>10th-level artificer</prerequisite>
		<requirements>[level:10]</requirements>
		<description>
			<p><em>Prerequisite: 10th-level artificer</em></p>
			<p>Using this infusion, you can replicate a Helm of Telepathy.</p>
			<div class="reference">
				<div element="ID_WOTC_DMG_MAGIC_ITEM_HELM_OF_TELEPATHY" />
			</div>
		</description>
		<sheet>
			<description>Using this infusion, you can replicate a Helm of Telepathy.</description>
		</sheet>		
	</element>
	<element name="Medallion of Thoughts" type="Class Feature" source="Dungeon Master’s Guide" id="ID_WOTC_ERLW_CLASS_FEATURE_ARTIFICER_INFUSION_REPLICATE_MAGIC_ITEM_OPTION_MEDALLION_OF_THOUGHTS">		
		<supports>Replicate Magic Item Option</supports>
		<prerequisite>10th-level artificer</prerequisite>
		<requirements>[level:10]</requirements>
		<description>
			<p><em>Prerequisite: 10th-level artificer</em></p>
			<p>Using this infusion, you can replicate a Medallion of Thoughts.</p>
			<div class="reference">
				<div element="ID_WOTC_DMG_MAGIC_ITEM_MEDALLION_OF_THOUGHTS" />
			</div>
		</description>
		<sheet>
			<description>Using this infusion, you can replicate a Medallion of Thoughts.</description>
		</sheet>		
	</element>
	<element name="Periapt of Wound Closure" type="Class Feature" source="Dungeon Master’s Guide" id="ID_WOTC_ERLW_CLASS_FEATURE_ARTIFICER_INFUSION_REPLICATE_MAGIC_ITEM_OPTION_PERIAPT_OF_WOUND_CLOSURE">		
		<supports>Replicate Magic Item Option</supports>
		<prerequisite>10th-level artificer</prerequisite>
		<requirements>[level:10]</requirements>
		<description>
			<p><em>Prerequisite: 10th-level artificer</em></p>
			<p>Using this infusion, you can replicate a Periapt of Wound Closure.</p>
			<div class="reference">
				<div element="ID_WOTC_DMG_MAGIC_ITEM_PERIAPT_OF_WOUND_CLOSURE" />
			</div>
		</description>
		<sheet>
			<description>Using this infusion, you can replicate a Periapt of Wound Closure.</description>
		</sheet>		
	</element>
	<element name="Pipes of the Sewers" type="Class Feature" source="Dungeon Master’s Guide" id="ID_WOTC_ERLW_CLASS_FEATURE_ARTIFICER_INFUSION_REPLICATE_MAGIC_ITEM_OPTION_PIPES_OF_THE_SEWERS">		
		<supports>Replicate Magic Item Option</supports>
		<prerequisite>10th-level artificer</prerequisite>
		<requirements>[level:10]</requirements>
		<description>
			<p><em>Prerequisite: 10th-level artificer</em></p>
			<p>Using this infusion, you can replicate Pipes of the Sewers.</p>
			<div class="reference">
				<div element="ID_WOTC_DMG_MAGIC_ITEM_PIPES_OF_THE_SEWERS" />
			</div>
		</description>
		<sheet>
			<description>Using this infusion, you can replicate Pipes of the Sewers.</description>
		</sheet>		
	</element>
	<element name="Quiver of Ehlonna" type="Class Feature" source="Dungeon Master’s Guide" id="ID_WOTC_ERLW_CLASS_FEATURE_ARTIFICER_INFUSION_REPLICATE_MAGIC_ITEM_OPTION_QUIVER_OF_EHLONNA">		
		<supports>Replicate Magic Item Option</supports>
		<prerequisite>10th-level artificer</prerequisite>
		<requirements>[level:10]</requirements>
		<description>
			<p><em>Prerequisite: 10th-level artificer</em></p>
			<p>Using this infusion, you can replicate a Quiver of Ehlonna.</p>
			<div class="reference">
				<div element="ID_WOTC_DMG_MAGIC_ITEM_QUIVER_OF_EHLONNA" />
			</div>
		</description>
		<sheet>
			<description>Using this infusion, you can replicate a Quiver of Ehlonna.</description>
		</sheet>		
	</element>
	<element name="Ring of Jumping" type="Class Feature" source="Dungeon Master’s Guide" id="ID_WOTC_ERLW_CLASS_FEATURE_ARTIFICER_INFUSION_REPLICATE_MAGIC_ITEM_OPTION_RING_OF_JUMPING">		
		<supports>Replicate Magic Item Option</supports>
		<prerequisite>10th-level artificer</prerequisite>
		<requirements>[level:10]</requirements>
		<description>
			<p><em>Prerequisite: 10th-level artificer</em></p>
			<p>Using this infusion, you can replicate a Ring of Jumping.</p>
			<div class="reference">
				<div element="ID_WOTC_DMG_MAGIC_ITEM_RING_OF_JUMPING" />
			</div>
		</description>
		<sheet>
			<description>Using this infusion, you can replicate a Ring of Jumping.</description>
		</sheet>		
	</element>
	<element name="Ring of Mind Shielding" type="Class Feature" source="Dungeon Master’s Guide" id="ID_WOTC_ERLW_CLASS_FEATURE_ARTIFICER_INFUSION_REPLICATE_MAGIC_ITEM_OPTION_RING_OF_MIND_SHIELDING">		
		<supports>Replicate Magic Item Option</supports>
		<prerequisite>10th-level artificer</prerequisite>
		<requirements>[level:10]</requirements>
		<description>
			<p><em>Prerequisite: 10th-level artificer</em></p>
			<p>Using this infusion, you can replicate a Ring of Mind Shielding.</p>
			<div class="reference">
				<div element="ID_WOTC_DMG_MAGIC_ITEM_RING_OF_MIND_SHIELDING" />
			</div>
		</description>
		<sheet>
			<description>Using this infusion, you can replicate a Ring of Mind Shielding.</description>
		</sheet>		
	</element>
	<element name="Slippers of Spider Climbing" type="Class Feature" source="Dungeon Master’s Guide" id="ID_WOTC_ERLW_CLASS_FEATURE_ARTIFICER_INFUSION_REPLICATE_MAGIC_ITEM_OPTION_SLIPPERS_OF_SPIDER_CLIMBING">		
		<supports>Replicate Magic Item Option</supports>
		<prerequisite>10th-level artificer</prerequisite>
		<requirements>[level:10]</requirements>
		<description>
			<p><em>Prerequisite: 10th-level artificer</em></p>
			<p>Using this infusion, you can replicate Slippers of Spider Climbing.</p>
			<div class="reference">
				<div element="ID_WOTC_DMG_MAGIC_ITEM_SLIPPERS_OF_SPIDER_CLIMBING" />
			</div>
		</description>
		<sheet>
			<description>Using this infusion, you can replicate Slippers of Spider Climbing.</description>
		</sheet>		
	</element>
	<element name="Ventilating Lungs" type="Class Feature" source="Eberron: Rising from the Last War" id="ID_WOTC_ERLW_CLASS_FEATURE_ARTIFICER_INFUSION_REPLICATE_MAGIC_ITEM_OPTION_VENTILATING_LUNGS">		
		<supports>Replicate Magic Item Option</supports>
		<prerequisite>10th-level artificer</prerequisite>
		<requirements>[level:10]</requirements>
		<description>
			<p><em>Prerequisite: 10th-level artificer</em></p>
			<p>Using this infusion, you can replicate Ventilating Lungs.</p>
			<div class="reference">
				<div element="ID_WOTC_ERLW_MAGIC_ITEM_VENTILATING_LUNGS" />
			</div>
		</description>
		<sheet>
			<description>Using this infusion, you can replicate Ventilating Lungs.</description>
		</sheet>		
	</element>
	<element name="Winged Boots" type="Class Feature" source="Dungeon Master’s Guide" id="ID_WOTC_ERLW_CLASS_FEATURE_ARTIFICER_INFUSION_REPLICATE_MAGIC_ITEM_OPTION_WINGED_BOOTS">		
		<supports>Replicate Magic Item Option</supports>
		<prerequisite>10th-level artificer</prerequisite>
		<requirements>[level:10]</requirements>
		<description>
			<p><em>Prerequisite: 10th-level artificer</em></p>
			<p>Using this infusion, you can replicate Winged Boots.</p>
			<div class="reference">
				<div element="ID_WOTC_DMG_MAGIC_ITEM_WINGED_BOOTS" />
			</div>
		</description>
		<sheet>
			<description>Using this infusion, you can replicate Winged Boots.</description>
		</sheet>		
	</element>


	<!-- 14th-level -->
	<element name="Amulet of Health" type="Class Feature" source="Dungeon Master’s Guide" id="ID_WOTC_ERLW_CLASS_FEATURE_ARTIFICER_INFUSION_REPLICATE_MAGIC_ITEM_OPTION_AMULET_OF_HEALTH">		
		<supports>Replicate Magic Item Option</supports>
		<prerequisite>14th-level artificer</prerequisite>
		<requirements>[level:14]</requirements>
		<description>
			<p><em>Prerequisite: 14th-level artificer</em></p>
			<p>Using this infusion, you can replicate an Amulet of Health.</p>
			<div class="reference">
				<div element="ID_WOTC_DMG_MAGIC_ITEM_AMULET_OF_HEALTH" />
			</div>
		</description>
		<sheet>
			<description>Using this infusion, you can replicate an Amulet of Health.</description>
		</sheet>		
	</element>
	<element name="Arcane Propulsion Arm" type="Class Feature" source="Eberron: Rising from the Last War" id="ID_WOTC_ERLW_CLASS_FEATURE_ARTIFICER_INFUSION_REPLICATE_MAGIC_ITEM_OPTION_ARCANE_PROPULSION_ARM">		
		<supports>Replicate Magic Item Option</supports>
		<prerequisite>14th-level artificer</prerequisite>
		<requirements>[level:14]</requirements>
		<description>
			<p><em>Prerequisite: 14th-level artificer</em></p>
			<p>Using this infusion, you can replicate an Arcane Propulsion Arm.</p>
			<div class="reference">
				<div element="ID_WOTC_ERLW_MAGIC_ITEM_ARCANE_PROPULSION_ARM" />
			</div>
		</description>
		<sheet>
			<description>Using this infusion, you can replicate an Arcane Propulsion Arm.</description>
		</sheet>		
	</element>
	<element name="Belt of Hill Giant Strength" type="Class Feature" source="Dungeon Master’s Guide" id="ID_WOTC_ERLW_CLASS_FEATURE_ARTIFICER_INFUSION_REPLICATE_MAGIC_ITEM_OPTION_BELT_OF_HILL_GIANT_STRENGTH">		
		<supports>Replicate Magic Item Option</supports>
		<prerequisite>14th-level artificer</prerequisite>
		<requirements>[level:14]</requirements>
		<description>
			<p><em>Prerequisite: 14th-level artificer</em></p>
			<p>Using this infusion, you can replicate a Belt of Hill Giant Strength.</p>
			<div class="reference">
				<div element="ID_WOTC_DMG_MAGIC_ITEM_BELT_OF_HILL_GIANT_STRENGTH" />
			</div>
		</description>
		<sheet>
			<description>Using this infusion, you can replicate a Belt of Hill Giant Strength.</description>
		</sheet>		
	</element>
	<element name="Boots of Levitation" type="Class Feature" source="Dungeon Master’s Guide" id="ID_WOTC_ERLW_CLASS_FEATURE_ARTIFICER_INFUSION_REPLICATE_MAGIC_ITEM_OPTION_BOOTS_OF_LEVITATION">		
		<supports>Replicate Magic Item Option</supports>
		<prerequisite>14th-level artificer</prerequisite>
		<requirements>[level:14]</requirements>
		<description>
			<p><em>Prerequisite: 14th-level artificer</em></p>
			<p>Using this infusion, you can replicate Boots of Levitation.</p>
			<div class="reference">
				<div element="ID_WOTC_DMG_MAGIC_ITEM_BOOTS_OF_LEVITATION" />
			</div>
		</description>
		<sheet>
			<description>Using this infusion, you can replicate Boots of Levitation.</description>
		</sheet>		
	</element>
	<element name="Boots of Speed" type="Class Feature" source="Dungeon Master’s Guide" id="ID_WOTC_ERLW_CLASS_FEATURE_ARTIFICER_INFUSION_REPLICATE_MAGIC_ITEM_OPTION_BOOTS_OF_SPEED">		
		<supports>Replicate Magic Item Option</supports>
		<prerequisite>14th-level artificer</prerequisite>
		<requirements>[level:14]</requirements>
		<description>
			<p><em>Prerequisite: 14th-level artificer</em></p>
			<p>Using this infusion, you can replicate Boots of Speed.</p>
			<div class="reference">
				<div element="ID_WOTC_DMG_MAGIC_ITEM_BOOTS_OF_SPEED" />
			</div>
		</description>
		<sheet>
			<description>Using this infusion, you can replicate Boots of Speed.</description>
		</sheet>		
	</element>
	<element name="Bracers of Defense" type="Class Feature" source="Dungeon Master’s Guide" id="ID_WOTC_ERLW_CLASS_FEATURE_ARTIFICER_INFUSION_REPLICATE_MAGIC_ITEM_OPTION_BRACERS_OF_DEFENSE">		
		<supports>Replicate Magic Item Option</supports>
		<prerequisite>14th-level artificer</prerequisite>
		<requirements>[level:14]</requirements>
		<description>
			<p><em>Prerequisite: 14th-level artificer</em></p>
			<p>Using this infusion, you can replicate Bracers of Defense.</p>
			<div class="reference">
				<div element="ID_WOTC_DMG_MAGIC_ITEM_BRACERS_OF_DEFENSE" />
			</div>
		</description>
		<sheet>
			<description>Using this infusion, you can replicate Bracers of Defense.</description>
		</sheet>		
	</element>
	<element name="Cloak of the Bat" type="Class Feature" source="Dungeon Master’s Guide" id="ID_WOTC_ERLW_CLASS_FEATURE_ARTIFICER_INFUSION_REPLICATE_MAGIC_ITEM_OPTION_CLOAK_OF_THE_BAT">		
		<supports>Replicate Magic Item Option</supports>
		<prerequisite>14th-level artificer</prerequisite>
		<requirements>[level:14]</requirements>
		<description>
			<p><em>Prerequisite: 14th-level artificer</em></p>
			<p>Using this infusion, you can replicate a Cloak of the Bat.</p>
			<div class="reference">
				<div element="ID_WOTC_DMG_MAGIC_ITEM_CLOAK_OF_THE_BAT" />
			</div>
		</description>
		<sheet>
			<description>Using this infusion, you can replicate a Cloak of the Bat.</description>
		</sheet>		
	</element>
	<element name="Dimensional Shackles" type="Class Feature" source="Dungeon Master’s Guide" id="ID_WOTC_ERLW_CLASS_FEATURE_ARTIFICER_INFUSION_REPLICATE_MAGIC_ITEM_OPTION_DIMENSIONAL_SHACKLES">		
		<supports>Replicate Magic Item Option</supports>
		<prerequisite>14th-level artificer</prerequisite>
		<requirements>[level:14]</requirements>
		<description>
			<p><em>Prerequisite: 14th-level artificer</em></p>
			<p>Using this infusion, you can replicate Dimensional Shackles.</p>
			<div class="reference">
				<div element="ID_WOTC_DMG_MAGIC_ITEM_DIMENSIONAL_SHACKLES" />
			</div>
		</description>
		<sheet>
			<description>Using this infusion, you can replicate Dimensional Shackles.</description>
		</sheet>		
	</element>
	<element name="Gem of Seeing" type="Class Feature" source="Dungeon Master’s Guide" id="ID_WOTC_ERLW_CLASS_FEATURE_ARTIFICER_INFUSION_REPLICATE_MAGIC_ITEM_OPTION_GEM_OF_SEEING">		
		<supports>Replicate Magic Item Option</supports>
		<prerequisite>14th-level artificer</prerequisite>
		<requirements>[level:14]</requirements>
		<description>
			<p><em>Prerequisite: 14th-level artificer</em></p>
			<p>Using this infusion, you can replicate a Gem of Seeing.</p>
			<div class="reference">
				<div element="ID_WOTC_DMG_MAGIC_ITEM_GEM_OF_SEEING" />
			</div>
		</description>
		<sheet>
			<description>Using this infusion, you can replicate a Gem of Seeing.</description>
		</sheet>		
	</element>
	<element name="Horn of Blasting" type="Class Feature" source="Dungeon Master’s Guide" id="ID_WOTC_ERLW_CLASS_FEATURE_ARTIFICER_INFUSION_REPLICATE_MAGIC_ITEM_OPTION_HORN_OF_BLASTING">		
		<supports>Replicate Magic Item Option</supports>
		<prerequisite>14th-level artificer</prerequisite>
		<requirements>[level:14]</requirements>
		<description>
			<p><em>Prerequisite: 14th-level artificer</em></p>
			<p>Using this infusion, you can replicate a Horn of Blasting.</p>
			<div class="reference">
				<div element="ID_WOTC_DMG_MAGIC_ITEM_HORN_OF_BLASTING" />
			</div>
		</description>
		<sheet>
			<description>Using this infusion, you can replicate a Horn of Blasting.</description>
		</sheet>		
	</element>
	<element name="Ring of Free Action" type="Class Feature" source="Dungeon Master’s Guide" id="ID_WOTC_ERLW_CLASS_FEATURE_ARTIFICER_INFUSION_REPLICATE_MAGIC_ITEM_OPTION_RING_OF_FREE_ACTION">		
		<supports>Replicate Magic Item Option</supports>
		<prerequisite>14th-level artificer</prerequisite>
		<requirements>[level:14]</requirements>
		<description>
			<p><em>Prerequisite: 14th-level artificer</em></p>
			<p>Using this infusion, you can replicate a Ring of Free Action.</p>
			<div class="reference">
				<div element="ID_WOTC_DMG_MAGIC_ITEM_RING_OF_FREE_ACTION" />
			</div>
		</description>
		<sheet>
			<description>Using this infusion, you can replicate a Ring of Free Action.</description>
		</sheet>		
	</element>
	<element name="Ring of Protection" type="Class Feature" source="Dungeon Master’s Guide" id="ID_WOTC_ERLW_CLASS_FEATURE_ARTIFICER_INFUSION_REPLICATE_MAGIC_ITEM_OPTION_RING_OF_PROTECTION">		
		<supports>Replicate Magic Item Option</supports>
		<prerequisite>14th-level artificer</prerequisite>
		<requirements>[level:14]</requirements>
		<description>
			<p><em>Prerequisite: 14th-level artificer</em></p>
			<p>Using this infusion, you can replicate a Ring of Protection.</p>
			<div class="reference">
				<div element="ID_WOTC_DMG_MAGIC_ITEM_RING_OF_PROTECTION" />
			</div>
		</description>
		<sheet>
			<description>Using this infusion, you can replicate a Ring of Protection.</description>
		</sheet>		
	</element>
	<element name="Ring of the Ram" type="Class Feature" source="Dungeon Master’s Guide" id="ID_WOTC_ERLW_CLASS_FEATURE_ARTIFICER_INFUSION_REPLICATE_MAGIC_ITEM_OPTION_RING_OF_THE_RAM">		
		<supports>Replicate Magic Item Option</supports>
		<prerequisite>14th-level artificer</prerequisite>
		<requirements>[level:14]</requirements>
		<description>
			<p><em>Prerequisite: 14th-level artificer</em></p>
			<p>Using this infusion, you can replicate a Ring of the Ram.</p>
			<div class="reference">
				<div element="ID_WOTC_DMG_MAGIC_ITEM_RING_OF_THE_RAM" />
			</div>
		</description>
		<sheet>
			<description>Using this infusion, you can replicate a Ring of the Ram.</description>
		</sheet>		
	</element>


	<!-- Xanathar’s Guide to Everything (48 Common Items) -->
	<element name="Armor of Gleaming" type="Class Feature" source="Xanathar’s Guide to Everything" id="ID_WOTC_ERLW_CLASS_FEATURE_ARTIFICER_INFUSION_REPLICATE_MAGIC_ITEM_OPTION_ARMOR_OF_GLEAMING">		
		<supports>Replicate Magic Item Option</supports>
		<description>
			<p>Using this infusion, you can replicate an Armor of Gleaming.</p>
			<div class="reference">
				<div element="ID_WOTC_XGTE_MAGIC_ITEM_ARMOR_OF_GLEAMINGT" />
			</div>
		</description>
		<sheet>
			<description>Using this infusion, you can replicate an Armor of Gleaming.</description>
		</sheet>		
	</element>
	<element name="Bead of Nourishment" type="Class Feature" source="Xanathar’s Guide to Everything" id="ID_WOTC_ERLW_CLASS_FEATURE_ARTIFICER_INFUSION_REPLICATE_MAGIC_ITEM_OPTION_BEAD_OF_NOURISHMENT">		
		<supports>Replicate Magic Item Option</supports>
		<description>
			<p>Using this infusion, you can replicate a Bead of Nourishment.</p>
			<div class="reference">
				<div element="ID_WOTC_XGTE_MAGIC_ITEM_BEAD_OF_NOURISHMENT" />
			</div>
		</description>
		<sheet>
			<description>Using this infusion, you can replicate a Bead of Nourishment.</description>
		</sheet>		
	</element>
	<element name="Bead of Refreshment" type="Class Feature" source="Xanathar’s Guide to Everything" id="ID_WOTC_ERLW_CLASS_FEATURE_ARTIFICER_INFUSION_REPLICATE_MAGIC_ITEM_OPTION_BEAD_OF_REFRESHMENT">		
		<supports>Replicate Magic Item Option</supports>
		<description>
			<p>Using this infusion, you can replicate a Bead of Refreshment.</p>
			<div class="reference">
				<div element="ID_WOTC_XGTE_MAGIC_ITEM_BEAD_OF_REFRESHMENT" />
			</div>
		</description>
		<sheet>
			<description>Using this infusion, you can replicate a Bead of Refreshment.</description>
		</sheet>		
	</element>
	<element name="Boots of False Tracks" type="Class Feature" source="Xanathar’s Guide to Everything" id="ID_WOTC_ERLW_CLASS_FEATURE_ARTIFICER_INFUSION_REPLICATE_MAGIC_ITEM_OPTION_BOOTS_OF_FALSE_TRACKS">		
		<supports>Replicate Magic Item Option</supports>
		<description>
			<p>Using this infusion, you can replicate Boots of False Tracks.</p>
			<div class="reference">
				<div element="ID_WOTC_XGTE_MAGIC_ITEM_BOOTS_OF_FALSE_TRACKS" />
			</div>
		</description>
		<sheet>
			<description>Using this infusion, you can replicate Boots of False Tracks.</description>
		</sheet>		
	</element>
	<element name="Candle of the Deep" type="Class Feature" source="Xanathar’s Guide to Everything" id="ID_WOTC_ERLW_CLASS_FEATURE_ARTIFICER_INFUSION_REPLICATE_MAGIC_ITEM_OPTION_CANDLE_OF_THE_DEEP">		
		<supports>Replicate Magic Item Option</supports>
		<description>
			<p>Using this infusion, you can replicate a Candle of the Deep.</p>
			<div class="reference">
				<div element="ID_WOTC_XGTE_MAGIC_ITEM_CANDLE_OF_THE_DEEP" />
			</div>
		</description>
		<sheet>
			<description>Using this infusion, you can replicate a Candle of the Deep.</description>
		</sheet>		
	</element>
	<element name="Cast-Off Armor" type="Class Feature" source="Xanathar’s Guide to Everything" id="ID_WOTC_ERLW_CLASS_FEATURE_ARTIFICER_INFUSION_REPLICATE_MAGIC_ITEM_OPTION_CAST_OFF_ARMOR">		
		<supports>Replicate Magic Item Option</supports>
		<description>
			<p>Using this infusion, you can replicate a Cast-Off Armor.</p>
			<div class="reference">
				<div element="ID_WOTC_XGTE_MAGIC_ITEM_CAST_OFF_ARMOR" />
			</div>
		</description>
		<sheet>
			<description>Using this infusion, you can replicate a Cast-Off Armor.</description>
		</sheet>		
	</element>
	<element name="Charlatan’s Die" type="Class Feature" source="Xanathar’s Guide to Everything" id="ID_WOTC_ERLW_CLASS_FEATURE_ARTIFICER_INFUSION_REPLICATE_MAGIC_ITEM_OPTION_CHARLATANS_DIE">		
		<supports>Replicate Magic Item Option</supports>
		<description>
			<p>Using this infusion, you can replicate a Charlatan’s Die.</p>
			<div class="reference">
				<div element="ID_WOTC_XGTE_MAGIC_ITEM_CHARLATANS_DIE" />
			</div>
		</description>
		<sheet>
			<description>Using this infusion, you can replicate a Charlatan’s Die.</description>
		</sheet>		
	</element>
	<element name="Cloak of Billowing" type="Class Feature" source="Xanathar’s Guide to Everything" id="ID_WOTC_ERLW_CLASS_FEATURE_ARTIFICER_INFUSION_REPLICATE_MAGIC_ITEM_OPTION_CLOAK_OF_BILLOWING">		
		<supports>Replicate Magic Item Option</supports>
		<description>
			<p>Using this infusion, you can replicate a Cloak of Billowing.</p>
			<div class="reference">
				<div element="ID_WOTC_XGTE_MAGIC_ITEM_CLOAK_OF_BILLOWING" />
			</div>
		</description>
		<sheet>
			<description>Using this infusion, you can replicate a Cloak of Billowing.</description>
		</sheet>		
	</element>
	<element name="Cloak of Many Fashions" type="Class Feature" source="Xanathar’s Guide to Everything" id="ID_WOTC_ERLW_CLASS_FEATURE_ARTIFICER_INFUSION_REPLICATE_MAGIC_ITEM_OPTION_CLOAK_OF_MANY_FASHIONS">		
		<supports>Replicate Magic Item Option</supports>
		<description>
			<p>Using this infusion, you can replicate a Cloak of Many Fashions.</p>
			<div class="reference">
				<div element="ID_WOTC_XGTE_MAGIC_ITEM_CLOAK_OF_MANY_FASHIONS" />
			</div>
		</description>
		<sheet>
			<description>Using this infusion, you can replicate a Cloak of Many Fashions.</description>
		</sheet>		
	</element>
	<element name="Clockwork Amulet" type="Class Feature" source="Xanathar’s Guide to Everything" id="ID_WOTC_ERLW_CLASS_FEATURE_ARTIFICER_INFUSION_REPLICATE_MAGIC_ITEM_OPTION_CLOCKWORK_AMULET">		
		<supports>Replicate Magic Item Option</supports>
		<description>
			<p>Using this infusion, you can replicate a Clockwork Amulet.</p>
			<div class="reference">
				<div element="ID_WOTC_XGTE_MAGIC_ITEM_CLOCKWORK_AMULET" />
			</div>
		</description>
		<sheet>
			<description>Using this infusion, you can replicate a Clockwork Amulet.</description>
		</sheet>		
	</element>
	<element name="Clothes of Mending" type="Class Feature" source="Xanathar’s Guide to Everything" id="ID_WOTC_ERLW_CLASS_FEATURE_ARTIFICER_INFUSION_REPLICATE_MAGIC_ITEM_OPTION_CLOTHES_OF_MENDING">		
		<supports>Replicate Magic Item Option</supports>
		<description>
			<p>Using this infusion, you can replicate Clothes of Mending.</p>
			<div class="reference">
				<div element="ID_WOTC_XGTE_MAGIC_ITEM_CLOTHES_OF_MENDING" />
			</div>
		</description>
		<sheet>
			<description>Using this infusion, you can replicate Clothes of Mending.</description>
		</sheet>		
	</element>
	<element name="Dark Shard Amulet" type="Class Feature" source="Xanathar’s Guide to Everything" id="ID_WOTC_ERLW_CLASS_FEATURE_ARTIFICER_INFUSION_REPLICATE_MAGIC_ITEM_OPTION_DARK_SHARD_AMULET">		
		<supports>Replicate Magic Item Option</supports>
		<description>
			<p>Using this infusion, you can replicate a Dark Shard Amulet.</p>
			<div class="reference">
				<div element="ID_WOTC_XGTE_MAGIC_ITEM_DARK_SHARD_AMULET" />
			</div>
		</description>
		<sheet>
			<description>Using this infusion, you can replicate a Dark Shard Amulet.</description>
		</sheet>		
	</element>
	<element name="Dread Helm" type="Class Feature" source="Xanathar’s Guide to Everything" id="ID_WOTC_ERLW_CLASS_FEATURE_ARTIFICER_INFUSION_REPLICATE_MAGIC_ITEM_OPTION_DREAD_HELM">		
		<supports>Replicate Magic Item Option</supports>
		<description>
			<p>Using this infusion, you can replicate a Dread Helm.</p>
			<div class="reference">
				<div element="ID_WOTC_XGTE_MAGIC_ITEM_DREAD_HELM" />
			</div>
		</description>
		<sheet>
			<description>Using this infusion, you can replicate a Dread Helm.</description>
		</sheet>		
	</element>
	<element name="Ear Horn of Hearing" type="Class Feature" source="Xanathar’s Guide to Everything" id="ID_WOTC_ERLW_CLASS_FEATURE_ARTIFICER_INFUSION_REPLICATE_MAGIC_ITEM_OPTION_EAR_HORN_OF_HEARING">		
		<supports>Replicate Magic Item Option</supports>
		<description>
			<p>Using this infusion, you can replicate an Ear Horn of Hearing.</p>
			<div class="reference">
				<div element="ID_WOTC_XGTE_MAGIC_ITEM_EAR_HORN_OF_HEARING" />
			</div>
		</description>
		<sheet>
			<description>Using this infusion, you can replicate an Ear Horn of Hearing.</description>
		</sheet>		
	</element>
	<element name="Enduring Spellbook" type="Class Feature" source="Xanathar’s Guide to Everything" id="ID_WOTC_ERLW_CLASS_FEATURE_ARTIFICER_INFUSION_REPLICATE_MAGIC_ITEM_OPTION_ENDURING_SPELLBOOK">		
		<supports>Replicate Magic Item Option</supports>
		<description>
			<p>Using this infusion, you can replicate an Enduring Spellbook.</p>
			<div class="reference">
				<div element="ID_WOTC_XGTE_MAGIC_ITEM_ENDURING_SPELLBOOK" />
			</div>
		</description>
		<sheet>
			<description>Using this infusion, you can replicate an Enduring Spellbook.</description>
		</sheet>		
	</element>
	<element name="Ersatz Eye" type="Class Feature" source="Xanathar’s Guide to Everything" id="ID_WOTC_ERLW_CLASS_FEATURE_ARTIFICER_INFUSION_REPLICATE_MAGIC_ITEM_OPTION_ERSATZ_EYE">		
		<supports>Replicate Magic Item Option</supports>
		<description>
			<p>Using this infusion, you can replicate an Ersatz Eye.</p>
			<div class="reference">
				<div element="ID_WOTC_XGTE_MAGIC_ITEM_ERSATZ_EYE" />
			</div>
		</description>
		<sheet>
			<description>Using this infusion, you can replicate an Ersatz Eye.</description>
		</sheet>		
	</element>
	<element name="Hat of Vermin" type="Class Feature" source="Xanathar’s Guide to Everything" id="ID_WOTC_ERLW_CLASS_FEATURE_ARTIFICER_INFUSION_REPLICATE_MAGIC_ITEM_OPTION_HAT_OF_VERMIN">		
		<supports>Replicate Magic Item Option</supports>
		<description>
			<p>Using this infusion, you can replicate a Hat of Vermin.</p>
			<div class="reference">
				<div element="ID_WOTC_XGTE_MAGIC_ITEM_HAT_OF_VERMIN" />
			</div>
		</description>
		<sheet>
			<description>Using this infusion, you can replicate a Hat of Vermin.</description>
		</sheet>		
	</element>
	<element name="Hat of Wizardry" type="Class Feature" source="Xanathar’s Guide to Everything" id="ID_WOTC_ERLW_CLASS_FEATURE_ARTIFICER_INFUSION_REPLICATE_MAGIC_ITEM_OPTION_HAT_OF_WIZARDRY">		
		<supports>Replicate Magic Item Option</supports>
		<description>
			<p>Using this infusion, you can replicate a Hat of Wizardry.</p>
			<div class="reference">
				<div element="ID_WOTC_XGTE_MAGIC_ITEM_HAT_OF_WIZARDRY" />
			</div>
		</description>
		<sheet>
			<description>Using this infusion, you can replicate a Hat of Wizardry.</description>
		</sheet>		
	</element>
	<element name="Heward’s Handy Spice Pouch" type="Class Feature" source="Xanathar’s Guide to Everything" id="ID_WOTC_ERLW_CLASS_FEATURE_ARTIFICER_INFUSION_REPLICATE_MAGIC_ITEM_OPTION_HEWARDS_HANDY_SPICE_POUCH">		
		<supports>Replicate Magic Item Option</supports>
		<description>
			<p>Using this infusion, you can replicate a Heward’s Handy Spice Pouch.</p>
			<div class="reference">
				<div element="ID_WOTC_XGTE_MAGIC_ITEM_HEWARDS_HANDY_SPICE_POUCH" />
			</div>
		</description>
		<sheet>
			<description>Using this infusion, you can replicate a Heward’s Handy Spice Pouch.</description>
		</sheet>		
	</element>
	<element name="Horn of Silent Alarm" type="Class Feature" source="Xanathar’s Guide to Everything" id="ID_WOTC_ERLW_CLASS_FEATURE_ARTIFICER_INFUSION_REPLICATE_MAGIC_ITEM_OPTION_HORN_OF_SILENT_ALARM">		
		<supports>Replicate Magic Item Option</supports>
		<description>
			<p>Using this infusion, you can replicate a Horn of Silent Alarm.</p>
			<div class="reference">
				<div element="ID_WOTC_XGTE_MAGIC_ITEM_HORN_OF_SILENT_ALARM" />
			</div>
		</description>
		<sheet>
			<description>Using this infusion, you can replicate a Horn of Silent Alarm.</description>
		</sheet>		
	</element>
	<element name="Instrument of Illusions" type="Class Feature" source="Xanathar’s Guide to Everything" id="ID_WOTC_ERLW_CLASS_FEATURE_ARTIFICER_INFUSION_REPLICATE_MAGIC_ITEM_OPTION_INSTRUMENT_OF_ILLUSIONS">		
		<supports>Replicate Magic Item Option</supports>
		<description>
			<p>Using this infusion, you can replicate an Instrument of Illusions.</p>
			<div class="reference">
				<div element="ID_WOTC_XGTE_MAGIC_ITEM_INSTRUMENT_OF_ILLUSIONS" />
			</div>
		</description>
		<sheet>
			<description>Using this infusion, you can replicate an Instrument of Illusions.</description>
		</sheet>		
	</element>
	<element name="Instrument of Scribing" type="Class Feature" source="Xanathar’s Guide to Everything" id="ID_WOTC_ERLW_CLASS_FEATURE_ARTIFICER_INFUSION_REPLICATE_MAGIC_ITEM_OPTION_INSTRUMENT_OF_SCRIBING">		
		<supports>Replicate Magic Item Option</supports>
		<description>
			<p>Using this infusion, you can replicate an Instrument of Scribing.</p>
			<div class="reference">
				<div element="ID_WOTC_XGTE_MAGIC_ITEM_INSTRUMENT_OF_SCRIBING" />
			</div>
		</description>
		<sheet>
			<description>Using this infusion, you can replicate an Instrument of Scribing.</description>
		</sheet>		
	</element>
	<element name="Lock of Trickery" type="Class Feature" source="Xanathar’s Guide to Everything" id="ID_WOTC_ERLW_CLASS_FEATURE_ARTIFICER_INFUSION_REPLICATE_MAGIC_ITEM_OPTION_LOCK_OF_TRICKERY">		
		<supports>Replicate Magic Item Option</supports>
		<description>
			<p>Using this infusion, you can replicate a Lock of Trickery.</p>
			<div class="reference">
				<div element="ID_WOTC_XGTE_MAGIC_ITEM_LOCK_OF_TRICKERY" />
			</div>
		</description>
		<sheet>
			<description>Using this infusion, you can replicate a Lock of Trickery.</description>
		</sheet>		
	</element>
	<element name="Moon-Touched Sword" type="Class Feature" source="Xanathar’s Guide to Everything" id="ID_WOTC_ERLW_CLASS_FEATURE_ARTIFICER_INFUSION_REPLICATE_MAGIC_ITEM_OPTION_MOONTOUCHED_SWORD">		
		<supports>Replicate Magic Item Option</supports>
		<description>
			<p>Using this infusion, you can replicate a Moon-Touched Sword.</p>
			<div class="reference">
				<div element="ID_WOTC_XGTE_MAGIC_ITEM_MOONTOUCHED_SWORD" />
			</div>
		</description>
		<sheet>
			<description>Using this infusion, you can replicate a Moon-Touched Sword.</description>
		</sheet>		
	</element>
	<element name="Mystery Key" type="Class Feature" source="Xanathar’s Guide to Everything" id="ID_WOTC_ERLW_CLASS_FEATURE_ARTIFICER_INFUSION_REPLICATE_MAGIC_ITEM_OPTION_MYSTERY_KEY">		
		<supports>Replicate Magic Item Option</supports>
		<description>
			<p>Using this infusion, you can replicate a Mystery Key.</p>
			<div class="reference">
				<div element="ID_WOTC_XGTE_MAGIC_ITEM_MYSTERY_KEY" />
			</div>
		</description>
		<sheet>
			<description>Using this infusion, you can replicate a Mystery Key.</description>
		</sheet>		
	</element>
	<element name="Orb of Direction" type="Class Feature" source="Xanathar’s Guide to Everything" id="ID_WOTC_ERLW_CLASS_FEATURE_ARTIFICER_INFUSION_REPLICATE_MAGIC_ITEM_OPTION_ORB_OF_DIRECTION">		
		<supports>Replicate Magic Item Option</supports>
		<description>
			<p>Using this infusion, you can replicate an Orb of Direction.</p>
			<div class="reference">
				<div element="ID_WOTC_XGTE_MAGIC_ITEM_ORB_OF_DIRECTION" />
			</div>
		</description>
		<sheet>
			<description>Using this infusion, you can replicate an Orb of Direction.</description>
		</sheet>		
	</element>
	<element name="Orb of Time" type="Class Feature" source="Xanathar’s Guide to Everything" id="ID_WOTC_ERLW_CLASS_FEATURE_ARTIFICER_INFUSION_REPLICATE_MAGIC_ITEM_OPTION_ORB_OF_TIME">		
		<supports>Replicate Magic Item Option</supports>
		<description>
			<p>Using this infusion, you can replicate an Orb of Time.</p>
			<div class="reference">
				<div element="ID_WOTC_XGTE_MAGIC_ITEM_ORB_OF_TIME" />
			</div>
		</description>
		<sheet>
			<description>Using this infusion, you can replicate an Orb of Time.</description>
		</sheet>		
	</element>
	<element name="Perfume of Bewitching" type="Class Feature" source="Xanathar’s Guide to Everything" id="ID_WOTC_ERLW_CLASS_FEATURE_ARTIFICER_INFUSION_REPLICATE_MAGIC_ITEM_OPTION_PERFUME_OF_BEWITCHING">		
		<supports>Replicate Magic Item Option</supports>
		<description>
			<p>Using this infusion, you can replicate Perfume of Bewitching.</p>
			<div class="reference">
				<div element="ID_WOTC_XGTE_MAGIC_ITEM_PERFUME_OF_BEWITCHING" />
			</div>
		</description>
		<sheet>
			<description>Using this infusion, you can replicate Perfume of Bewitching.</description>
		</sheet>		
	</element>
	<element name="Pipe of Smoke Monsters" type="Class Feature" source="Xanathar’s Guide to Everything" id="ID_WOTC_ERLW_CLASS_FEATURE_ARTIFICER_INFUSION_REPLICATE_MAGIC_ITEM_OPTION_PIPE_OF_SMOKE_MONSTERS">		
		<supports>Replicate Magic Item Option</supports>
		<description>
			<p>Using this infusion, you can replicate a Pipe of Smoke Monsters.</p>
			<div class="reference">
				<div element="ID_WOTC_XGTE_MAGIC_ITEM_PIPE_OF_SMOKE_MONSTERS" />
			</div>
		</description>
		<sheet>
			<description>Using this infusion, you can replicate a Pipe of Smoke Monsters.</description>
		</sheet>		
	</element>
	<element name="Pole of Angling" type="Class Feature" source="Xanathar’s Guide to Everything" id="ID_WOTC_ERLW_CLASS_FEATURE_ARTIFICER_INFUSION_REPLICATE_MAGIC_ITEM_OPTION_POLE_OF_ANGLING">		
		<supports>Replicate Magic Item Option</supports>
		<description>
			<p>Using this infusion, you can replicate a Pole of Angling.</p>
			<div class="reference">
				<div element="ID_WOTC_XGTE_MAGIC_ITEM_POLE_OF_ANGLING" />
			</div>
		</description>
		<sheet>
			<description>Using this infusion, you can replicate a Pole of Angling.</description>
		</sheet>		
	</element>
	<element name="Pole of Collapsing" type="Class Feature" source="Xanathar’s Guide to Everything" id="ID_WOTC_ERLW_CLASS_FEATURE_ARTIFICER_INFUSION_REPLICATE_MAGIC_ITEM_OPTION_POLE_OF_COLLAPSING">		
		<supports>Replicate Magic Item Option</supports>
		<description>
			<p>Using this infusion, you can replicate a Pole of Collapsing.</p>
			<div class="reference">
				<div element="ID_WOTC_XGTE_MAGIC_ITEM_POLE_OF_COLLAPSING" />
			</div>
		</description>
		<sheet>
			<description>Using this infusion, you can replicate a Pole of Collapsing.</description>
		</sheet>		
	</element>
	<element name="Pot of Awakening" type="Class Feature" source="Xanathar’s Guide to Everything" id="ID_WOTC_ERLW_CLASS_FEATURE_ARTIFICER_INFUSION_REPLICATE_MAGIC_ITEM_OPTION_POT_OF_AWAKENING">		
		<supports>Replicate Magic Item Option</supports>
		<description>
			<p>Using this infusion, you can replicate a Pot of Awakening.</p>
			<div class="reference">
				<div element="ID_WOTC_XGTE_MAGIC_ITEM_POT_OF_AWAKENING" />
			</div>
		</description>
		<sheet>
			<description>Using this infusion, you can replicate a Pot of Awakening.</description>
		</sheet>		
	</element>
	<element name="Rope of Mending" type="Class Feature" source="Xanathar’s Guide to Everything" id="ID_WOTC_ERLW_CLASS_FEATURE_ARTIFICER_INFUSION_REPLICATE_MAGIC_ITEM_OPTION_ROPE_OF_MENDING">		
		<supports>Replicate Magic Item Option</supports>
		<description>
			<p>Using this infusion, you can replicate a Rope of Mending.</p>
			<div class="reference">
				<div element="ID_WOTC_XGTE_MAGIC_ITEM_ROPE_OF_MENDING" />
			</div>
		</description>
		<sheet>
			<description>Using this infusion, you can replicate a Rope of Mending.</description>
		</sheet>		
	</element>
	<element name="Ruby of the War Mage" type="Class Feature" source="Xanathar’s Guide to Everything" id="ID_WOTC_ERLW_CLASS_FEATURE_ARTIFICER_INFUSION_REPLICATE_MAGIC_ITEM_OPTION_RUBY_OF_THE_WAR_MAGE">		
		<supports>Replicate Magic Item Option</supports>
		<description>
			<p>Using this infusion, you can replicate a Ruby of the War Mage.</p>
			<div class="reference">
				<div element="ID_WOTC_XGTE_MAGIC_ITEM_RUBY_OF_THE_WAR_MAGE" />
			</div>
		</description>
		<sheet>
			<description>Using this infusion, you can replicate a Ruby of the War Mage.</description>
		</sheet>		
	</element>
	<element name="Shield of Expression" type="Class Feature" source="Xanathar’s Guide to Everything" id="ID_WOTC_ERLW_CLASS_FEATURE_ARTIFICER_INFUSION_REPLICATE_MAGIC_ITEM_OPTION_SHIELD_OF_EXPRESSION">		
		<supports>Replicate Magic Item Option</supports>
		<description>
			<p>Using this infusion, you can replicate a Shield of Expression.</p>
			<div class="reference">
				<div element="ID_WOTC_XGTE_MAGIC_ITEM_SHIELD_OF_EXPRESSION" />
			</div>
		</description>
		<sheet>
			<description>Using this infusion, you can replicate a Shield of Expression.</description>
		</sheet>		
	</element>
	<element name="Smoldering Armor" type="Class Feature" source="Xanathar’s Guide to Everything" id="ID_WOTC_ERLW_CLASS_FEATURE_ARTIFICER_INFUSION_REPLICATE_MAGIC_ITEM_OPTION_SMOLDERING_ARMOR">		
		<supports>Replicate Magic Item Option</supports>
		<description>
			<p>Using this infusion, you can replicate a Smoldering Armor.</p>
			<div class="reference">
				<div element="ID_WOTC_XGTE_MAGIC_ITEM_SMOLDERING_ARMOR" />
			</div>
		</description>
		<sheet>
			<description>Using this infusion, you can replicate a Smoldering Armor.</description>
		</sheet>		
	</element>
	<element name="Staff of Adornment" type="Class Feature" source="Xanathar’s Guide to Everything" id="ID_WOTC_ERLW_CLASS_FEATURE_ARTIFICER_INFUSION_REPLICATE_MAGIC_ITEM_OPTION_STAFF_OF_ADORNMENT">		
		<supports>Replicate Magic Item Option</supports>
		<description>
			<p>Using this infusion, you can replicate a Staff of Adornment.</p>
			<div class="reference">
				<div element="ID_WOTC_XGTE_MAGIC_ITEM_STAFF_OF_ADORNMENT" />
			</div>
		</description>
		<sheet>
			<description>Using this infusion, you can replicate a Staff of Adornment.</description>
		</sheet>		
	</element>
	<element name="Staff of Birdcalls" type="Class Feature" source="Xanathar’s Guide to Everything" id="ID_WOTC_ERLW_CLASS_FEATURE_ARTIFICER_INFUSION_REPLICATE_MAGIC_ITEM_OPTION_STAFF_OF_BIRDCALLS">		
		<supports>Replicate Magic Item Option</supports>
		<description>
			<p>Using this infusion, you can replicate a Staff of Birdcalls.</p>
			<div class="reference">
				<div element="ID_WOTC_XGTE_MAGIC_ITEM_STAFF_OF_BIRDCALLS" />
			</div>
		</description>
		<sheet>
			<description>Using this infusion, you can replicate a Staff of Birdcalls.</description>
		</sheet>		
	</element>
	<element name="Staff of Flowers" type="Class Feature" source="Xanathar’s Guide to Everything" id="ID_WOTC_ERLW_CLASS_FEATURE_ARTIFICER_INFUSION_REPLICATE_MAGIC_ITEM_OPTION_STAFF_OF_FLOWERS">		
		<supports>Replicate Magic Item Option</supports>
		<description>
			<p>Using this infusion, you can replicate a Staff of Flowers.</p>
			<div class="reference">
				<div element="ID_WOTC_XGTE_MAGIC_ITEM_STAFF_OF_FLOWERS" />
			</div>
		</description>
		<sheet>
			<description>Using this infusion, you can replicate a Staff of Flowers.</description>
		</sheet>		
	</element>
	<element name="Talking Doll" type="Class Feature" source="Xanathar’s Guide to Everything" id="ID_WOTC_ERLW_CLASS_FEATURE_ARTIFICER_INFUSION_REPLICATE_MAGIC_ITEM_OPTION_TALKING_DOLL">		
		<supports>Replicate Magic Item Option</supports>
		<description>
			<p>Using this infusion, you can replicate a Talking Doll.</p>
			<div class="reference">
				<div element="ID_WOTC_XGTE_MAGIC_ITEM_TALKING_DOLL" />
			</div>
		</description>
		<sheet>
			<description>Using this infusion, you can replicate a Talking Doll.</description>
		</sheet>		
	</element>
	<element name="Tankard of Sobriety" type="Class Feature" source="Xanathar’s Guide to Everything" id="ID_WOTC_ERLW_CLASS_FEATURE_ARTIFICER_INFUSION_REPLICATE_MAGIC_ITEM_OPTION_TANKARD_OF_SOBRIETY">		
		<supports>Replicate Magic Item Option</supports>
		<description>
			<p>Using this infusion, you can replicate a Tankard of Sobriety.</p>
			<div class="reference">
				<div element="ID_WOTC_XGTE_MAGIC_ITEM_TANKARD_OF_SOBRIETY" />
			</div>
		</description>
		<sheet>
			<description>Using this infusion, you can replicate a Tankard of Sobriety.</description>
		</sheet>		
	</element>
	<element name="Unbreakable Arrow" type="Class Feature" source="Xanathar’s Guide to Everything" id="ID_WOTC_ERLW_CLASS_FEATURE_ARTIFICER_INFUSION_REPLICATE_MAGIC_ITEM_OPTION_UNBREAKABLE_ARROW">		
		<supports>Replicate Magic Item Option</supports>
		<description>
			<p>Using this infusion, you can replicate an Unbreakable Arrow.</p>
			<div class="reference">
				<div element="ID_WOTC_XGTE_MAGIC_ITEM_UNBREAKABLE_ARROW" />
			</div>
		</description>
		<sheet>
			<description>Using this infusion, you can replicate an Unbreakable Arrow.</description>
		</sheet>		
	</element>
	<element name="Veteran’s Cane" type="Class Feature" source="Xanathar’s Guide to Everything" id="ID_WOTC_ERLW_CLASS_FEATURE_ARTIFICER_INFUSION_REPLICATE_MAGIC_ITEM_OPTION_VETERANS_CANE">		
		<supports>Replicate Magic Item Option</supports>
		<description>
			<p>Using this infusion, you can replicate a Veteran’s Cane.</p>
			<div class="reference">
				<div element="ID_WOTC_XGTE_MAGIC_ITEM_VETERANS_CANE" />
			</div>
		</description>
		<sheet>
			<description>Using this infusion, you can replicate a Veteran’s Cane.</description>
		</sheet>		
	</element>
	<element name="Walloping Ammunition" type="Class Feature" source="Xanathar’s Guide to Everything" id="ID_WOTC_ERLW_CLASS_FEATURE_ARTIFICER_INFUSION_REPLICATE_MAGIC_ITEM_OPTION_WALLOPING_AMMUNITION">		
		<supports>Replicate Magic Item Option</supports>
		<description>
			<p>Using this infusion, you can replicate a Walloping Ammunition.</p>
			<div class="reference">
				<div element="ID_WOTC_XGTE_MAGIC_ITEM_WALLOPING_AMMUNITION" />
			</div>
		</description>
		<sheet>
			<description>Using this infusion, you can replicate a Walloping Ammunition.</description>
		</sheet>		
	</element>
	<element name="Wand of Conducting" type="Class Feature" source="Xanathar’s Guide to Everything" id="ID_WOTC_ERLW_CLASS_FEATURE_ARTIFICER_INFUSION_REPLICATE_MAGIC_ITEM_OPTION_WAND_OF_CONDUCTING">		
		<supports>Replicate Magic Item Option</supports>
		<description>
			<p>Using this infusion, you can replicate a Wand of Conducting.</p>
			<div class="reference">
				<div element="ID_WOTC_XGTE_MAGIC_ITEM_WAND_OF_CONDUCTING" />
			</div>
		</description>
		<sheet>
			<description>Using this infusion, you can replicate a Wand of Conducting.</description>
		</sheet>		
	</element>
	<element name="Wand of Pyrotechnics" type="Class Feature" source="Xanathar’s Guide to Everything" id="ID_WOTC_ERLW_CLASS_FEATURE_ARTIFICER_INFUSION_REPLICATE_MAGIC_ITEM_OPTION_WAND_OF_PYROTECHNICS">		
		<supports>Replicate Magic Item Option</supports>
		<description>
			<p>Using this infusion, you can replicate a Wand of Pyrotechnics.</p>
			<div class="reference">
				<div element="ID_WOTC_XGTE_MAGIC_ITEM_WAND_OF_PYROTECHNICS" />
			</div>
		</description>
		<sheet>
			<description>Using this infusion, you can replicate a Wand of Pyrotechnics.</description>
		</sheet>		
	</element>
	<element name="Wand of Scowls" type="Class Feature" source="Xanathar’s Guide to Everything" id="ID_WOTC_ERLW_CLASS_FEATURE_ARTIFICER_INFUSION_REPLICATE_MAGIC_ITEM_OPTION_WAND_OF_SCOWLS">		
		<supports>Replicate Magic Item Option</supports>
		<description>
			<p>Using this infusion, you can replicate a Wand of Scowls.</p>
			<div class="reference">
				<div element="ID_WOTC_XGTE_MAGIC_ITEM_WAND_OF_SCOWLS" />
			</div>
		</description>
		<sheet>
			<description>Using this infusion, you can replicate a Wand of Scowls.</description>
		</sheet>		
	</element>
	<element name="Wand of Smiles" type="Class Feature" source="Xanathar’s Guide to Everything" id="ID_WOTC_ERLW_CLASS_FEATURE_ARTIFICER_INFUSION_REPLICATE_MAGIC_ITEM_OPTION_WAND_OF_SMILES">		
		<supports>Replicate Magic Item Option</supports>
		<description>
			<p>Using this infusion, you can replicate a Wand of Smiles.</p>
			<div class="reference">
				<div element="ID_WOTC_XGTE_MAGIC_ITEM_WAND_OF_SMILES" />
			</div>
		</description>
		<sheet>
			<description>Using this infusion, you can replicate a Wand of Smiles.</description>
		</sheet>		
	</element>

</elements>